999
LibreDWG 0.14.8597
  0
SECTION
  2
HEADER
  9
$ACADVER
  1
AC1032
  9
$ACADMAINTVER
 90
       55
  9
$DWGCODEPAGE
  3
ANSI_1252
  9
$LASTSAVEDBY
  1
jonmi
  9
$REQUIREDVERSIONS
160
           0
  9
$INSBASE
 10
0.0
 20
0.0
 30
0.0
  9
$EXTMIN
 10
-864.0000244140623
 20
-576.0000000000003
 30
0.0
  9
$EXTMAX
 10
863.9999755859377
 20
576.0000000000003
 30
0.0
  9
$LIMMIN
 10
-864.0000244140623
 20
-576.0000000000003
  9
$LIMMAX
 10
863.9999755859377
 20
576.0000000000003
  9
$ORTHOMODE
 70
     0
  9
$REGENMODE
 70
     1
  9
$FILLMODE
 70
     1
  9
$QTEXTMODE
 70
     0
  9
$MIRRTEXT
 70
     1
  9
$LTSCALE
 40
1.0
  9
$ATTMODE
 70
     1
  9
$TEXTSIZE
 40
0.2
  9
$TRACEWID
 40
0.05
  9
$TEXTSTYLE
  7
Standard
  9
$CLAYER
  8
1.2FILL
  9
$CELTYPE
  6
Continuous
  9
$CECOLOR
 62
     0
  9
$CELTSCALE
 40
1.0
  9
$DISPSILH
 70
     0
  9
$DIMSCALE
 40
1.0
  9
$DIMASZ
 40
0.18
  9
$DIMEXO
 40
0.0625
  9
$DIMDLI
 40
0.38
  9
$DIMRND
 40
0.0
  9
$DIMDLE
 40
0.0
  9
$DIMEXE
 40
0.18
  9
$DIMTP
 40
0.0
  9
$DIMTM
 40
0.0
  9
$DIMTXT
 40
0.18
  9
$DIMCEN
 40
0.09
  9
$DIMTSZ
 40
0.0
  9
$DIMTOL
 70
     0
  9
$DIMLIM
 70
     0
  9
$DIMTIH
 70
     1
  9
$DIMTOH
 70
     1
  9
$DIMSE1
 70
     0
  9
$DIMSE2
 70
     0
  9
$DIMTAD
 70
     0
  9
$DIMZIN
 70
     0
  9
$DIMBLK
  1

  9
$DIMASO
 70
     1
  9
$DIMSHO
 70
     1
  9
$DIMPOST
  1

  9
$DIMAPOST
  1

  9
$DIMALT
 70
     0
  9
$DIMALTD
 70
     2
  9
$DIMALTF
 40
25.4
  9
$DIMLFAC
 40
1.0
  9
$DIMTOFL
 70
     0
  9
$DIMTVP
 40
0.0
  9
$DIMTIX
 70
     0
  9
$DIMSOXD
 70
     0
  9
$DIMSAH
 70
     0
  9
$DIMBLK1
  1

  9
$DIMBLK2
  1

  9
$DIMSTYLE
  2
Standard
  9
$DIMCLRD
 70
     0
  9
$DIMCLRE
 70
     0
  9
$DIMCLRT
 70
     0
  9
$DIMTFAC
 40
1.0
  9
$DIMGAP
 40
0.09
  9
$DIMJUST
 70
     0
  9
$DIMSD1
 70
     0
  9
$DIMSD2
 70
     0
  9
$DIMTOLJ
 70
     1
  9
$DIMTZIN
 70
     0
  9
$DIMALTZ
 70
     0
  9
$DIMALTTZ
 70
     0
  9
$DIMUPT
 70
     0
  9
$DIMDEC
 70
     4
  9
$DIMTDEC
 70
     4
  9
$DIMALTU
 70
     2
  9
$DIMALTTD
 70
     2
  9
$DIMTXSTY
  7
Standard
  9
$DIMAUNIT
 70
     0
  9
$DIMADEC
 70
     0
  9
$DIMALTRND
 40
0.0
  9
$DIMAZIN
 70
     0
  9
$DIMDSEP
 70
     0
  9
$DIMATFIT
 70
     3
  9
$DIMFRAC
 70
     0
  9
$DIMLDRBLK
  1

  9
$DIMLUNIT
 70
     4
  9
$DIMLWD
 70
     0
  9
$DIMLWE
 70
     0
  9
$DIMTMOVE
 70
     0
  9
$DIMFXL
 40
1.0
  9
$DIMFXLON
 70
     0
  9
$DIMJOGANG
 40
0.7853981633974483
  9
$DIMTFILL
 70
     0
  9
$DIMTFILLCLR
 70
     0
  9
$DIMARCSYM
 70
     0
  9
$DIMLTYPE
  6

  9
$DIMLTEX1
  6

  9
$DIMLTEX2
  6

  9
$DIMTXTDIRECTION
 70
     0
  9
$LUNITS
 70
     4
  9
$LUPREC
 70
     5
  9
$AXISMODE
 70
     0
  9
$AXISUNIT
 10
0.0
 20
0.0
  9
$SKETCHINC
 40
0.1
  9
$FILLETRAD
 40
0.0
  9
$AUNITS
 70
     0
  9
$AUPREC
 70
     0
  9
$MENU
  1
a
  9
$ELEVATION
 40
0.0
  9
$PELEVATION
 40
0.0
  9
$THICKNESS
 40
0.0
  9
$LIMCHECK
 70
     0
  9
$CHAMFERA
 40
0.0
  9
$CHAMFERB
 40
0.0
  9
$CHAMFERC
 40
0.0
  9
$CHAMFERD
 40
0.0
  9
$SKPOLY
 70
     0
  9
$TDCREATE
 40
0.000000000
  9
$TDUCREATE
 40
0.000000000
  9
$TDUPDATE
 40
2461305.766224850
  9
$TDUUPDATE
 40
2461305.766224850
  9
$TDINDWG
 40
0.000000000
  9
$TDUSRTIMER
 40
0.000000000
  9
$USRTIMER
 70
     1
  9
$ANGBASE
 50
0.0
  9
$ANGDIR
 70
     0
  9
$PDMODE
 70
     0
  9
$PDSIZE
 40
0.0
  9
$PLINEWID
 40
0.0
  9
$SPLFRAME
 70
     0
  9
$SPLINETYPE
 70
     6
  9
$SPLINESEGS
 70
     8
  9
$HANDSEED
  5
BBD
  9
$SURFTAB1
 70
     6
  9
$SURFTAB2
 70
     6
  9
$SURFTYPE
 70
     6
  9
$SURFU
 70
     6
  9
$SURFV
 70
     6
  9
$UCSBASE
  2

  9
$UCSORG
 10
0.0
 20
0.0
 30
0.0
  9
$UCSXDIR
 10
1.0
 20
0.0
 30
0.0
  9
$UCSYDIR
 10
0.0
 20
1.0
 30
0.0
  9
$UCSORTHOREF
  2

  9
$UCSORTHOVIEW
 70
     0
  9
$UCSORGTOP
 10
0.0
 20
0.0
 30
0.0
  9
$UCSORGBOTTOM
 10
0.0
 20
0.0
 30
0.0
  9
$UCSORGLEFT
 10
0.0
 20
0.0
 30
0.0
  9
$UCSORGRIGHT
 10
0.0
 20
0.0
 30
0.0
  9
$UCSORGFRONT
 10
0.0
 20
0.0
 30
0.0
  9
$UCSORGBACK
 10
0.0
 20
0.0
 30
0.0
  9
$PUCSBASE
  2

  9
$PUCSORG
 10
0.0
 20
0.0
 30
0.0
  9
$PUCSXDIR
 10
1.0
 20
0.0
 30
0.0
  9
$PUCSYDIR
 10
0.0
 20
1.0
 30
0.0
  9
$PUCSORTHOREF
  2

  9
$PUCSORTHOVIEW
 70
     0
  9
$PUCSORGTOP
 10
0.0
 20
0.0
 30
0.0
  9
$PUCSORGBOTTOM
 10
0.0
 20
0.0
 30
0.0
  9
$PUCSORGLEFT
 10
0.0
 20
0.0
 30
0.0
  9
$PUCSORGRIGHT
 10
0.0
 20
0.0
 30
0.0
  9
$PUCSORGFRONT
 10
0.0
 20
0.0
 30
0.0
  9
$PUCSORGBACK
 10
0.0
 20
0.0
 30
0.0
  9
$USERI1
 70
     0
  9
$USERI2
 70
     0
  9
$USERI3
 70
     0
  9
$USERI4
 70
     0
  9
$USERI5
 70
     0
  9
$USERR1
 40
0.0
  9
$USERR2
 40
0.0
  9
$USERR3
 40
0.0
  9
$USERR4
 40
0.0
  9
$USERR5
 40
0.0
  9
$WORLDVIEW
 70
     1
  9
$SHADEDGE
 70
     3
  9
$SHADEDIF
 70
    70
  9
$TILEMODE
 70
     1
  9
$MAXACTVP
 70
    16
  9
$PINSBASE
 10
0.0
 20
0.0
 30
0.0
  9
$PLIMCHECK
 70
     0
  9
$PEXTMIN
 10
1E+20
 20
1E+20
 30
1E+20
  9
$PEXTMAX
 10
-1E+20
 20
-1E+20
 30
-1E+20
  9
$PLIMMIN
 10
0.0
 20
0.0
  9
$PLIMMAX
 10
12.0
 20
9.0
  9
$UNITMODE
 70
     0
  9
$VISRETAIN
 70
     1
  9
$PLINEGEN
 70
     1
  9
$PSLTSCALE
 70
     0
  9
$TREEDEPTH
 70
  3020
  9
$CMLSTYLE
  2
S
  9
$CMLJUST
 70
     0
  9
$CMLSCALE
 40
1.0
  9
$PROXYGRAPHICS
 70
     0
  9
$MEASUREMENT
 70
     0
  9
$CELWEIGHT
370
     0
  9
$ENDCAPS
280
     0
  9
$JOINSTYLE
280
     0
  9
$LWDISPLAY
290
     0
  9
$INSUNITS
 70
     0
  9
$HYPERLINKBASE
  1

  9
$STYLESHEET
  1

  9
$XEDIT
290
     1
  9
$CEPSNTYPE
380
     0
  9
$PSTYLEMODE
290
     1
  9
$FINGERPRINTGUID
  2

  9
$VERSIONGUID
  2

  9
$EXTNAMES
290
     1
  9
$PSVPSCALE
 40
0.0
  9
$OLESTARTUP
290
     0
  9
$SORTENTS
280
   127
  9
$INDEXCTL
280
     0
  9
$HIDETEXT
280
     1
  9
$XCLIPFRAME
280
     2
  9
$HALOGAP
280
     0
  9
$OBSCOLOR
 70
   257
  9
$OBSLTYPE
280
     0
  9
$INTERSECTIONDISPLAY
280
     0
  9
$INTERSECTIONCOLOR
 70
   257
  9
$DIMASSOC
280
     2
  9
$PROJECTNAME
  1

  9
$CAMERADISPLAY
290
     0
  9
$LENSLENGTH
 40
50.0
  9
$CAMERAHEIGHT
 40
0.0
  9
$STEPSPERSEC
 40
2.0
  9
$STEPSIZE
 40
6.0
  9
$3DDWFPREC
 40
2.0
  9
$PSOLWIDTH
 40
0.25
  9
$PSOLHEIGHT
 40
4.0
  9
$LOFTANG1
 40
1.570796326794897
  9
$LOFTANG2
 40
1.570796326794897
  9
$LOFTMAG1
 40
0.0
  9
$LOFTMAG2
 40
0.0
  9
$LOFTPARAM
 70
     7
  9
$LOFTNORMALS
280
     1
  9
$LATITUDE
 40
37.795
  9
$LONGITUDE
 40
-122.394
  9
$NORTHDIRECTION
 40
0.0
  9
$TIMEZONE
 70
 -8000
  9
$LIGHTGLYPHDISPLAY
280
     1
  9
$TILEMODELIGHTSYNCH
280
     1
  9
$CMATERIAL
347
BAE
  9
$SOLIDHIST
280
     0
  9
$SHOWHIST
280
     1
  9
$DWFFRAME
280
     2
  9
$DGNFRAME
280
     2
  9
$REALWORLDSCALE
290
     1
  9
$INTERFERECOLOR
 62
     0
  9
$CSHADOW
280
     0
  9
$SHADOWPLANELOCATION
 40
0.0
  0
ENDSEC
  0
SECTION
  2
CLASSES
  0
CLASS
  1
LWPOLYLINE
  2
AcDbPolyline
  3
ObjectDBX Classes
 90
        0
 91
        0
280
     0
281
     1
  0
CLASS
  1
IMAGE
  2
AcDbRasterImage
  3
ISM
 90
      127
 91
        0
280
     0
281
     1
  0
CLASS
  1
OLE2FRAME
  2
AcDbOle2Frame
  3
ObjectDBX Classes
 90
        0
 91
        0
280
     0
281
     1
  0
CLASS
  1
HATCH
  2
AcDbHatch
  3
ObjectDBX Classes
 90
        0
 91
        0
280
     0
281
     1
  0
CLASS
  1
DICTIONARYVAR
  2
AcDbDictionaryVar
  3
ObjectDBX Classes
 90
        0
 91
        5
280
     0
281
     0
  0
CLASS
  1
RASTERVARIABLES
  2
AcDbRasterVariables
  3
ISM
 90
        0
 91
        0
280
     0
281
     0
  0
CLASS
  1
IMAGEDEF
  2
AcDbRasterImageDef
  3
ISM
 90
        0
 91
        0
280
     0
281
     0
  0
CLASS
  1
IMAGEDEF_REACTOR
  2
AcDbRasterImageDefReactor
  3
ISM
 90
        1
 91
        0
280
     0
281
     0
  0
CLASS
  1
IDBUFFER
  2
AcDbIdBuffer
  3
ObjectDBX Classes
 90
        0
 91
        0
280
     0
281
     0
  0
CLASS
  1
SPATIAL_FILTER
  2
AcDbSpatialFilter
  3
ObjectDBX Classes
 90
        0
 91
        0
280
     0
281
     0
  0
CLASS
  1
XRECORD
  2
AcDbXrecord
  3
ObjectDBX Classes
 90
        0
 91
        0
280
     0
281
     0
  0
CLASS
  1
SORTENTSTABLE
  2
AcDbSortentsTable
  3
ObjectDBX Classes
 90
        0
 91
        0
280
     0
281
     0
  0
CLASS
  1
LAYER_INDEX
  2
AcDbLayerIndex
  3
ObjectDBX Classes
 90
        0
 91
        0
280
     0
281
     0
  0
CLASS
  1
SPATIAL_INDEX
  2
AcDbSpatialIndex
  3
AutoCAD 2000
 90
        0
 91
        0
280
     0
281
     0
  0
CLASS
  1
OBJECT_PTR
  2
CAseDLPNTableRecord
  3
ASE-LPNTableRecord
 90
        1
 91
        0
280
     0
281
     0
  0
CLASS
  1
PLOTSETTINGS
  2
AcDbPlotSettings
  3
ObjectDBX Classes
 90
        0
 91
        0
280
     0
281
     0
  0
CLASS
  1
ACDBDICTIONARYWDFLT
  2
AcDbDictionaryWithDefault
  3
ObjectDBX Classes
 90
        0
 91
        1
280
     0
281
     0
  0
CLASS
  1
VBA_PROJECT
  2
AcDbVbaProject
  3
ObjectDBX Classes
 90
        0
 91
        0
280
     0
281
     0
  0
CLASS
  1
WIPEOUT
  2
AcDbWipeout
  3
WipeOut|AutoCAD Express Tool|expresstools@autodesk.com
 90
      127
 91
        3
280
     0
281
     1
  0
CLASS
  1
WIPEOUTVARIABLES
  2
AcDbWipeoutVariables
  3
WipeOut|AutoCAD Express Tool|expresstools@autodesk.com
 90
        0
 91
        1
280
     0
281
     0
  0
CLASS
  1
RTEXT
  2
RText
  3
RText|AutoCAD Express Tool|expresstools@autodesk.com
 90
        0
 91
        0
280
     0
281
     1
  0
CLASS
  1
ARCALIGNEDTEXT
  2
AcDbArcAlignedText
  3
ATEXT|AutoCAD Express Tool|expresstools@autodesk.com
 90
        0
 91
        0
280
     0
281
     1
  0
CLASS
  1
VISUALSTYLE
  2
AcDbVisualStyle
  3
ObjectDBX Classes
 90
     4095
 91
       24
280
     0
281
     0
  0
CLASS
  1
SCALE
  2
AcDbScale
  3
ObjectDBX Classes
 90
     1153
 91
       17
280
     0
281
     0
  0
CLASS
  1
MATERIAL
  2
AcDbMaterial
  3
ObjectDBX Classes
 90
     1153
 91
        3
280
     0
281
     0
  0
CLASS
  1
TABLESTYLE
  2
AcDbTableStyle
  3
ObjectDBX Classes
 90
     4095
 91
        1
280
     0
281
     0
  0
CLASS
  1
MLEADERSTYLE
  2
AcDbMLeaderStyle
  3
ACDB_MLEADERSTYLE_CLASS
 90
     4095
 91
        1
280
     0
281
     0
  0
ENDSEC
  0
SECTION
  2
TABLES
  0
TABLE
  2
VPORT
  5
7
330
0
100
AcDbSymbolTable
 70
     1
  0
VPORT
  5
15
330
7
100
AcDbSymbolTableRecord
100
AcDbViewportTableRecord
  2
*Active
 70
     0
 10
0.0
 20
0.0
 11
1.0
 21
1.0
 12
6.591288
 22
4.579184
 13
0.0
 23
0.0
 14
1.0
 24
1.0
 15
0.0
 25
0.0
 16
0.0
 26
0.0
 36
1.0
 17
0.0
 27
0.0
 37
0.0
 40
9.158369
 41
0.688564
 42
50.0
 43
0.0
 44
0.0
 50
0.0
 51
0.0
 71
     0
 72
   100
 73
     1
 74
     1
 75
     0
 76
     0
 77
     0
 78
     0
281
     0
 65
     0
110
0.0
120
0.0
130
0.0
111
1.0
121
0.0
131
0.0
112
0.0
122
1.0
132
0.0
 79
     0
146
0.0
348
B87
 60
     3
 61
     5
292
     1
282
     1
141
0.0
142
0.0
 63
     0
  0
ENDTAB
  0
TABLE
  2
LTYPE
  5
4
330
0
100
AcDbSymbolTable
 70
     1
  0
LTYPE
  5
11
330
4
100
AcDbSymbolTableRecord
100
AcDbLinetypeTableRecord
  2
ByBlock
 70
     0
  3

 72
    65
 73
     0
 40
0.0
  0
LTYPE
  5
12
330
4
100
AcDbSymbolTableRecord
100
AcDbLinetypeTableRecord
  2
ByLayer
 70
     0
  3

 72
    65
 73
     0
 40
0.0
  0
LTYPE
  5
13
330
4
100
AcDbSymbolTableRecord
100
AcDbLinetypeTableRecord
  2
Continuous
 70
     0
  3
Solid line
 72
    65
 73
     0
 40
0.0
  0
ENDTAB
  0
TABLE
  2
LAYER
  5
2
330
0
100
AcDbSymbolTable
 70
    11
  0
LAYER
  5
14
330
2
100
AcDbSymbolTableRecord
100
AcDbLayerTableRecord
  2
0
 70
     0
 62
     7
  6
Continuous
370
    -3
390
1D
347
BB0
348
0
  0
LAYER
  5
24
330
2
100
AcDbSymbolTableRecord
100
AcDbLayerTableRecord
  2
BORDER
 70
     0
 62
     3
  6
Continuous
370
    -3
390
1D
347
BB0
348
0
  0
LAYER
  5
25
330
2
100
AcDbSymbolTableRecord
100
AcDbLayerTableRecord
  2
D+P LOGO
 70
     4
 62
     7
  6
Continuous
370
    -3
390
1D
347
BB0
348
0
  0
LAYER
  5
26
330
2
100
AcDbSymbolTableRecord
100
AcDbLayerTableRecord
  2
1.2DEMO
 70
     0
 62
     3
  6
Continuous
370
    -3
390
1D
347
BB0
348
0
  0
LAYER
  5
27
330
2
100
AcDbSymbolTableRecord
100
AcDbLayerTableRecord
  2
1.2FURN
 70
     0
 62
    11
  6
Continuous
370
    -3
390
1D
347
BB0
348
0
  0
LAYER
  5
28
330
2
100
AcDbSymbolTableRecord
100
AcDbLayerTableRecord
  2
1.2WALLS
 70
     0
 62
     1
  6
Continuous
370
    -3
390
1D
347
BB0
348
0
  0
LAYER
  5
29
330
2
100
AcDbSymbolTableRecord
100
AcDbLayerTableRecord
  2
1.2DRWDWS
 70
     0
 62
     3
  6
Continuous
370
    -3
390
1D
347
BB0
348
0
  0
LAYER
  5
2A
330
2
100
AcDbSymbolTableRecord
100
AcDbLayerTableRecord
  2
1.2FILL
 70
     0
 62
     7
  6
Continuous
370
    -3
390
1D
347
BB0
348
0
  0
LAYER
  5
2B
330
2
100
AcDbSymbolTableRecord
100
AcDbLayerTableRecord
  2
1.2NOTES
 70
     0
 62
     3
  6
Continuous
370
    -3
390
1D
347
BB0
348
0
  0
LAYER
  5
2C
330
2
100
AcDbSymbolTableRecord
100
AcDbLayerTableRecord
  2
1.2RMNAMES
 70
     0
 62
     3
  6
Continuous
370
    -3
390
1D
347
BB0
348
0
  0
LAYER
  5
2D
330
2
100
AcDbSymbolTableRecord
100
AcDbLayerTableRecord
  2
2.1FILL
 70
     0
 62
     1
  6
Continuous
370
    -3
390
1D
347
BB0
348
0
  0
ENDTAB
  0
TABLE
  2
STYLE
  5
3
330
0
100
AcDbSymbolTable
 70
    78
  0
STYLE
  5
17
330
3
100
AcDbSymbolTableRecord
100
AcDbTextStyleTableRecord
  2
Standard
 70
     0
 40
0.0
 41
1.0
 50
0.0
 71
     0
 42
0.0
  3
txt
  4

  0
STYLE
  5
2F
330
3
100
AcDbSymbolTableRecord
100
AcDbTextStyleTableRecord
  2
DCADTXTSTYLE1
 70
     0
 40
0.0
 41
1.0
 50
0.0
 71
     0
 42
0.0
  3
ARIAL NARROW
  4

  0
STYLE
  5
31
330
3
100
AcDbSymbolTableRecord
100
AcDbTextStyleTableRecord
  2
DCADTXTSTYLE2
 70
     0
 40
0.0
 41
1.0
 50
0.0
 71
     0
 42
0.0
  3
ARIAL NARROW
  4

  0
STYLE
  5
33
330
3
100
AcDbSymbolTableRecord
100
AcDbTextStyleTableRecord
  2
DCADTXTSTYLE3
 70
     0
 40
0.0
 41
1.0
 50
0.0
 71
     0
 42
0.0
  3
ARIAL NARROW
  4

  0
STYLE
  5
35
330
3
100
AcDbSymbolTableRecord
100
AcDbTextStyleTableRecord
  2
DCADTXTSTYLE4
 70
     0
 40
0.0
 41
1.0
 50
0.0
 71
     0
 42
0.0
  3
ARIAL NARROW
  4

  0
STYLE
  5
38
330
3
100
AcDbSymbolTableRecord
100
AcDbTextStyleTableRecord
  2
DCADTXTSTYLE5
 70
     0
 40
0.0
 41
1.0
 50
0.0
 71
     0
 42
0.0
  3
ARIAL NARROW
  4

  0
STYLE
  5
3B
330
3
100
AcDbSymbolTableRecord
100
AcDbTextStyleTableRecord
  2
DCADTXTSTYLE6
 70
     0
 40
0.0
 41
1.0
 50
0.0
 71
     0
 42
0.0
  3
ARIAL NARROW
  4

  0
STYLE
  5
3D
330
3
100
AcDbSymbolTableRecord
100
AcDbTextStyleTableRecord
  2
DCADTXTSTYLE7
 70
     0
 40
0.0
 41
1.0
 50
0.0
 71
     0
 42
0.0
  3
ARIAL NARROW
  4

  0
STYLE
  5
40
330
3
100
AcDbSymbolTableRecord
100
AcDbTextStyleTableRecord
  2
DCADTXTSTYLE8
 70
     0
 40
0.0
 41
1.0
 50
0.0
 71
     0
 42
0.0
  3
ARIAL NARROW
  4

  0
STYLE
  5
42
330
3
100
AcDbSymbolTableRecord
100
AcDbTextStyleTableRecord
  2
DCADTXTSTYLE9
 70
     0
 40
0.0
 41
1.0
 50
0.0
 71
     0
 42
0.0
  3
ARIAL BLACK
  4

  0
STYLE
  5
6C
330
3
100
AcDbSymbolTableRecord
100
AcDbTextStyleTableRecord
  2
DCADTXTSTYLE10
 70
     0
 40
0.0
 41
1.0
 50
0.0
 71
     0
 42
0.0
  3
BLAKELY
  4

  0
STYLE
  5
6E
330
3
100
AcDbSymbolTableRecord
100
AcDbTextStyleTableRecord
  2
DCADTXTSTYLE11
 70
     0
 40
0.0
 41
1.0
 50
0.0
 71
     0
 42
0.0
  3
BLAKELY
  4

  0
STYLE
  5
70
330
3
100
AcDbSymbolTableRecord
100
AcDbTextStyleTableRecord
  2
DCADTXTSTYLE12
 70
     0
 40
0.0
 41
1.0
 50
0.0
 71
     0
 42
0.0
  3
CENTURY GOTHIC
  4

  0
STYLE
  5
72
330
3
100
AcDbSymbolTableRecord
100
AcDbTextStyleTableRecord
  2
DCADTXTSTYLE13
 70
     0
 40
0.0
 41
1.0
 50
0.0
 71
     0
 42
0.0
  3
CENTURY GOTHIC
  4

  0
STYLE
  5
74
330
3
100
AcDbSymbolTableRecord
100
AcDbTextStyleTableRecord
  2
DCADTXTSTYLE14
 70
     0
 40
0.0
 41
1.0
 50
0.0
 71
     0
 42
0.0
  3
CENTURY GOTHIC
  4

  0
STYLE
  5
76
330
3
100
AcDbSymbolTableRecord
100
AcDbTextStyleTableRecord
  2
DCADTXTSTYLE15
 70
     0
 40
0.0
 41
1.0
 50
0.0
 71
     0
 42
0.0
  3
CENTURY GOTHIC
  4

  0
STYLE
  5
925
330
3
100
AcDbSymbolTableRecord
100
AcDbTextStyleTableRecord
  2
DCADTXTSTYLE16
 70
     0
 40
0.0
 41
1.0
 50
0.0
 71
     0
 42
0.0
  3
ARIAL NARROW
  4

  0
STYLE
  5
928
330
3
100
AcDbSymbolTableRecord
100
AcDbTextStyleTableRecord
  2
DCADTXTSTYLE17
 70
     0
 40
0.0
 41
1.0
 50
0.0
 71
     0
 42
0.0
  3
ARIAL NARROW
  4

  0
STYLE
  5
92B
330
3
100
AcDbSymbolTableRecord
100
AcDbTextStyleTableRecord
  2
DCADTXTSTYLE18
 70
     0
 40
0.0
 41
1.0
 50
0.0
 71
     0
 42
0.0
  3
ARIAL NARROW
  4

  0
STYLE
  5
933
330
3
100
AcDbSymbolTableRecord
100
AcDbTextStyleTableRecord
  2
DCADTXTSTYLE19
 70
     0
 40
0.0
 41
1.0
 50
0.0
 71
     0
 42
0.0
  3
ARIAL NARROW
  4

  0
STYLE
  5
9F4
330
3
100
AcDbSymbolTableRecord
100
AcDbTextStyleTableRecord
  2
DCADTXTSTYLE20
 70
     0
 40
0.0
 41
1.0
 50
0.0
 71
     0
 42
0.0
  3
ARIAL NARROW
  4

  0
STYLE
  5
9F8
330
3
100
AcDbSymbolTableRecord
100
AcDbTextStyleTableRecord
  2
DCADTXTSTYLE21
 70
     0
 40
0.0
 41
1.0
 50
0.0
 71
     0
 42
0.0
  3
ARIAL NARROW
  4

  0
STYLE
  5
9FC
330
3
100
AcDbSymbolTableRecord
100
AcDbTextStyleTableRecord
  2
DCADTXTSTYLE22
 70
     0
 40
0.0
 41
1.0
 50
0.0
 71
     0
 42
0.0
  3
ARIAL NARROW
  4

  0
STYLE
  5
9FE
330
3
100
AcDbSymbolTableRecord
100
AcDbTextStyleTableRecord
  2
DCADTXTSTYLE23
 70
     0
 40
0.0
 41
1.0
 50
0.0
 71
     0
 42
0.0
  3
ARIAL NARROW
  4

  0
STYLE
  5
A00
330
3
100
AcDbSymbolTableRecord
100
AcDbTextStyleTableRecord
  2
DCADTXTSTYLE24
 70
     0
 40
0.0
 41
1.0
 50
0.0
 71
     0
 42
0.0
  3
ARIAL NARROW
  4

  0
STYLE
  5
A72
330
3
100
AcDbSymbolTableRecord
100
AcDbTextStyleTableRecord
  2
DCADTXTSTYLE25
 70
     0
 40
0.0
 41
1.0
 50
0.0
 71
     0
 42
0.0
  3
ARIAL NARROW
  4

  0
STYLE
  5
A74
330
3
100
AcDbSymbolTableRecord
100
AcDbTextStyleTableRecord
  2
DCADTXTSTYLE26
 70
     0
 40
0.0
 41
1.0
 50
0.0
 71
     0
 42
0.0
  3
ARIAL NARROW
  4

  0
STYLE
  5
A77
330
3
100
AcDbSymbolTableRecord
100
AcDbTextStyleTableRecord
  2
DCADTXTSTYLE27
 70
     0
 40
0.0
 41
1.0
 50
0.0
 71
     0
 42
0.0
  3
ARIAL NARROW
  4

  0
STYLE
  5
A79
330
3
100
AcDbSymbolTableRecord
100
AcDbTextStyleTableRecord
  2
DCADTXTSTYLE28
 70
     0
 40
0.0
 41
1.0
 50
0.0
 71
     0
 42
0.0
  3
ARIAL NARROW
  4

  0
STYLE
  5
A7B
330
3
100
AcDbSymbolTableRecord
100
AcDbTextStyleTableRecord
  2
DCADTXTSTYLE29
 70
     0
 40
0.0
 41
1.0
 50
0.0
 71
     0
 42
0.0
  3
ARIAL NARROW
  4

  0
STYLE
  5
A7D
330
3
100
AcDbSymbolTableRecord
100
AcDbTextStyleTableRecord
  2
DCADTXTSTYLE30
 70
     0
 40
0.0
 41
1.0
 50
0.0
 71
     0
 42
0.0
  3
ARIAL NARROW
  4

  0
STYLE
  5
A7F
330
3
100
AcDbSymbolTableRecord
100
AcDbTextStyleTableRecord
  2
DCADTXTSTYLE31
 70
     0
 40
0.0
 41
1.0
 50
0.0
 71
     0
 42
0.0
  3
ARIAL NARROW
  4

  0
STYLE
  5
A81
330
3
100
AcDbSymbolTableRecord
100
AcDbTextStyleTableRecord
  2
DCADTXTSTYLE32
 70
     0
 40
0.0
 41
1.0
 50
0.0
 71
     0
 42
0.0
  3
ARIAL NARROW
  4

  0
STYLE
  5
A83
330
3
100
AcDbSymbolTableRecord
100
AcDbTextStyleTableRecord
  2
DCADTXTSTYLE33
 70
     0
 40
0.0
 41
1.0
 50
0.0
 71
     0
 42
0.0
  3
ARIAL NARROW
  4

  0
STYLE
  5
A85
330
3
100
AcDbSymbolTableRecord
100
AcDbTextStyleTableRecord
  2
DCADTXTSTYLE34
 70
     0
 40
0.0
 41
1.0
 50
0.0
 71
     0
 42
0.0
  3
ARIAL NARROW
  4

  0
STYLE
  5
A87
330
3
100
AcDbSymbolTableRecord
100
AcDbTextStyleTableRecord
  2
DCADTXTSTYLE35
 70
     0
 40
0.0
 41
1.0
 50
0.0
 71
     0
 42
0.0
  3
ARIAL NARROW
  4

  0
STYLE
  5
A89
330
3
100
AcDbSymbolTableRecord
100
AcDbTextStyleTableRecord
  2
DCADTXTSTYLE36
 70
     0
 40
0.0
 41
1.0
 50
0.0
 71
     0
 42
0.0
  3
ARIAL NARROW
  4

  0
STYLE
  5
A8B
330
3
100
AcDbSymbolTableRecord
100
AcDbTextStyleTableRecord
  2
DCADTXTSTYLE37
 70
     0
 40
0.0
 41
1.0
 50
0.0
 71
     0
 42
0.0
  3
ARIAL NARROW
  4

  0
STYLE
  5
A99
330
3
100
AcDbSymbolTableRecord
100
AcDbTextStyleTableRecord
  2
DCADTXTSTYLE38
 70
     0
 40
0.0
 41
1.0
 50
0.0
 71
     0
 42
0.0
  3
ARIAL NARROW
  4

  0
STYLE
  5
A9B
330
3
100
AcDbSymbolTableRecord
100
AcDbTextStyleTableRecord
  2
DCADTXTSTYLE39
 70
     0
 40
0.0
 41
1.0
 50
0.0
 71
     0
 42
0.0
  3
ARIAL NARROW
  4

  0
STYLE
  5
A9D
330
3
100
AcDbSymbolTableRecord
100
AcDbTextStyleTableRecord
  2
DCADTXTSTYLE40
 70
     0
 40
0.0
 41
1.0
 50
0.0
 71
     0
 42
0.0
  3
ARIAL NARROW
  4

  0
STYLE
  5
A9F
330
3
100
AcDbSymbolTableRecord
100
AcDbTextStyleTableRecord
  2
DCADTXTSTYLE41
 70
     0
 40
0.0
 41
1.0
 50
0.0
 71
     0
 42
0.0
  3
ARIAL NARROW
  4

  0
STYLE
  5
AA1
330
3
100
AcDbSymbolTableRecord
100
AcDbTextStyleTableRecord
  2
DCADTXTSTYLE42
 70
     0
 40
0.0
 41
1.0
 50
0.0
 71
     0
 42
0.0
  3
ARIAL NARROW
  4

  0
STYLE
  5
AA3
330
3
100
AcDbSymbolTableRecord
100
AcDbTextStyleTableRecord
  2
DCADTXTSTYLE43
 70
     0
 40
0.0
 41
1.0
 50
0.0
 71
     0
 42
0.0
  3
ARIAL NARROW
  4

  0
STYLE
  5
AA5
330
3
100
AcDbSymbolTableRecord
100
AcDbTextStyleTableRecord
  2
DCADTXTSTYLE44
 70
     0
 40
0.0
 41
1.0
 50
0.0
 71
     0
 42
0.0
  3
ARIAL NARROW
  4

  0
STYLE
  5
AA7
330
3
100
AcDbSymbolTableRecord
100
AcDbTextStyleTableRecord
  2
DCADTXTSTYLE45
 70
     0
 40
0.0
 41
1.0
 50
0.0
 71
     0
 42
0.0
  3
ARIAL NARROW
  4

  0
STYLE
  5
AA9
330
3
100
AcDbSymbolTableRecord
100
AcDbTextStyleTableRecord
  2
DCADTXTSTYLE46
 70
     0
 40
0.0
 41
1.0
 50
0.0
 71
     0
 42
0.0
  3
ARIAL NARROW
  4

  0
STYLE
  5
AAB
330
3
100
AcDbSymbolTableRecord
100
AcDbTextStyleTableRecord
  2
DCADTXTSTYLE47
 70
     0
 40
0.0
 41
1.0
 50
0.0
 71
     0
 42
0.0
  3
ARIAL NARROW
  4

  0
STYLE
  5
AAD
330
3
100
AcDbSymbolTableRecord
100
AcDbTextStyleTableRecord
  2
DCADTXTSTYLE48
 70
     0
 40
0.0
 41
1.0
 50
0.0
 71
     0
 42
0.0
  3
ARIAL NARROW
  4

  0
STYLE
  5
AAF
330
3
100
AcDbSymbolTableRecord
100
AcDbTextStyleTableRecord
  2
DCADTXTSTYLE49
 70
     0
 40
0.0
 41
1.0
 50
0.0
 71
     0
 42
0.0
  3
ARIAL NARROW
  4

  0
STYLE
  5
AB1
330
3
100
AcDbSymbolTableRecord
100
AcDbTextStyleTableRecord
  2
DCADTXTSTYLE50
 70
     0
 40
0.0
 41
1.0
 50
0.0
 71
     0
 42
0.0
  3
ARIAL NARROW
  4

  0
STYLE
  5
AB3
330
3
100
AcDbSymbolTableRecord
100
AcDbTextStyleTableRecord
  2
DCADTXTSTYLE51
 70
     0
 40
0.0
 41
1.0
 50
0.0
 71
     0
 42
0.0
  3
ARIAL NARROW
  4

  0
STYLE
  5
AB5
330
3
100
AcDbSymbolTableRecord
100
AcDbTextStyleTableRecord
  2
DCADTXTSTYLE52
 70
     0
 40
0.0
 41
1.0
 50
0.0
 71
     0
 42
0.0
  3
ARIAL NARROW
  4

  0
STYLE
  5
AB7
330
3
100
AcDbSymbolTableRecord
100
AcDbTextStyleTableRecord
  2
DCADTXTSTYLE53
 70
     0
 40
0.0
 41
1.0
 50
0.0
 71
     0
 42
0.0
  3
ARIAL NARROW
  4

  0
STYLE
  5
ABD
330
3
100
AcDbSymbolTableRecord
100
AcDbTextStyleTableRecord
  2
DCADTXTSTYLE54
 70
     0
 40
0.0
 41
1.0
 50
0.0
 71
     0
 42
0.0
  3
ARIAL NARROW
  4

  0
STYLE
  5
ABF
330
3
100
AcDbSymbolTableRecord
100
AcDbTextStyleTableRecord
  2
DCADTXTSTYLE55
 70
     0
 40
0.0
 41
1.0
 50
0.0
 71
     0
 42
0.0
  3
ARIAL NARROW
  4

  0
STYLE
  5
AD3
330
3
100
AcDbSymbolTableRecord
100
AcDbTextStyleTableRecord
  2
DCADTXTSTYLE56
 70
     0
 40
0.0
 41
1.0
 50
0.0
 71
     0
 42
0.0
  3
ARIAL NARROW
  4

  0
STYLE
  5
AD5
330
3
100
AcDbSymbolTableRecord
100
AcDbTextStyleTableRecord
  2
DCADTXTSTYLE57
 70
     0
 40
0.0
 41
1.0
 50
0.0
 71
     0
 42
0.0
  3
ARIAL NARROW
  4

  0
STYLE
  5
AD7
330
3
100
AcDbSymbolTableRecord
100
AcDbTextStyleTableRecord
  2
DCADTXTSTYLE58
 70
     0
 40
0.0
 41
1.0
 50
0.0
 71
     0
 42
0.0
  3
ARIAL NARROW
  4

  0
STYLE
  5
AD9
330
3
100
AcDbSymbolTableRecord
100
AcDbTextStyleTableRecord
  2
DCADTXTSTYLE59
 70
     0
 40
0.0
 41
1.0
 50
0.0
 71
     0
 42
0.0
  3
ARIAL NARROW
  4

  0
STYLE
  5
ADB
330
3
100
AcDbSymbolTableRecord
100
AcDbTextStyleTableRecord
  2
DCADTXTSTYLE60
 70
     0
 40
0.0
 41
1.0
 50
0.0
 71
     0
 42
0.0
  3
ARIAL NARROW
  4

  0
STYLE
  5
B19
330
3
100
AcDbSymbolTableRecord
100
AcDbTextStyleTableRecord
  2
DCADTXTSTYLE61
 70
     0
 40
0.0
 41
1.0
 50
0.0
 71
     0
 42
0.0
  3
ARIAL NARROW
  4

  0
STYLE
  5
B1B
330
3
100
AcDbSymbolTableRecord
100
AcDbTextStyleTableRecord
  2
DCADTXTSTYLE62
 70
     0
 40
0.0
 41
1.0
 50
0.0
 71
     0
 42
0.0
  3
ARIAL NARROW
  4

  0
STYLE
  5
B1D
330
3
100
AcDbSymbolTableRecord
100
AcDbTextStyleTableRecord
  2
DCADTXTSTYLE63
 70
     0
 40
0.0
 41
1.0
 50
0.0
 71
     0
 42
0.0
  3
ARIAL NARROW
  4

  0
STYLE
  5
B67
330
3
100
AcDbSymbolTableRecord
100
AcDbTextStyleTableRecord
  2
DCADTXTSTYLE64
 70
     0
 40
0.0
 41
1.0
 50
0.0
 71
     0
 42
0.0
  3
ARIAL NARROW
  4

  0
STYLE
  5
B69
330
3
100
AcDbSymbolTableRecord
100
AcDbTextStyleTableRecord
  2
DCADTXTSTYLE65
 70
     0
 40
0.0
 41
1.0
 50
0.0
 71
     0
 42
0.0
  3
ARIAL NARROW
  4

  0
STYLE
  5
B6B
330
3
100
AcDbSymbolTableRecord
100
AcDbTextStyleTableRecord
  2
DCADTXTSTYLE66
 70
     0
 40
0.0
 41
1.0
 50
0.0
 71
     0
 42
0.0
  3
ARIAL NARROW
  4

  0
STYLE
  5
B6D
330
3
100
AcDbSymbolTableRecord
100
AcDbTextStyleTableRecord
  2
DCADTXTSTYLE67
 70
     0
 40
0.0
 41
1.0
 50
0.0
 71
     0
 42
0.0
  3
ARIAL NARROW
  4

  0
STYLE
  5
B6F
330
3
100
AcDbSymbolTableRecord
100
AcDbTextStyleTableRecord
  2
DCADTXTSTYLE68
 70
     0
 40
0.0
 41
1.0
 50
0.0
 71
     0
 42
0.0
  3
ARIAL NARROW
  4

  0
STYLE
  5
B71
330
3
100
AcDbSymbolTableRecord
100
AcDbTextStyleTableRecord
  2
DCADTXTSTYLE69
 70
     0
 40
0.0
 41
1.0
 50
0.0
 71
     0
 42
0.0
  3
ARIAL NARROW
  4

  0
STYLE
  5
B73
330
3
100
AcDbSymbolTableRecord
100
AcDbTextStyleTableRecord
  2
DCADTXTSTYLE70
 70
     0
 40
0.0
 41
1.0
 50
0.0
 71
     0
 42
0.0
  3
ARIAL NARROW
  4

  0
STYLE
  5
B75
330
3
100
AcDbSymbolTableRecord
100
AcDbTextStyleTableRecord
  2
DCADTXTSTYLE71
 70
     0
 40
0.0
 41
1.0
 50
0.0
 71
     0
 42
0.0
  3
ARIAL NARROW
  4

  0
STYLE
  5
B77
330
3
100
AcDbSymbolTableRecord
100
AcDbTextStyleTableRecord
  2
DCADTXTSTYLE72
 70
     0
 40
0.0
 41
1.0
 50
0.0
 71
     0
 42
0.0
  3
ARIAL NARROW
  4

  0
STYLE
  5
B79
330
3
100
AcDbSymbolTableRecord
100
AcDbTextStyleTableRecord
  2
DCADTXTSTYLE73
 70
     0
 40
0.0
 41
1.0
 50
0.0
 71
     0
 42
0.0
  3
ARIAL NARROW
  4

  0
STYLE
  5
B7B
330
3
100
AcDbSymbolTableRecord
100
AcDbTextStyleTableRecord
  2
DCADTXTSTYLE74
 70
     0
 40
0.0
 41
1.0
 50
0.0
 71
     0
 42
0.0
  3
ARIAL NARROW
  4

  0
STYLE
  5
B7D
330
3
100
AcDbSymbolTableRecord
100
AcDbTextStyleTableRecord
  2
DCADTXTSTYLE75
 70
     0
 40
0.0
 41
1.0
 50
0.0
 71
     0
 42
0.0
  3
ARIAL NARROW
  4

  0
STYLE
  5
B7F
330
3
100
AcDbSymbolTableRecord
100
AcDbTextStyleTableRecord
  2
DCADTXTSTYLE76
 70
     0
 40
0.0
 41
1.0
 50
0.0
 71
     0
 42
0.0
  3
ARIAL NARROW
  4

  0
STYLE
  5
B81
330
3
100
AcDbSymbolTableRecord
100
AcDbTextStyleTableRecord
  2
DCADTXTSTYLE77
 70
     0
 40
0.0
 41
1.0
 50
0.0
 71
     0
 42
0.0
  3
ARIAL NARROW
  4

  0
ENDTAB
  0
TABLE
  2
VIEW
  5
5
330
0
100
AcDbSymbolTable
 70
     0
  0
ENDTAB
  0
TABLE
  2
UCS
  5
6
330
0
100
AcDbSymbolTable
 70
     0
  0
ENDTAB
  0
TABLE
  2
APPID
  5
8
330
0
100
AcDbSymbolTable
 70
     1
  0
APPID
  5
16
330
8
100
AcDbSymbolTableRecord
100
AcDbRegAppTableRecord
  2
ACAD
 70
     0
  0
ENDTAB
  0
TABLE
  2
DIMSTYLE
  5
9
330
0
100
AcDbSymbolTable
 70
     1
100
AcDbDimStyleTable
 71
     0
  0
DIMSTYLE
105
18
330
9
100
AcDbSymbolTableRecord
100
AcDbDimStyleTableRecord
  2
Standard
 70
     0
 41
0.18
 42
0.0625
 43
0.38
 44
0.18
 49
1.0
 50
45.0
 70
     0
 73
     1
 74
     1
140
0.18
141
0.09
143
25.4
144
1.0
146
1.0
147
0.09
171
     2
176
-1056964608
177
-1056964608
178
-1056964608
271
     4
272
     4
273
     2
274
     2
277
     2
278
    46
283
     1
289
     3
340
17
294
     0
371
    -2
372
    -2
341
0
342
0
343
0
344
0
345
0
346
0
347
0
  0
ENDTAB
  0
TABLE
  2
BLOCK_RECORD
  5
1
330
0
100
AcDbSymbolTable
 70
     0
  0
BLOCK_RECORD
  5
A
330
1
100
AcDbSymbolTableRecord
100
AcDbBlockTableRecord
  2
*MODEL_SPACE
340
20
310

 70
     0
280
     1
281
     0
  0
BLOCK_RECORD
  5
B
330
1
100
AcDbSymbolTableRecord
100
AcDbBlockTableRecord
  2
*PAPER_SPACE
340
21
310

 70
     0
280
     1
281
     0
  0
ENDTAB
  0
ENDSEC
  0
SECTION
  2
BLOCKS
  0
BLOCK
  5
D
330
A
100
AcDbEntity
  8
0
370
     0
284
     3
100
AcDbBlockBegin
  2
*MODEL_SPACE
 70
     0
 10
0.0
 20
0.0
 30
0.0
  3
*MODEL_SPACE
  1

  0
ENDBLK
  5
E
330
A
100
AcDbEntity
  8
0
370
     0
284
     3
100
AcDbBlockEnd
  0
BLOCK
  5
F
330
B
100
AcDbEntity
 67
     1
  8
0
370
     0
284
     3
100
AcDbBlockBegin
  2
*PAPER_SPACE
 70
     0
 10
0.0
 20
0.0
 30
0.0
  3
*PAPER_SPACE
  1

  0
ENDBLK
  5
10
330
B
100
AcDbEntity
 67
     1
  8
0
370
     0
284
     3
100
AcDbBlockEnd
  0
ENDSEC
  0
SECTION
  2
ENTITIES
  0
TEXT
  5
2E
330
A
100
AcDbEntity
  8
BORDER
  6
Continuous
 48
4.105918884277344
370
     0
 62
     3
284
     3
100
AcDbText
 10
635.7822095159551
 20
-459.7552341937223
 30
0.0
 40
6.0
  1
Renovations to:
 41
0.8333333333333334
  7
DCADTXTSTYLE1
 11
635.7822095159551
 21
-459.7552341937223
 31
0.0
100
AcDbText
 73
     1
  0
TEXT
  5
30
330
A
100
AcDbEntity
  8
BORDER
  6
Continuous
 48
4.105918884277344
370
     0
 62
     5
284
     3
100
AcDbText
 10
635.7822095159551
 20
-505.3246006488005
 30
0.0
 40
6.0
  1
STREET  ADDRESS
  7
DCADTXTSTYLE2
 11
635.7822095159551
 21
-505.3246006488005
 31
0.0
100
AcDbText
 73
     1
  0
TEXT
  5
32
330
A
100
AcDbEntity
  8
BORDER
  6
Continuous
 48
394.7999267578125
370
     0
 62
     5
284
     3
100
AcDbText
 10
635.7822095159551
 20
-513.6956943988005
 30
0.0
 40
6.0
  1
CITY,  STATE
  7
DCADTXTSTYLE3
 11
635.7822095159551
 21
-513.6956943988005
 31
0.0
100
AcDbText
 73
     1
  0
TEXT
  5
34
330
A
100
AcDbEntity
  8
BORDER
  6
Continuous
 48
263.199951171875
370
     0
 62
     5
284
     3
100
AcDbText
 10
635.7822095159551
 20
-533.905777406613
 30
0.0
 40
6.0
  1
Designer
  7
DCADTXTSTYLE4
 11
635.7822095159551
 21
-533.905777406613
 31
0.0
100
AcDbText
 73
     1
  0
LINE
  5
36
330
A
100
AcDbEntity
  8
BORDER
  6
Continuous
 48
263.199951171875
370
     0
 62
     3
284
     3
100
AcDbLine
 10
635.2961255315801
 20
-522.4403233050505
 30
0.0
 11
808.3121504528534
 21
-522.4403233050505
 31
0.0
  0
TEXT
  5
37
330
A
100
AcDbEntity
  8
BORDER
  6
Continuous
 48
263.199951171875
370
     0
 62
     5
284
     3
100
AcDbText
 10
767.6307383693595
 20
-533.905777406613
 30
0.0
 40
6.0
  1
000.000.0000
  7
DCADTXTSTYLE5
 72
     2
 11
808.5507383693595
 21
-533.905777406613
 31
0.0
100
AcDbText
 73
     1
  0
LINE
  5
39
330
A
100
AcDbEntity
  8
BORDER
  6
Continuous
 48
263.199951171875
370
     0
 62
     3
284
     3
100
AcDbLine
 10
635.2961255315801
 20
-448.5819248675505
 30
0.0
 11
808.3121504528534
 21
-448.5819248675505
 31
0.0
  0
TEXT
  5
3A
330
A
100
AcDbEntity
  8
BORDER
  6
Continuous
 48
394.7999267578125
370
     0
 62
   132
284
     3
100
AcDbText
 10
635.7822095159551
 20
-483.210953187863
 30
0.0
 40
12.0
  1
RESIDENCE
 41
0.8333333333333334
  7
DCADTXTSTYLE6
 11
635.7822095159551
 21
-483.210953187863
 31
0.0
100
AcDbText
 73
     1
  0
TEXT
  5
3C
330
A
100
AcDbEntity
  8
BORDER
  6
Continuous
 48
4.105918884277344
370
     0
 62
     3
284
     3
100
AcDbText
 10
759.1083383693594
 20
-459.4002232073942
 30
0.0
 40
6.0
  1
21 September 2026
 41
0.8333333333333334
  7
DCADTXTSTYLE7
 72
     2
 11
808.5507383693595
 21
-459.4002232073942
 31
0.0
100
AcDbText
 73
     1
  0
LINE
  5
3E
330
A
100
AcDbEntity
  8
BORDER
  6
Continuous
 48
12.0
370
     0
 62
     3
284
     3
100
AcDbLine
 10
707.2463020437191
 20
-425.9377285430984
 30
0.0
 11
707.7274421804378
 21
-425.9377285430984
 31
0.0
  0
TEXT
  5
3F
330
A
100
AcDbEntity
  8
BORDER
  6
Continuous
 48
789.599853515625
370
     0
 62
   132
284
     3
100
AcDbText
 10
636.88276888236
 20
-443.2163384338531
 30
0.0
 40
12.0
  1
RENOVATION  PLAN
 41
0.8333333333333334
  7
DCADTXTSTYLE8
 11
636.88276888236
 21
-443.2163384338531
 31
0.0
100
AcDbText
 73
     1
  0
ATTDEF
  5
41
330
A
100
AcDbEntity
  8
BORDER
  6
Continuous
 48
35.99568767853128
370
     0
 62
     7
284
     3
100
AcDbText
 10
762.9873711739842
 20
-513.52124558009
 30
0.0
 40
23.99712225748219
  1
A-1
 41
0.5555555555555556
  7
DCADTXTSTYLE9
 72
     2
 11
808.5507383693595
 21
-513.52124558009
 31
0.0
100
AcDbAttributeDefinition
280
     0
  3

  2
A1.2
 70
     1
 74
     1
280
     0
  0
LINE
  5
43
330
A
100
AcDbEntity
  8
BORDER
  6
Continuous
 48
115.1999969482422
370
     0
 62
    51
284
     3
100
AcDbLine
 10
863.9999755859377
 20
-576.0000000000001
 30
0.0
 11
863.9999755859374
 21
576.0000000000003
 31
0.0
  0
LINE
  5
44
330
A
100
AcDbEntity
  8
BORDER
  6
Continuous
370
     0
 62
    51
284
     3
100
AcDbLine
 10
833.1559880542666
 20
-534.8439875316682
 30
0.0
 11
833.1559880542686
 21
545.1560124683315
 31
0.0
  0
LINE
  5
45
330
A
100
AcDbEntity
  8
BORDER
  6
Continuous
 48
115.1999969482422
370
     0
 62
    51
284
     3
100
AcDbLine
 10
-864.0000244140623
 20
-576.0000000000003
 30
0.0
 11
863.9999755859377
 21
-576.0000000000001
 31
0.0
  0
LINE
  5
46
330
A
100
AcDbEntity
  8
BORDER
  6
Continuous
370
     0
 62
    51
284
     3
100
AcDbLine
 10
-798.8440119457389
 20
-534.8439875316683
 30
0.0
 11
833.1559880542666
 21
-534.8439875316682
 31
0.0
  0
LINE
  5
47
330
A
100
AcDbEntity
  8
BORDER
  6
Continuous
 48
115.1999969482422
370
     0
 62
    51
284
     3
100
AcDbLine
 10
-863.9999755859378
 20
576.0
 30
0.0
 11
-864.0000244140623
 21
-576.0000000000003
 31
0.0
  0
LINE
  5
48
330
A
100
AcDbEntity
  8
BORDER
  6
Continuous
370
     0
 62
    51
284
     3
100
AcDbLine
 10
-798.8440119457389
 20
-534.8439875316683
 30
0.0
 11
-798.8440119457359
 21
545.1560124683285
 31
0.0
  0
LINE
  5
49
330
A
100
AcDbEntity
  8
BORDER
  6
Continuous
370
     0
 62
    51
284
     3
100
AcDbLine
 10
-798.8440119457357
 20
545.1560124683313
 30
0.0
 11
-798.8440119457356
 21
-534.8439875316658
 31
0.0
  0
LINE
  5
4A
330
A
100
AcDbEntity
  8
BORDER
  6
Continuous
 48
115.1999969482422
370
     0
 62
    51
284
     3
100
AcDbLine
 10
863.9999755859374
 20
576.0000000000003
 30
0.0
 11
-863.9999755859378
 21
576.0
 31
0.0
  0
LINE
  5
4B
330
A
100
AcDbEntity
  8
BORDER
  6
Continuous
370
     0
 62
    51
284
     3
100
AcDbLine
 10
-798.8440119457359
 20
545.1560124683285
 30
0.0
 11
833.1559880542686
 21
545.1560124683315
 31
0.0
  0
LINE
  5
4C
330
A
100
AcDbEntity
  8
BORDER
  6
Continuous
 48
115.1999969482422
370
     0
 62
    51
284
     3
100
AcDbLine
 10
833.1559880542685
 20
449.156012468318
 30
0.0
 11
689.1559880542685
 21
449.1560124683181
 31
0.0
  0
LINE
  5
4D
330
A
100
AcDbEntity
  8
BORDER
  6
Continuous
 48
115.1999969482422
370
     0
 62
    51
284
     3
100
AcDbLine
 10
689.1559880542685
 20
449.1560124683181
 30
0.0
 11
689.1559880542685
 21
545.1560124683313
 31
0.0
  0
LINE
  5
4E
330
A
100
AcDbEntity
  8
BORDER
  6
Continuous
 48
115.1999969482422
370
     0
 62
    51
284
     3
100
AcDbLine
 10
617.1559880542686
 20
-414.8439875316682
 30
0.0
 11
617.1559880542685
 21
-534.8439875316682
 31
0.0
  0
LINE
  5
4F
330
A
100
AcDbEntity
  8
BORDER
  6
Continuous
 48
115.1999969482422
370
     0
 62
    51
284
     3
100
AcDbLine
 10
617.1559880542686
 20
-414.8439875316682
 30
0.0
 11
833.1559880542668
 21
-414.8439875316682
 31
0.0
  0
LINE
  5
50
330
A
100
AcDbEntity
  8
BORDER
  6
Continuous
 48
115.1999969482422
370
     0
 62
    51
284
     3
100
AcDbLine
 10
-2.516525399523517E-14
 20
-62.55850219726562
 30
0.0
 11
-1.140754157802348E-14
 21
-9.35034809971761
 31
0.0
  0
LINE
  5
51
330
A
100
AcDbEntity
  8
BORDER
  6
Continuous
 48
115.1999969482422
370
     0
 62
    51
284
     3
100
AcDbLine
 10
-8.355675939835609E-15
 20
-9.35034809971761
 30
0.0
 11
3.523087854437335E-14
 21
114.3313522338867
 31
0.0
  0
LINE
  5
52
330
A
100
AcDbEntity
  8
D+P LOGO
  6
Continuous
 48
12.0
370
     0
 62
     3
284
     3
100
AcDbLine
 10
698.7322143554691
 20
468.394121672674
 30
0.0
 11
699.2133544921878
 21
468.394121672674
 31
0.0
  0
HATCH
  5
55
330
A
100
AcDbEntity
  8
D+P LOGO
  6
Continuous
 48
328.5238272912983
370
     0
 62
    98
284
     3
100
AcDbHatch
 10
0.0
 20
0.0
 30
0.0
210
0.0
220
0.0
230
1.0
  2
SOLID
 70
     1
 71
     0
 91
        1
 92
        2
 72
     0
 73
     1
 93
        3
 10
728.9770590000001
 20
496.679373
 10
730.0010559999999
 20
495.465118
 10
730.205855
 20
498.29012
 97
        0
 75
     0
 76
     2
 98
        0
  0
HATCH
  5
58
330
A
100
AcDbEntity
  8
D+P LOGO
  6
Continuous
 48
328.5238272912983
370
     0
 62
    98
284
     3
100
AcDbHatch
 10
0.0
 20
0.0
 30
0.0
210
0.0
220
0.0
230
1.0
  2
SOLID
 70
     1
 71
     0
 91
        1
 92
        2
 72
     0
 73
     1
 93
        8
 10
732.607592
 20
493.234854
 10
733.352317
 20
495.118188
 10
734.339077
 20
496.877619
 10
734.450786
 20
495.440337
 10
734.339077
 20
492.987046
 10
733.966715
 20
490.162045
 10
733.277845
 20
491.3763
 10
733.557116
 20
492.07016
 97
        0
 75
     0
 76
     2
 98
        0
  0
HATCH
  5
5B
330
A
100
AcDbEntity
  8
D+P LOGO
  6
Continuous
 48
328.5238272912983
370
     0
 62
    98
284
     3
100
AcDbHatch
 10
0.0
 20
0.0
 30
0.0
210
0.0
220
0.0
230
1.0
  2
SOLID
 70
     1
 71
     0
 91
        1
 92
        2
 72
     0
 73
     1
 93
        7
 10
735.930926
 20
486.259082
 10
737.364522
 20
483.310177
 10
737.755502
 20
488.018513
 10
737.87652
 20
490.422242
 10
737.997538
 20
492.825972
 10
737.010777
 20
490.422242
 10
736.210198
 20
487.91939
 97
        0
 75
     0
 76
     2
 98
        0
  0
HATCH
  5
5E
330
A
100
AcDbEntity
  8
D+P LOGO
  6
Continuous
 48
328.5238272912983
370
     0
 62
    98
284
     3
100
AcDbHatch
 10
0.0
 20
0.0
 30
0.0
210
0.0
220
0.0
230
1.0
  2
SOLID
 70
     1
 71
     0
 91
        1
 92
        2
 72
     0
 73
     1
 93
       35
 10
751.298451
 20
493.703297
 10
749.74557
 20
492.825972
 10
748.572629
 20
488.687592
 10
748.125794
 20
486.841429
 10
747.678959
 20
484.995266
 10
746.9069009999999
 20
481.799844
 10
745.719302
 20
481.578748
 10
745.761293
 20
484.945704
 10
745.89162
 20
488.018513
 10
746.021946
 20
491.537375
 10
744.923478
 20
488.935399
 10
744.029808
 20
486.011275
 10
743.638827
 20
484.487261
 10
742.945302
 20
481.433038
 10
742.795678
 20
481.034457
 10
741.481229
 20
480.789746
 10
741.628071
 20
482.752611
 10
741.870106
 20
487.374214
 10
742.000433
 20
490.769172
 10
742.009742
 20
492.392309
 10
740.780946
 20
489.393843
 10
740.268948
 20
487.644324
 10
739.75695
 20
485.894806
 10
739.319424
 20
484.048642
 10
738.881898
 20
482.202479
 10
738.307271
 20
480.151674
 10
737.473179
 20
480.017858
 10
737.079664
 20
477.261204
 10
736.595593
 20
476.09651
 10
736.111522
 20
474.931817
 10
735.348179
 20
473.482145
 10
734.584836
 20
472.032473
 10
733.709785
 20
470.694314
 10
732.848166
 20
469.373417
 10
751.298451
 20
469.373417
 97
        0
 75
     0
 76
     2
 98
        0
  0
HATCH
  5
61
330
A
100
AcDbEntity
  8
D+P LOGO
  6
Continuous
 48
328.5238272912983
370
     0
 62
    98
284
     3
100
AcDbHatch
 10
0.0
 20
0.0
 30
0.0
210
0.0
220
0.0
230
1.0
  2
SOLID
 70
     1
 71
     0
 91
        1
 92
        2
 72
     0
 73
     1
 93
       34
 10
731.443183
 20
469.373417
 10
723.647724
 20
469.373417
 10
723.6704120000001
 20
487.480217
 10
723.642823
 20
487.347021
 10
722.497023
 20
484.691702
 10
721.540843
 20
482.560528
 10
722.497023
 20
484.691702
 10
723.642823
 20
487.347021
 10
724.484507
 20
488.94779
 10
725.517813
 20
491.078931
 10
726.791292
 20
493.053954
 10
728.064771
 20
495.028977
 10
729.535603
 20
493.641257
 10
729.3308029999999
 20
491.175576
 10
728.9230669999999
 20
486.241736
 10
728.720129
 20
483.773576
 10
728.757365
 20
478.420942
 10
730.0535620000001
 20
478.662255
 10
730.423687
 20
482.125659
 10
730.7681219999999
 20
485.756034
 10
731.308048
 20
488.209324
 10
731.847973
 20
490.662615
 10
733.728403
 20
488.110202
 10
733.411895
 20
485.681691
 10
733.114005
 20
483.104497
 10
732.93733
 20
479.203979
 10
734.240598
 20
479.377444
 10
734.7524
 20
482.138049
 10
735.5902149999999
 20
484.417875
 10
736.33494
 20
482.410637
 10
736.502503
 20
479.709539
 10
736.055668
 20
476.929142
 10
735.031671
 20
474.574974
 10
733.253641
 20
471.762363
 97
        0
 75
     0
 76
     2
 98
        0
  0
HATCH
  5
64
330
A
100
AcDbEntity
  8
D+P LOGO
  6
Continuous
 48
328.5238272912983
370
     0
 62
    98
284
     3
100
AcDbHatch
 10
0.0
 20
0.0
 30
0.0
210
0.0
220
0.0
230
1.0
  2
SOLID
 70
     1
 71
     0
 91
        1
 92
        2
 72
     0
 73
     1
 93
        6
 10
723.650427
 20
498.587995
 10
725.030018
 20
497.928321
 10
727.208338
 20
495.921083
 10
725.937651
 20
493.783746
 10
724.586394
 20
491.361431
 10
723.658699
 20
489.651562
 97
        0
 75
     0
 76
     2
 98
        0
  0
HATCH
  5
67
330
A
100
AcDbEntity
  8
D+P LOGO
  6
Continuous
 48
328.5238272912983
370
     0
 62
    98
284
     3
100
AcDbHatch
 10
0.0
 20
0.0
 30
0.0
210
0.0
220
0.0
230
1.0
  2
SOLID
 70
     1
 71
     0
 91
        1
 92
        2
 72
     0
 73
     1
 93
       50
 10
723.650997
 20
500.651344
 10
726.054015
 20
498.934418
 10
728.191375
 20
497.323672
 10
729.587734
 20
499.405252
 10
730.630348
 20
500.71863
 10
731.1330369999999
 20
500.71863
 10
731.4123090000001
 20
500.148673
 10
731.179583
 20
497.360843
 10
730.946856
 20
494.573012
 10
731.801099
 20
493.966614
 10
732.808668
 20
496.481127
 10
733.68372
 20
498.438804
 10
734.6518620000001
 20
499.380471
 10
735.191787
 20
499.33091
 10
735.471059
 20
498.66183
 10
735.582768
 20
496.951961
 10
735.415205
 20
494.548232
 10
735.275569
 20
492.937485
 10
734.993504
 20
490.093898
 10
734.851076
 20
488.861057
 10
735.223438
 20
487.993732
 10
735.930926
 20
490.471804
 10
736.568597
 20
491.964842
 10
737.206267
 20
493.45788
 10
738.435063
 20
495.812048
 10
739.199181
 20
495.841489
 10
739.310115
 20
492.962266
 10
738.453681
 20
483.76862
 10
739.347351
 20
487.93178
 10
740.427202
 20
491.401081
 10
741.63738
 20
493.903933
 10
742.475195
 20
494.994284
 10
743.21992
 20
494.820819
 10
743.2013020000001
 20
491.475423
 10
742.996502
 20
487.56007
 10
742.754467
 20
484.512042
 10
743.629518
 20
487.907
 10
744.746605
 20
490.855905
 10
745.8078379999999
 20
493.259634
 10
746.571181
 20
494.622574
 10
747.353142
 20
494.622574
 10
747.37176
 20
493.346367
 10
747.3903780000001
 20
492.07016
 10
747.036634
 20
487.188359
 10
747.911685
 20
490.806343
 10
748.3771379999999
 20
492.280796
 10
748.842591
 20
493.755249
 10
751.260459
 20
494.895162
 10
751.298451
 20
527.085137
 10
723.647724
 20
527.081713
 97
        0
 75
     0
 76
     2
 98
        0
  0
HATCH
  5
6A
330
A
100
AcDbEntity
  8
D+P LOGO
  6
Continuous
 48
328.5238272912983
370
     0
 62
    98
284
     3
100
AcDbHatch
 10
0.0
 20
0.0
 30
0.0
210
0.0
220
0.0
230
1.0
  2
SOLID
 70
     1
 71
     0
 91
        1
 92
        2
 72
     0
 73
     1
 93
       86
 10
732.848166
 20
469.373417
 10
731.443182
 20
469.373419
 10
730.829358
 20
468.562403
 10
730.173663
 20
467.776867
 10
729.537445
 20
467.075728
 10
728.81683
 20
466.316161
 10
727.992342
 20
465.511149
 10
727.054244
 20
464.702892
 10
726.002535
 20
463.884896
 10
724.83397
 20
463.079885
 10
723.743309
 20
462.404714
 10
722.922068
 20
462.063882
 10
722.1625
 20
461.972994
 10
721.415917
 20
462.011946
 10
720.604413
 20
462.239167
 10
719.883798
 20
462.648165
 10
719.299516
 20
463.167527
 10
718.819106
 20
463.84919
 10
718.488012
 20
464.654201
 10
718.334259
 20
465.668678
 10
718.358172
 20
466.610899
 10
718.42439
 20
467.723633
 10
718.5217709999999
 20
468.802608
 10
718.619151
 20
469.906252
 10
718.768468
 20
471.094294
 10
718.8918159999999
 20
472.088872
 10
719.0800850000001
 20
473.232768
 10
719.307306
 20
474.467552
 10
719.541019
 20
475.585479
 10
719.8201759999999
 20
476.755343
 10
720.170746
 20
478.119967
 10
720.430427
 20
479.114546
 10
720.839425
 20
480.375298
 10
721.241931
 20
481.577621
 10
721.65742
 20
482.734501
 10
722.10537
 20
483.89138
 10
722.631225
 20
485.14564
 10
722.988286
 20
485.950652
 10
723.3843000000001
 20
486.828374
 10
723.658699
 20
487.397039
 10
723.658699
 20
489.651562
 10
723.241475
 20
488.770789
 10
722.728605
 20
487.693112
 10
722.287147
 20
486.686848
 10
721.806737
 20
485.570219
 10
721.339311
 20
484.382178
 10
720.975757
 20
483.469398
 10
720.553776
 20
482.35277
 10
720.138286
 20
481.158236
 10
719.8007
 20
480.100036
 10
719.515051
 20
479.193748
 10
719.203434
 20
478.193976
 10
718.878832
 20
476.986459
 10
718.5607230000001
 20
475.795821
 10
718.29455
 20
474.763588
 10
718.073821
 20
473.754727
 10
717.859584
 20
472.657574
 10
717.658331
 20
471.391629
 10
717.5219980000001
 20
470.129578
 10
717.444094
 20
468.973997
 10
717.39865
 20
467.750899
 10
717.39865
 20
466.822539
 10
717.43111
 20
465.816275
 10
717.502522
 20
464.890511
 10
717.580427
 20
463.903723
 10
717.833616
 20
463.118187
 10
718.249105
 20
462.371604
 10
718.778206
 20
461.719155
 10
719.252124
 20
461.303666
 10
719.862375
 20
460.914144
 10
720.544038
 20
460.61551
 10
721.277637
 20
460.433734
 10
722.017728
 20
460.368813
 10
722.692899
 20
460.414258
 10
723.387546
 20
460.58305
 10
723.971829
 20
460.816763
 10
724.865132
 20
461.329634
 10
725.774016
 20
461.868472
 10
726.721852
 20
462.517675
 10
727.591784
 20
463.160386
 10
728.494176
 20
463.939429
 10
729.461488
 20
464.848313
 10
730.370372
 20
465.822117
 10
731.214336
 20
466.860842
 10
731.862426
 20
467.806342
 10
732.370119
 20
468.552016
 97
        0
 75
     0
 76
     2
 98
        0
  0
TEXT
  5
6B
330
A
100
AcDbEntity
  8
D+P LOGO
  6
Continuous
 48
343.0813890405002
370
     0
 62
     7
284
     3
100
AcDbText
 10
759.7174113866057
 20
469.4052432376296
 30
0.0
 40
7.073843073000006
  1
DESIGN + PLANNING, LLC
 41
0.6666666666666666
  7
DCADTXTSTYLE10
 72
     2
 11
826.9641931757729
 21
469.4052432376296
 31
0.0
100
AcDbText
 73
     1
  0
TEXT
  5
6D
330
A
100
AcDbEntity
  8
D+P LOGO
  6
Continuous
 48
343.0813890405002
370
     0
 62
     7
284
     3
100
AcDbText
 10
763.3109236676897
 20
480.8358357587726
 30
0.0
 40
7.073843073000006
  1
DESIGNER
 41
0.7407407407407407
  7
DCADTXTSTYLE11
 72
     2
 11
826.9641931757729
 21
480.8358357587726
 31
0.0
100
AcDbText
 73
     1
  0
TEXT
  5
6F
330
A
100
AcDbEntity
  8
D+P LOGO
  6
Continuous
 48
397.5138310224711
370
     0
 62
     7
284
     3
100
AcDbText
 10
788.1907622987435
 20
523.3664094814325
 30
0.0
 40
4.140769073150742
  1
100 north street
 41
0.9090909090909091
  7
DCADTXTSTYLE12
 72
     2
 11
826.9641931757729
 21
523.3664094814325
 31
0.0
100
AcDbText
 73
     1
  0
TEXT
  5
71
330
A
100
AcDbEntity
  8
D+P LOGO
  6
Continuous
 48
397.5138310224711
370
     0
 62
     7
284
     3
100
AcDbText
 10
762.6312562580921
 20
517.0910434567321
 30
0.0
 40
4.140769073150742
  1
shelburne falls, ma  01370
 41
0.9090909090909091
  7
DCADTXTSTYLE13
 72
     2
 11
826.9641931757729
 21
517.0910434567321
 31
0.0
100
AcDbText
 73
     1
  0
TEXT
  5
73
330
A
100
AcDbEntity
  8
D+P LOGO
  6
Continuous
 48
397.5138310224711
370
     0
 62
     7
284
     3
100
AcDbText
 10
773.9574775464162
 20
504.2041824319037
 30
0.0
 40
4.140769073150742
  1
designer@example.com
 41
0.9090909090909091
  7
DCADTXTSTYLE14
 72
     2
 11
826.9641931757729
 21
504.2041824319037
 31
0.0
100
AcDbText
 73
     1
  0
TEXT
  5
75
330
A
100
AcDbEntity
  8
D+P LOGO
  6
Continuous
 48
397.5138310224711
370
     0
 62
     7
284
     3
100
AcDbText
 10
790.1917280596807
 20
510.4795484565996
 30
0.0
 40
4.140769073150742
  1
000.000.0000 c
 41
0.9090909090909091
  7
DCADTXTSTYLE15
 72
     2
 11
826.9641931757729
 21
510.4795484565996
 31
0.0
100
AcDbText
 73
     1
  0
LINE
  5
77
330
A
100
AcDbEntity
  8
1.2DEMO
  6
Continuous
 48
2.0
370
     0
 62
    11
284
     3
100
AcDbLine
 10
29.95172997190218
 20
223.7248535156251
 30
0.0
 11
29.95172997190216
 21
124.7248611450195
 31
0.0
  0
LINE
  5
78
330
A
100
AcDbEntity
  8
1.2DEMO
  6
Continuous
 48
2.0
370
     0
 62
    11
284
     3
100
AcDbLine
 10
34.45172997190218
 20
223.7248574642204
 30
0.0
 11
34.45172997190215
 21
72.22485746422038
 31
0.0
  0
LINE
  5
79
330
A
100
AcDbEntity
  8
1.2DEMO
  6
Continuous
 48
2.0
370
     0
 62
    11
284
     3
100
AcDbLine
 10
-185.2982635498047
 20
83.474853515625
 30
0.0
 11
-45.79827117919922
 21
83.47485351562503
 31
0.0
  0
LINE
  5
7A
330
A
100
AcDbEntity
  8
1.2DEMO
  6
Continuous
 48
2.0
370
     0
 62
    11
284
     3
100
AcDbLine
 10
-185.2982700280978
 20
78.974853515625
 30
0.0
 11
-45.79827002809787
 21
78.97485351562501
 31
0.0
  0
LINE
  5
7B
330
A
100
AcDbEntity
  8
1.2DEMO
  6
Continuous
 48
2.0
370
     0
 62
    11
284
     3
100
AcDbLine
 10
-57.79827002809791
 20
-115.305361926185
 30
0.0
 11
-45.79827002809791
 21
-115.305361926185
 31
0.0
  0
LINE
  5
7C
330
A
100
AcDbEntity
  8
1.2DEMO
  6
Continuous
 48
2.0
370
     0
 62
    11
284
     3
100
AcDbLine
 10
-62.29827233399911
 20
-119.805361926185
 30
0.0
 11
-45.79827002809791
 21
-119.805361926185
 31
0.0
  0
LINE
  5
7D
330
A
100
AcDbEntity
  8
1.2DEMO
  6
Continuous
 48
2.0
370
     0
 62
    11
284
     3
100
AcDbLine
 10
-62.29827233399911
 20
-119.805361926185
 30
0.0
 11
-62.29827962774252
 21
-91.025146484375
 31
0.0
  0
LINE
  5
7E
330
A
100
AcDbEntity
  8
1.2DEMO
  6
Continuous
 48
2.0
370
     0
 62
    11
284
     3
100
AcDbLine
 10
-57.79827314944942
 20
-115.3053582453859
 30
0.0
 11
-57.79827962774252
 21
-91.025146484375
 31
0.0
  0
POINT
  5
7F
330
A
100
AcDbEntity
  8
1.2DEMO
  6
Continuous
 48
2.0
370
     0
 62
    11
284
     3
100
AcDbPoint
 10
5.549617011932796
 20
224.224853515625
 30
0.0
 50
0.0
  0
LINE
  5
80
330
A
100
AcDbEntity
  8
1.2DEMO
  6
Continuous
 48
2.0
370
     0
 62
    11
284
     3
100
AcDbLine
 10
24.40856579342933
 20
67.72485746422038
 30
0.0
 11
24.40856579342933
 21
72.22485746422038
 31
0.0
  0
LINE
  5
81
330
A
100
AcDbEntity
  8
1.2DEMO
  6
Continuous
 48
2.0
370
     0
 62
    11
284
     3
100
AcDbLine
 10
-9.591434206570668
 20
67.72485746422038
 30
0.0
 11
-9.591434206570668
 21
72.22485746422038
 31
0.0
  0
LINE
  5
82
330
A
100
AcDbEntity
  8
1.2DEMO
  6
Continuous
 48
2.0
370
     0
 62
    11
284
     3
100
AcDbLine
 10
-41.29827002809787
 20
67.72486114501953
 30
0.0
 11
-9.591434206570668
 21
67.72486114501953
 31
0.0
  0
LINE
  5
83
330
A
100
AcDbEntity
  8
1.2DEMO
  6
Continuous
 48
2.0
370
     0
 62
    11
284
     3
100
AcDbLine
 10
-41.29827002809787
 20
72.22486114501955
 30
0.0
 11
-9.591434206570668
 21
72.22486114501953
 31
0.0
  0
LINE
  5
84
330
A
100
AcDbEntity
  8
1.2DEMO
  6
Continuous
 48
2.0
370
     0
 62
    11
284
     3
100
AcDbLine
 10
3.299617011932796
 20
202.9748573303223
 30
0.0
 11
7.799617011932798
 21
202.9748573303223
 31
0.0
  0
LINE
  5
85
330
A
100
AcDbEntity
  8
1.2DEMO
  6
Continuous
 48
2.0
370
     0
 62
    11
284
     3
100
AcDbLine
 10
3.299617011932796
 20
140.9748573303223
 30
0.0
 11
7.799617011932798
 21
140.9748573303223
 31
0.0
  0
LINE
  5
86
330
A
100
AcDbEntity
  8
1.2DEMO
  6
Continuous
 48
2.0
370
     0
 62
    11
284
     3
100
AcDbLine
 10
3.299617052078247
 20
223.724853515625
 30
0.0
 11
3.299617052078248
 21
202.9748573303223
 31
0.0
  0
LINE
  5
87
330
A
100
AcDbEntity
  8
1.2DEMO
  6
Continuous
 48
2.0
370
     0
 62
    11
284
     3
100
AcDbLine
 10
7.799616813659668
 20
223.724853515625
 30
0.0
 11
7.799616813659669
 21
202.9748573303223
 31
0.0
  0
LINE
  5
88
330
A
100
AcDbEntity
  8
1.2DEMO
  6
Continuous
 48
2.0
370
     0
 62
    11
284
     3
100
AcDbLine
 10
6.451729971902213
 20
20.72485746422038
 30
0.0
 11
80.69961903956269
 21
20.72485746422037
 31
0.0
  0
LINE
  5
89
330
A
100
AcDbEntity
  8
1.2DEMO
  6
Continuous
 48
2.0
370
     0
 62
    11
284
     3
100
AcDbLine
 10
10.95172997190221
 20
16.22485746422038
 30
0.0
 11
98.57672997190215
 21
16.22485746422038
 31
0.0
  0
LINE
  5
8A
330
A
100
AcDbEntity
  8
1.2DEMO
  6
Continuous
 48
2.0
370
     0
 62
    11
284
     3
100
AcDbLine
 10
80.69961903956271
 20
67.72486114501953
 30
0.0
 11
80.69961903956269
 21
20.72485746422037
 31
0.0
  0
LINE
  5
8B
330
A
100
AcDbEntity
  8
1.2DEMO
  6
Continuous
 48
2.0
370
     0
 62
    11
284
     3
100
AcDbLine
 10
85.19961903956271
 20
67.72486114501953
 30
0.0
 11
85.19961903956271
 21
20.72485746422037
 31
0.0
  0
LINE
  5
8C
330
A
100
AcDbEntity
  8
1.2DEMO
  6
Continuous
 48
2.0
370
     0
 62
    11
284
     3
100
AcDbLine
 10
224.1996190395627
 20
67.72485746422035
 30
0.0
 11
224.1996190395627
 21
44.22485746422035
 31
0.0
  0
LINE
  5
8D
330
A
100
AcDbEntity
  8
1.2DEMO
  6
Continuous
 48
2.0
370
     0
 62
    11
284
     3
100
AcDbLine
 10
228.6996190395627
 20
67.72485746422035
 30
0.0
 11
228.6996190395627
 21
39.72485746422035
 31
0.0
  0
LINE
  5
8E
330
A
100
AcDbEntity
  8
1.2DEMO
  6
Continuous
 48
2.0
370
     0
 62
    11
284
     3
100
AcDbLine
 10
186.7017211914062
 20
-79.02513885498047
 30
0.0
 11
186.7017211914062
 21
-52.46803217207936
 31
0.0
  0
LINE
  5
8F
330
A
100
AcDbEntity
  8
1.2DEMO
  6
Continuous
 48
2.0
370
     0
 62
    11
284
     3
100
AcDbLine
 10
182.2017211914062
 20
-79.02513885498047
 30
0.0
 11
182.2017211914063
 21
-52.46803217207936
 31
0.0
  0
LINE
  5
90
330
A
100
AcDbEntity
  8
1.2DEMO
  6
Continuous
 48
2.0
370
     0
 62
    11
284
     3
100
AcDbLine
 10
221.1009085994651
 20
-18.06884384155273
 30
0.0
 11
258.7017211914062
 21
-18.06884384155273
 31
0.0
  0
LINE
  5
91
330
A
100
AcDbEntity
  8
1.2DEMO
  6
Continuous
 48
2.0
370
     0
 62
    11
284
     3
100
AcDbLine
 10
221.1009085994651
 20
-13.56884479522705
 30
0.0
 11
258.7017211914062
 21
-13.56884479522705
 31
0.0
  0
LINE
  5
92
330
A
100
AcDbEntity
  8
1.2DEMO
  6
Continuous
 48
2.0
370
     0
 62
    11
284
     3
100
AcDbLine
 10
221.1009085994651
 20
-13.56884479522705
 30
0.0
 11
221.1009085994651
 21
-18.06884384155273
 31
0.0
  0
LINE
  5
93
330
A
100
AcDbEntity
  8
1.2DEMO
  6
Continuous
 48
2.0
370
     0
 62
    11
284
     3
100
AcDbLine
 10
182.2017211914063
 20
-52.46803217207936
 30
0.0
 11
186.7017211914062
 21
-52.46803217207936
 31
0.0
  0
LINE
  5
94
330
A
100
AcDbEntity
  8
1.2DEMO
  6
Continuous
 48
2.0
370
     0
 62
    11
284
     3
100
AcDbLine
 10
195.4005876842384
 20
39.72485733032227
 30
0.0
 11
195.4005876842384
 21
44.22485746422035
 31
0.0
  0
LINE
  5
95
330
A
100
AcDbEntity
  8
1.2DEMO
  6
Continuous
 48
2.0
370
     0
 62
    11
284
     3
100
AcDbLine
 10
221.4005876842384
 20
39.72485746422035
 30
0.0
 11
221.4005876842384
 21
44.22485746422035
 31
0.0
  0
LINE
  5
96
330
A
100
AcDbEntity
  8
1.2DEMO
  6
Continuous
 48
2.0
370
     0
 62
    11
284
     3
100
AcDbLine
 10
224.1996154785156
 20
44.22485733032227
 30
0.0
 11
221.4005876842384
 21
44.22485746422035
 31
0.0
  0
LINE
  5
97
330
A
100
AcDbEntity
  8
1.2DEMO
  6
Continuous
 48
2.0
370
     0
 62
    11
284
     3
100
AcDbLine
 10
195.4005876842384
 20
44.22485733032227
 30
0.0
 11
193.1996154785156
 21
44.22485733032227
 31
0.0
  0
LINE
  5
98
330
A
100
AcDbEntity
  8
1.2DEMO
  6
Continuous
 48
2.0
370
     0
 62
    11
284
     3
100
AcDbLine
 10
228.6996154785156
 20
39.72485733032227
 30
0.0
 11
221.4005876842384
 21
39.72485746422035
 31
0.0
  0
LINE
  5
99
330
A
100
AcDbEntity
  8
1.2DEMO
  6
Continuous
 48
2.0
370
     0
 62
    11
284
     3
100
AcDbLine
 10
195.4005876842384
 20
39.72485733032227
 30
0.0
 11
193.1996154785156
 21
39.72485733032227
 31
0.0
  0
LINE
  5
9A
330
A
100
AcDbEntity
  8
1.2DEMO
  6
Continuous
 48
2.0
370
     0
 62
    11
284
     3
100
AcDbLine
 10
-82.29827962774253
 20
-91.02514648437501
 30
0.0
 11
-82.2982796277425
 21
-119.8130108108247
 31
0.0
  0
LINE
  5
9B
330
A
100
AcDbEntity
  8
1.2DEMO
  6
Continuous
 48
2.0
370
     0
 62
    11
284
     3
100
AcDbLine
 10
-77.79827962774253
 20
-91.02514648437501
 30
0.0
 11
-77.79827962774253
 21
-119.8130108108247
 31
0.0
  0
LINE
  5
9C
330
A
100
AcDbEntity
  8
1.2DEMO
  6
Continuous
 48
2.0
370
     0
 62
    11
284
     3
100
AcDbLine
 10
-77.79827962774253
 20
-119.8130108108247
 30
0.0
 11
-82.2982796277425
 21
-119.8130108108247
 31
0.0
  0
LINE
  5
9D
330
A
100
AcDbEntity
  8
1.2DEMO
  6
Continuous
 48
2.0
370
     0
 62
    11
284
     3
100
AcDbLine
 10
-125.2982700280978
 20
-91.02514648437501
 30
0.0
 11
-125.2982700280978
 21
-121.025146484375
 31
0.0
  0
LINE
  5
9E
330
A
100
AcDbEntity
  8
1.2DEMO
  6
Continuous
 48
2.0
370
     0
 62
    11
284
     3
100
AcDbLine
 10
-120.7982700280978
 20
-91.02514648437501
 30
0.0
 11
-120.7982700280978
 21
-121.025146484375
 31
0.0
  0
LINE
  5
9F
330
A
100
AcDbEntity
  8
1.2DEMO
  6
Continuous
 48
2.0
370
     0
 62
    11
284
     3
100
AcDbLine
 10
-120.7982700280978
 20
-121.025146484375
 30
0.0
 11
-125.2982700280978
 21
-121.025146484375
 31
0.0
  0
LINE
  5
A0
330
A
100
AcDbEntity
  8
1.2DEMO
  6
Continuous
 48
2.0
370
     0
 62
    11
284
     3
100
AcDbLine
 10
-45.79827002809792
 20
-122.5932262526348
 30
0.0
 11
-41.29827002809791
 21
-122.5932262526348
 31
0.0
  0
LINE
  5
A1
330
A
100
AcDbEntity
  8
1.2DEMO
  6
Continuous
 48
2.0
370
     0
 62
    11
284
     3
100
AcDbLine
 10
-45.79827117919922
 20
-119.8053585281099
 30
0.0
 11
-45.7982711791992
 21
-122.5932262526348
 31
0.0
  0
LINE
  5
A2
330
A
100
AcDbEntity
  8
1.2DEMO
  6
Continuous
 48
2.0
370
     0
 62
    11
284
     3
100
AcDbLine
 10
-45.79827002809791
 20
-92.1652560456796
 30
0.0
 11
-41.2982711791992
 21
-92.16525604567957
 31
0.0
  0
LINE
  5
A3
330
A
100
AcDbEntity
  8
1.2DEMO
  6
Continuous
 48
2.0
370
     0
 62
    11
284
     3
100
AcDbLine
 10
-45.79827002809791
 20
-114.1652560456796
 30
0.0
 11
-41.2982711791992
 21
-114.1652560456796
 31
0.0
  0
LINE
  5
A4
330
A
100
AcDbEntity
  8
1.2DEMO
  6
Continuous
 48
2.0
370
     0
 62
    11
284
     3
100
AcDbLine
 10
-45.79827117919922
 20
-91.025146484375
 30
0.0
 11
-45.79827117919922
 21
-92.16525604567958
 31
0.0
  0
LINE
  5
A5
330
A
100
AcDbEntity
  8
1.2DEMO
  6
Continuous
 48
2.0
370
     0
 62
    11
284
     3
100
AcDbLine
 10
-45.79827117919922
 20
-114.1652560456796
 30
0.0
 11
-45.79827117919922
 21
-115.3053588867188
 31
0.0
  0
LINE
  5
A6
330
A
100
AcDbEntity
  8
1.2DEMO
  6
Continuous
 48
2.0
370
     0
 62
    11
284
     3
100
AcDbLine
 10
-41.29827117919922
 20
-114.1652560456796
 30
0.0
 11
-41.29827117919922
 21
-122.5932235717773
 31
0.0
  0
LINE
  5
A7
330
A
100
AcDbEntity
  8
1.2DEMO
  6
Continuous
 48
2.0
370
     0
 62
    11
284
     3
100
AcDbLine
 10
-45.7982700280979
 20
-80.52514648437499
 30
0.0
 11
-41.29827117919922
 21
-80.52514648437499
 31
0.0
  0
LINE
  5
A8
330
A
100
AcDbEntity
  8
1.2DEMO
  6
Continuous
 48
2.0
370
     0
 62
    11
284
     3
100
AcDbLine
 10
-45.79827111826872
 20
-30.52514648437499
 30
0.0
 11
-41.29827095382353
 21
-30.52514648437498
 31
0.0
  0
LINE
  5
A9
330
A
100
AcDbEntity
  8
1.2DEMO
  6
Continuous
 48
2.0
370
     0
 62
    11
284
     3
100
AcDbLine
 10
-45.79827104431056
 20
-4.59915517076831
 30
0.0
 11
-45.79827109890856
 21
-23.09915520293645
 31
0.0
  0
LINE
  5
AA
330
A
100
AcDbEntity
  8
1.2DEMO
  6
Continuous
 48
2.0
370
     0
 62
    11
284
     3
100
AcDbLine
 10
-45.79827111225898
 20
-27.59915520293645
 30
0.0
 11
-45.79827111826872
 21
-30.52514648437499
 31
0.0
  0
LINE
  5
AB
330
A
100
AcDbEntity
  8
1.2DEMO
  6
Continuous
 48
2.0
370
     0
 62
    11
284
     3
100
AcDbLine
 10
29.95172997190216
 20
120.2248611450195
 30
0.0
 11
34.45172997190217
 21
120.2248611450195
 31
0.0
  0
LINE
  5
AC
330
A
100
AcDbEntity
  8
1.2DEMO
  6
Continuous
 48
2.0
370
     0
 62
    11
284
     3
100
AcDbLine
 10
-45.79827117919922
 20
83.47485351562503
 30
0.0
 11
-45.79827117919922
 21
117.362115143813
 31
0.0
  0
LINE
  5
AD
330
A
100
AcDbEntity
  8
1.2DEMO
  6
Continuous
 48
2.0
370
     0
 62
    11
284
     3
100
AcDbLine
 10
-41.29827117919922
 20
117.362115143813
 30
0.0
 11
-41.29827117919923
 21
82.56073006950085
 31
0.0
  0
LINE
  5
AE
330
A
100
AcDbEntity
  8
1.2DEMO
  6
Continuous
 48
3.0
370
     0
 62
    11
284
     3
100
AcDbLine
 10
-43.49987519425525
 20
-285.842529296875
 30
0.0
 11
-17.51098963775645
 21
-285.842529296875
 31
0.0
  0
POINT
  5
AF
330
A
100
AcDbEntity
  8
1.2DEMO
  6
Continuous
 48
2.0
370
     0
 62
    11
284
     3
100
AcDbPoint
 10
153.9496190395627
 20
72.22486114501953
 30
0.0
 50
0.0
  0
LINE
  5
B0
330
A
100
AcDbEntity
  8
1.2DEMO
  6
Continuous
 48
2.0
370
     0
 62
    11
284
     3
100
AcDbLine
 10
153.0070073452268
 20
72.84986114501953
 30
0.0
 11
153.0070073452268
 21
104.8498611450195
 31
0.0
  0
LINE
  5
B1
330
A
100
AcDbEntity
  8
1.2DEMO
  6
Continuous
 48
2.0
370
     0
 62
    11
284
     3
100
AcDbLine
 10
151.2570073452268
 20
72.84986114501953
 30
0.0
 11
151.2570073452268
 21
104.8498611450195
 31
0.0
  0
LINE
  5
B2
330
A
100
AcDbEntity
  8
1.2DEMO
  6
Continuous
 48
2.0
370
     0
 62
    11
284
     3
100
AcDbLine
 10
153.0070073452268
 20
72.84986114501953
 30
0.0
 11
151.2570073452268
 21
72.84986114501953
 31
0.0
  0
LINE
  5
B3
330
A
100
AcDbEntity
  8
1.2DEMO
  6
Continuous
 48
2.0
370
     0
 62
    11
284
     3
100
AcDbLine
 10
153.0070073452268
 20
104.8498611450195
 30
0.0
 11
151.2570073452268
 21
104.8498611450195
 31
0.0
  0
LINE
  5
B4
330
A
100
AcDbEntity
  8
1.2DEMO
  6
Continuous
 48
2.0
370
     0
 62
    11
284
     3
100
AcDbLine
 10
121.0067632046018
 20
66.97486114501953
 30
0.0
 11
117.0067632046018
 21
66.97486114501953
 31
0.0
  0
LINE
  5
B5
330
A
100
AcDbEntity
  8
1.2DEMO
  6
Continuous
 48
2.0
370
     0
 62
    11
284
     3
100
AcDbLine
 10
121.0067632046018
 20
72.84986114501953
 30
0.0
 11
117.0067632046018
 21
72.84986114501953
 31
0.0
  0
LINE
  5
B6
330
A
100
AcDbEntity
  8
1.2DEMO
  6
Continuous
 48
2.0
370
     0
 62
    11
284
     3
100
AcDbLine
 10
121.0067632046018
 20
72.84986114501953
 30
0.0
 11
121.0067632046018
 21
71.35034942626953
 31
0.0
  0
LINE
  5
B7
330
A
100
AcDbEntity
  8
1.2DEMO
  6
Continuous
 48
2.0
370
     0
 62
    11
284
     3
100
AcDbLine
 10
121.0067632046018
 20
68.85034942626953
 30
0.0
 11
121.0067632046018
 21
66.97486114501953
 31
0.0
  0
LINE
  5
B8
330
A
100
AcDbEntity
  8
1.2DEMO
  6
Continuous
 48
2.0
370
     0
 62
    11
284
     3
100
AcDbLine
 10
121.7567632046018
 20
68.85034942626953
 30
0.0
 11
121.0067632046018
 21
68.85034942626953
 31
0.0
  0
LINE
  5
B9
330
A
100
AcDbEntity
  8
1.2DEMO
  6
Continuous
 48
2.0
370
     0
 62
    11
284
     3
100
AcDbLine
 10
121.7567632046018
 20
71.35034942626953
 30
0.0
 11
121.0067632046018
 21
71.35034942626953
 31
0.0
  0
LINE
  5
BA
330
A
100
AcDbEntity
  8
1.2DEMO
  6
Continuous
 48
2.0
370
     0
 62
    11
284
     3
100
AcDbLine
 10
121.7567632046018
 20
71.35034942626953
 30
0.0
 11
121.7567632046018
 21
68.85034942626953
 31
0.0
  0
LINE
  5
BB
330
A
100
AcDbEntity
  8
1.2DEMO
  6
Continuous
 48
2.0
370
     0
 62
    11
284
     3
100
AcDbLine
 10
117.0067632046018
 20
72.84986114501953
 30
0.0
 11
117.0067632046018
 21
72.22486114501953
 31
0.0
  0
LINE
  5
BC
330
A
100
AcDbEntity
  8
1.2DEMO
  6
Continuous
 48
2.0
370
     0
 62
    11
284
     3
100
AcDbLine
 10
117.0067632046018
 20
66.97486114501953
 30
0.0
 11
117.0067632046018
 21
67.59986114501953
 31
0.0
  0
LINE
  5
BD
330
A
100
AcDbEntity
  8
1.2DEMO
  6
Continuous
 48
2.0
370
     0
 62
    11
284
     3
100
AcDbLine
 10
156.9496342983518
 20
66.97486114501953
 30
0.0
 11
152.9496342983518
 21
66.97486114501953
 31
0.0
  0
LINE
  5
BE
330
A
100
AcDbEntity
  8
1.2DEMO
  6
Continuous
 48
2.0
370
     0
 62
    11
284
     3
100
AcDbLine
 10
156.9496342983518
 20
72.84986114501953
 30
0.0
 11
152.9496342983518
 21
72.84986114501953
 31
0.0
  0
LINE
  5
BF
330
A
100
AcDbEntity
  8
1.2DEMO
  6
Continuous
 48
2.0
370
     0
 62
    11
284
     3
100
AcDbLine
 10
152.9496342983518
 20
72.84986114501953
 30
0.0
 11
152.9496342983518
 21
71.34937286376953
 31
0.0
  0
LINE
  5
C0
330
A
100
AcDbEntity
  8
1.2DEMO
  6
Continuous
 48
2.0
370
     0
 62
    11
284
     3
100
AcDbLine
 10
152.9496342983518
 20
68.84937286376953
 30
0.0
 11
152.9496342983518
 21
66.97486114501953
 31
0.0
  0
LINE
  5
C1
330
A
100
AcDbEntity
  8
1.2DEMO
  6
Continuous
 48
2.0
370
     0
 62
    11
284
     3
100
AcDbLine
 10
152.9496342983518
 20
68.84937286376953
 30
0.0
 11
152.1996342983518
 21
68.84937286376953
 31
0.0
  0
LINE
  5
C2
330
A
100
AcDbEntity
  8
1.2DEMO
  6
Continuous
 48
2.0
370
     0
 62
    11
284
     3
100
AcDbLine
 10
152.9496342983518
 20
71.34937286376953
 30
0.0
 11
152.1996342983518
 21
71.34937286376953
 31
0.0
  0
LINE
  5
C3
330
A
100
AcDbEntity
  8
1.2DEMO
  6
Continuous
 48
2.0
370
     0
 62
    11
284
     3
100
AcDbLine
 10
152.1996342983518
 20
71.34937286376953
 30
0.0
 11
152.1996342983518
 21
68.84937286376953
 31
0.0
  0
LINE
  5
C4
330
A
100
AcDbEntity
  8
1.2DEMO
  6
Continuous
 48
2.0
370
     0
 62
    11
284
     3
100
AcDbLine
 10
156.9496342983518
 20
72.84986114501953
 30
0.0
 11
156.9496342983518
 21
72.22486114501953
 31
0.0
  0
LINE
  5
C5
330
A
100
AcDbEntity
  8
1.2DEMO
  6
Continuous
 48
2.0
370
     0
 62
    11
284
     3
100
AcDbLine
 10
156.9496342983518
 20
66.97486114501953
 30
0.0
 11
156.9496342983518
 21
67.59986114501953
 31
0.0
  0
ARC
  5
C6
330
A
100
AcDbEntity
  8
1.2DEMO
  6
Continuous
 48
2.0
370
     0
 62
    11
284
     3
100
AcDbCircle
 10
152.9496190395627
 20
72.84986114501953
 30
0.0
 40
31.94286346435547
100
AcDbArc
 50
89.89724999999999
 51
180.0
  0
POINT
  5
C7
330
A
100
AcDbEntity
  8
1.2DEMO
  6
Continuous
 48
2.0
370
     0
 62
    11
284
     3
100
AcDbPoint
 10
24.40856579342933
 20
72.22486114501953
 30
0.0
 50
0.0
  0
LINE
  5
C8
330
A
100
AcDbEntity
  8
1.2DEMO
  6
Continuous
 48
2.0
370
     0
 62
    11
284
     3
100
AcDbLine
 10
23.46595409909339
 20
72.84986114501953
 30
0.0
 11
23.46595409909339
 21
104.8498611450195
 31
0.0
  0
LINE
  5
C9
330
A
100
AcDbEntity
  8
1.2DEMO
  6
Continuous
 48
2.0
370
     0
 62
    11
284
     3
100
AcDbLine
 10
21.71595409909339
 20
72.84986114501953
 30
0.0
 11
21.71595409909339
 21
104.8498611450195
 31
0.0
  0
LINE
  5
CA
330
A
100
AcDbEntity
  8
1.2DEMO
  6
Continuous
 48
2.0
370
     0
 62
    11
284
     3
100
AcDbLine
 10
23.46595409909339
 20
72.84986114501953
 30
0.0
 11
21.71595409909339
 21
72.84986114501953
 31
0.0
  0
LINE
  5
CB
330
A
100
AcDbEntity
  8
1.2DEMO
  6
Continuous
 48
2.0
370
     0
 62
    11
284
     3
100
AcDbLine
 10
23.46595409909339
 20
104.8498611450195
 30
0.0
 11
21.71595409909339
 21
104.8498611450195
 31
0.0
  0
LINE
  5
CC
330
A
100
AcDbEntity
  8
1.2DEMO
  6
Continuous
 48
2.0
370
     0
 62
    11
284
     3
100
AcDbLine
 10
-8.534290041531605
 20
66.97486114501953
 30
0.0
 11
-12.53429004153161
 21
66.97486114501953
 31
0.0
  0
LINE
  5
CD
330
A
100
AcDbEntity
  8
1.2DEMO
  6
Continuous
 48
2.0
370
     0
 62
    11
284
     3
100
AcDbLine
 10
-8.534290041531605
 20
72.84986114501953
 30
0.0
 11
-12.53429004153161
 21
72.84986114501953
 31
0.0
  0
LINE
  5
CE
330
A
100
AcDbEntity
  8
1.2DEMO
  6
Continuous
 48
2.0
370
     0
 62
    11
284
     3
100
AcDbLine
 10
-8.534290041531605
 20
72.84986114501953
 30
0.0
 11
-8.534290041531605
 21
71.35034942626953
 31
0.0
  0
LINE
  5
CF
330
A
100
AcDbEntity
  8
1.2DEMO
  6
Continuous
 48
2.0
370
     0
 62
    11
284
     3
100
AcDbLine
 10
-8.534290041531605
 20
68.85034942626953
 30
0.0
 11
-8.534290041531605
 21
66.97486114501953
 31
0.0
  0
LINE
  5
D0
330
A
100
AcDbEntity
  8
1.2DEMO
  6
Continuous
 48
2.0
370
     0
 62
    11
284
     3
100
AcDbLine
 10
-7.784290041531605
 20
68.85034942626953
 30
0.0
 11
-8.534290041531605
 21
68.85034942626953
 31
0.0
  0
LINE
  5
D1
330
A
100
AcDbEntity
  8
1.2DEMO
  6
Continuous
 48
2.0
370
     0
 62
    11
284
     3
100
AcDbLine
 10
-7.784290041531605
 20
71.35034942626953
 30
0.0
 11
-8.534290041531605
 21
71.35034942626953
 31
0.0
  0
LINE
  5
D2
330
A
100
AcDbEntity
  8
1.2DEMO
  6
Continuous
 48
2.0
370
     0
 62
    11
284
     3
100
AcDbLine
 10
-7.784290041531605
 20
71.35034942626953
 30
0.0
 11
-7.784290041531605
 21
68.85034942626953
 31
0.0
  0
LINE
  5
D3
330
A
100
AcDbEntity
  8
1.2DEMO
  6
Continuous
 48
2.0
370
     0
 62
    11
284
     3
100
AcDbLine
 10
-12.53429004153161
 20
72.84986114501953
 30
0.0
 11
-12.53429004153161
 21
72.22486114501953
 31
0.0
  0
LINE
  5
D4
330
A
100
AcDbEntity
  8
1.2DEMO
  6
Continuous
 48
2.0
370
     0
 62
    11
284
     3
100
AcDbLine
 10
-12.53429004153161
 20
66.97486114501953
 30
0.0
 11
-12.53429004153161
 21
67.59986114501953
 31
0.0
  0
LINE
  5
D5
330
A
100
AcDbEntity
  8
1.2DEMO
  6
Continuous
 48
2.0
370
     0
 62
    11
284
     3
100
AcDbLine
 10
27.40858105221839
 20
66.97486114501953
 30
0.0
 11
23.40858105221839
 21
66.97486114501953
 31
0.0
  0
LINE
  5
D6
330
A
100
AcDbEntity
  8
1.2DEMO
  6
Continuous
 48
2.0
370
     0
 62
    11
284
     3
100
AcDbLine
 10
27.40858105221839
 20
72.84986114501953
 30
0.0
 11
23.40858105221839
 21
72.84986114501953
 31
0.0
  0
LINE
  5
D7
330
A
100
AcDbEntity
  8
1.2DEMO
  6
Continuous
 48
2.0
370
     0
 62
    11
284
     3
100
AcDbLine
 10
23.40858105221839
 20
72.84986114501953
 30
0.0
 11
23.40858105221839
 21
71.34937286376953
 31
0.0
  0
LINE
  5
D8
330
A
100
AcDbEntity
  8
1.2DEMO
  6
Continuous
 48
2.0
370
     0
 62
    11
284
     3
100
AcDbLine
 10
23.40858105221839
 20
68.84937286376953
 30
0.0
 11
23.40858105221839
 21
66.97486114501953
 31
0.0
  0
LINE
  5
D9
330
A
100
AcDbEntity
  8
1.2DEMO
  6
Continuous
 48
2.0
370
     0
 62
    11
284
     3
100
AcDbLine
 10
23.40858105221839
 20
68.84937286376953
 30
0.0
 11
22.65858105221839
 21
68.84937286376953
 31
0.0
  0
LINE
  5
DA
330
A
100
AcDbEntity
  8
1.2DEMO
  6
Continuous
 48
2.0
370
     0
 62
    11
284
     3
100
AcDbLine
 10
23.40858105221839
 20
71.34937286376953
 30
0.0
 11
22.65858105221839
 21
71.34937286376953
 31
0.0
  0
LINE
  5
DB
330
A
100
AcDbEntity
  8
1.2DEMO
  6
Continuous
 48
2.0
370
     0
 62
    11
284
     3
100
AcDbLine
 10
22.65858105221839
 20
71.34937286376953
 30
0.0
 11
22.65858105221839
 21
68.84937286376953
 31
0.0
  0
LINE
  5
DC
330
A
100
AcDbEntity
  8
1.2DEMO
  6
Continuous
 48
2.0
370
     0
 62
    11
284
     3
100
AcDbLine
 10
27.40858105221839
 20
72.84986114501953
 30
0.0
 11
27.40858105221839
 21
72.22486114501953
 31
0.0
  0
LINE
  5
DD
330
A
100
AcDbEntity
  8
1.2DEMO
  6
Continuous
 48
2.0
370
     0
 62
    11
284
     3
100
AcDbLine
 10
27.40858105221839
 20
66.97486114501953
 30
0.0
 11
27.40858105221839
 21
67.59986114501953
 31
0.0
  0
ARC
  5
DE
330
A
100
AcDbEntity
  8
1.2DEMO
  6
Continuous
 48
2.0
370
     0
 62
    11
284
     3
100
AcDbCircle
 10
23.40856579342933
 20
72.84986114501953
 30
0.0
 40
31.94286346435547
100
AcDbArc
 50
89.89724999999999
 51
180.0
  0
POINT
  5
DF
330
A
100
AcDbEntity
  8
1.2DEMO
  6
Continuous
 48
2.0
370
     0
 62
    11
284
     3
100
AcDbPoint
 10
39.69961903956274
 20
72.22486114501953
 30
0.0
 50
0.0
  0
LINE
  5
E0
330
A
100
AcDbEntity
  8
1.2DEMO
  6
Continuous
 48
2.0
370
     0
 62
    11
284
     3
100
AcDbLine
 10
40.64223073389866
 20
72.84986114501953
 30
0.0
 11
40.64223073389866
 21
104.8498611450195
 31
0.0
  0
LINE
  5
E1
330
A
100
AcDbEntity
  8
1.2DEMO
  6
Continuous
 48
2.0
370
     0
 62
    11
284
     3
100
AcDbLine
 10
42.39223073389866
 20
72.84986114501953
 30
0.0
 11
42.39223073389866
 21
104.8498611450195
 31
0.0
  0
LINE
  5
E2
330
A
100
AcDbEntity
  8
1.2DEMO
  6
Continuous
 48
2.0
370
     0
 62
    11
284
     3
100
AcDbLine
 10
40.64223073389866
 20
72.84986114501953
 30
0.0
 11
42.39223073389866
 21
72.84986114501953
 31
0.0
  0
LINE
  5
E3
330
A
100
AcDbEntity
  8
1.2DEMO
  6
Continuous
 48
2.0
370
     0
 62
    11
284
     3
100
AcDbLine
 10
40.64223073389866
 20
104.8498611450195
 30
0.0
 11
42.39223073389866
 21
104.8498611450195
 31
0.0
  0
LINE
  5
E4
330
A
100
AcDbEntity
  8
1.2DEMO
  6
Continuous
 48
2.0
370
     0
 62
    11
284
     3
100
AcDbLine
 10
72.64247487452366
 20
66.97486114501953
 30
0.0
 11
76.64247487452366
 21
66.97486114501953
 31
0.0
  0
LINE
  5
E5
330
A
100
AcDbEntity
  8
1.2DEMO
  6
Continuous
 48
2.0
370
     0
 62
    11
284
     3
100
AcDbLine
 10
72.64247487452366
 20
72.84986114501953
 30
0.0
 11
76.64247487452366
 21
72.84986114501953
 31
0.0
  0
LINE
  5
E6
330
A
100
AcDbEntity
  8
1.2DEMO
  6
Continuous
 48
2.0
370
     0
 62
    11
284
     3
100
AcDbLine
 10
72.64247487452366
 20
72.84986114501953
 30
0.0
 11
72.64247487452366
 21
71.35034942626953
 31
0.0
  0
LINE
  5
E7
330
A
100
AcDbEntity
  8
1.2DEMO
  6
Continuous
 48
2.0
370
     0
 62
    11
284
     3
100
AcDbLine
 10
72.64247487452366
 20
68.85034942626953
 30
0.0
 11
72.64247487452366
 21
66.97486114501953
 31
0.0
  0
LINE
  5
E8
330
A
100
AcDbEntity
  8
1.2DEMO
  6
Continuous
 48
2.0
370
     0
 62
    11
284
     3
100
AcDbLine
 10
71.89247487452366
 20
68.85034942626953
 30
0.0
 11
72.64247487452366
 21
68.85034942626953
 31
0.0
  0
LINE
  5
E9
330
A
100
AcDbEntity
  8
1.2DEMO
  6
Continuous
 48
2.0
370
     0
 62
    11
284
     3
100
AcDbLine
 10
71.89247487452366
 20
71.35034942626953
 30
0.0
 11
72.64247487452366
 21
71.35034942626953
 31
0.0
  0
LINE
  5
EA
330
A
100
AcDbEntity
  8
1.2DEMO
  6
Continuous
 48
2.0
370
     0
 62
    11
284
     3
100
AcDbLine
 10
71.89247487452366
 20
71.35034942626953
 30
0.0
 11
71.89247487452366
 21
68.85034942626953
 31
0.0
  0
LINE
  5
EB
330
A
100
AcDbEntity
  8
1.2DEMO
  6
Continuous
 48
2.0
370
     0
 62
    11
284
     3
100
AcDbLine
 10
76.64247487452366
 20
72.84986114501953
 30
0.0
 11
76.64247487452366
 21
72.22486114501953
 31
0.0
  0
LINE
  5
EC
330
A
100
AcDbEntity
  8
1.2DEMO
  6
Continuous
 48
2.0
370
     0
 62
    11
284
     3
100
AcDbLine
 10
76.64247487452366
 20
66.97486114501953
 30
0.0
 11
76.64247487452366
 21
67.59986114501953
 31
0.0
  0
LINE
  5
ED
330
A
100
AcDbEntity
  8
1.2DEMO
  6
Continuous
 48
2.0
370
     0
 62
    11
284
     3
100
AcDbLine
 10
36.69960378077366
 20
66.97486114501953
 30
0.0
 11
40.69960378077366
 21
66.97486114501953
 31
0.0
  0
LINE
  5
EE
330
A
100
AcDbEntity
  8
1.2DEMO
  6
Continuous
 48
2.0
370
     0
 62
    11
284
     3
100
AcDbLine
 10
36.69960378077366
 20
72.84986114501953
 30
0.0
 11
40.69960378077366
 21
72.84986114501953
 31
0.0
  0
LINE
  5
EF
330
A
100
AcDbEntity
  8
1.2DEMO
  6
Continuous
 48
2.0
370
     0
 62
    11
284
     3
100
AcDbLine
 10
40.69960378077366
 20
72.84986114501953
 30
0.0
 11
40.69960378077366
 21
71.34937286376953
 31
0.0
  0
LINE
  5
F0
330
A
100
AcDbEntity
  8
1.2DEMO
  6
Continuous
 48
2.0
370
     0
 62
    11
284
     3
100
AcDbLine
 10
40.69960378077366
 20
68.84937286376953
 30
0.0
 11
40.69960378077366
 21
66.97486114501953
 31
0.0
  0
LINE
  5
F1
330
A
100
AcDbEntity
  8
1.2DEMO
  6
Continuous
 48
2.0
370
     0
 62
    11
284
     3
100
AcDbLine
 10
40.69960378077366
 20
68.84937286376953
 30
0.0
 11
41.44960378077366
 21
68.84937286376953
 31
0.0
  0
LINE
  5
F2
330
A
100
AcDbEntity
  8
1.2DEMO
  6
Continuous
 48
2.0
370
     0
 62
    11
284
     3
100
AcDbLine
 10
40.69960378077366
 20
71.34937286376953
 30
0.0
 11
41.44960378077366
 21
71.34937286376953
 31
0.0
  0
LINE
  5
F3
330
A
100
AcDbEntity
  8
1.2DEMO
  6
Continuous
 48
2.0
370
     0
 62
    11
284
     3
100
AcDbLine
 10
41.44960378077366
 20
71.34937286376953
 30
0.0
 11
41.44960378077366
 21
68.84937286376953
 31
0.0
  0
LINE
  5
F4
330
A
100
AcDbEntity
  8
1.2DEMO
  6
Continuous
 48
2.0
370
     0
 62
    11
284
     3
100
AcDbLine
 10
36.69960378077366
 20
72.84986114501953
 30
0.0
 11
36.69960378077366
 21
72.22486114501953
 31
0.0
  0
LINE
  5
F5
330
A
100
AcDbEntity
  8
1.2DEMO
  6
Continuous
 48
2.0
370
     0
 62
    11
284
     3
100
AcDbLine
 10
36.69960378077366
 20
66.97486114501953
 30
0.0
 11
36.69960378077366
 21
67.59986114501953
 31
0.0
  0
ARC
  5
F6
330
A
100
AcDbEntity
  8
1.2DEMO
  6
Continuous
 48
2.0
370
     0
 62
    11
284
     3
100
AcDbCircle
 10
40.69961903956273
 20
72.84986114501953
 30
0.0
 40
31.94286346435547
100
AcDbArc
 50
0.0
 51
90.10275000000001
  0
POINT
  5
F7
330
A
100
AcDbEntity
  8
1.2DEMO
  6
Continuous
 48
2.0
370
     0
 62
    11
284
     3
100
AcDbPoint
 10
195.4005876842384
 20
39.72485733032227
 30
0.0
 50
0.0
  0
LINE
  5
F8
330
A
100
AcDbEntity
  8
1.2DEMO
  6
Continuous
 48
2.0
370
     0
 62
    11
284
     3
100
AcDbLine
 10
196.3431993785743
 20
39.09985733032227
 30
0.0
 11
196.3431993785743
 21
15.09985733032227
 31
0.0
  0
LINE
  5
F9
330
A
100
AcDbEntity
  8
1.2DEMO
  6
Continuous
 48
2.0
370
     0
 62
    11
284
     3
100
AcDbLine
 10
198.0931993785743
 20
39.09985733032227
 30
0.0
 11
198.0931993785743
 21
15.09985733032227
 31
0.0
  0
LINE
  5
FA
330
A
100
AcDbEntity
  8
1.2DEMO
  6
Continuous
 48
2.0
370
     0
 62
    11
284
     3
100
AcDbLine
 10
196.3431993785743
 20
39.09985733032227
 30
0.0
 11
198.0931993785743
 21
39.09985733032227
 31
0.0
  0
LINE
  5
FB
330
A
100
AcDbEntity
  8
1.2DEMO
  6
Continuous
 48
2.0
370
     0
 62
    11
284
     3
100
AcDbLine
 10
196.3431993785743
 20
15.09985733032227
 30
0.0
 11
198.0931993785743
 21
15.09985733032227
 31
0.0
  0
LINE
  5
FC
330
A
100
AcDbEntity
  8
1.2DEMO
  6
Continuous
 48
2.0
370
     0
 62
    11
284
     3
100
AcDbLine
 10
220.3434435191993
 20
44.97485733032226
 30
0.0
 11
224.3434435191993
 21
44.97485733032226
 31
0.0
  0
LINE
  5
FD
330
A
100
AcDbEntity
  8
1.2DEMO
  6
Continuous
 48
2.0
370
     0
 62
    11
284
     3
100
AcDbLine
 10
220.3434435191993
 20
39.09985733032226
 30
0.0
 11
224.3434435191993
 21
39.09985733032226
 31
0.0
  0
LINE
  5
FE
330
A
100
AcDbEntity
  8
1.2DEMO
  6
Continuous
 48
2.0
370
     0
 62
    11
284
     3
100
AcDbLine
 10
220.3434435191993
 20
39.09985733032226
 30
0.0
 11
220.3434435191993
 21
40.59936904907226
 31
0.0
  0
LINE
  5
FF
330
A
100
AcDbEntity
  8
1.2DEMO
  6
Continuous
 48
2.0
370
     0
 62
    11
284
     3
100
AcDbLine
 10
220.3434435191993
 20
43.09936904907226
 30
0.0
 11
220.3434435191993
 21
44.97485733032226
 31
0.0
  0
LINE
  5
100
330
A
100
AcDbEntity
  8
1.2DEMO
  6
Continuous
 48
2.0
370
     0
 62
    11
284
     3
100
AcDbLine
 10
219.5934435191993
 20
43.09936904907226
 30
0.0
 11
220.3434435191993
 21
43.09936904907226
 31
0.0
  0
LINE
  5
101
330
A
100
AcDbEntity
  8
1.2DEMO
  6
Continuous
 48
2.0
370
     0
 62
    11
284
     3
100
AcDbLine
 10
219.5934435191993
 20
40.59936904907226
 30
0.0
 11
220.3434435191993
 21
40.59936904907226
 31
0.0
  0
LINE
  5
102
330
A
100
AcDbEntity
  8
1.2DEMO
  6
Continuous
 48
2.0
370
     0
 62
    11
284
     3
100
AcDbLine
 10
219.5934435191993
 20
40.59936904907226
 30
0.0
 11
219.5934435191993
 21
43.09936904907226
 31
0.0
  0
LINE
  5
103
330
A
100
AcDbEntity
  8
1.2DEMO
  6
Continuous
 48
2.0
370
     0
 62
    11
284
     3
100
AcDbLine
 10
224.3434435191993
 20
39.09985733032226
 30
0.0
 11
224.3434435191993
 21
39.72485733032226
 31
0.0
  0
LINE
  5
104
330
A
100
AcDbEntity
  8
1.2DEMO
  6
Continuous
 48
2.0
370
     0
 62
    11
284
     3
100
AcDbLine
 10
224.3434435191993
 20
44.97485733032226
 30
0.0
 11
224.3434435191993
 21
44.34985733032226
 31
0.0
  0
LINE
  5
105
330
A
100
AcDbEntity
  8
1.2DEMO
  6
Continuous
 48
2.0
370
     0
 62
    11
284
     3
100
AcDbLine
 10
193.1996190395627
 20
44.97485733032227
 30
0.0
 11
196.4005724254493
 21
44.97485733032227
 31
0.0
  0
LINE
  5
106
330
A
100
AcDbEntity
  8
1.2DEMO
  6
Continuous
 48
2.0
370
     0
 62
    11
284
     3
100
AcDbLine
 10
193.1996190395627
 20
39.09985733032227
 30
0.0
 11
196.4005724254493
 21
39.09985733032227
 31
0.0
  0
LINE
  5
107
330
A
100
AcDbEntity
  8
1.2DEMO
  6
Continuous
 48
2.0
370
     0
 62
    11
284
     3
100
AcDbLine
 10
196.4005724254493
 20
39.09985733032227
 30
0.0
 11
196.4005724254493
 21
40.60034561157227
 31
0.0
  0
LINE
  5
108
330
A
100
AcDbEntity
  8
1.2DEMO
  6
Continuous
 48
2.0
370
     0
 62
    11
284
     3
100
AcDbLine
 10
196.4005724254493
 20
43.10034561157227
 30
0.0
 11
196.4005724254493
 21
44.97485733032227
 31
0.0
  0
LINE
  5
109
330
A
100
AcDbEntity
  8
1.2DEMO
  6
Continuous
 48
2.0
370
     0
 62
    11
284
     3
100
AcDbLine
 10
196.4005724254493
 20
43.10034561157227
 30
0.0
 11
197.1505724254493
 21
43.10034561157227
 31
0.0
  0
LINE
  5
10A
330
A
100
AcDbEntity
  8
1.2DEMO
  6
Continuous
 48
2.0
370
     0
 62
    11
284
     3
100
AcDbLine
 10
196.4005724254493
 20
40.60034561157227
 30
0.0
 11
197.1505724254493
 21
40.60034561157227
 31
0.0
  0
LINE
  5
10B
330
A
100
AcDbEntity
  8
1.2DEMO
  6
Continuous
 48
2.0
370
     0
 62
    11
284
     3
100
AcDbLine
 10
197.1505724254493
 20
40.60034561157227
 30
0.0
 11
197.1505724254493
 21
43.10034561157227
 31
0.0
  0
LINE
  5
10C
330
A
100
AcDbEntity
  8
1.2DEMO
  6
Continuous
 48
2.0
370
     0
 62
    11
284
     3
100
AcDbLine
 10
193.1996190395627
 20
39.09985733032227
 30
0.0
 11
193.1996190395627
 21
39.72485733032227
 31
0.0
  0
LINE
  5
10D
330
A
100
AcDbEntity
  8
1.2DEMO
  6
Continuous
 48
2.0
370
     0
 62
    11
284
     3
100
AcDbLine
 10
193.1996190395627
 20
44.97485733032227
 30
0.0
 11
193.1996190395627
 21
44.34985733032227
 31
0.0
  0
ARC
  5
10E
330
A
100
AcDbEntity
  8
1.2DEMO
  6
Continuous
 48
2.0
370
     0
 62
    11
284
     3
100
AcDbCircle
 10
196.3934208053663
 20
39.10702420919426
 30
0.0
 40
23.9500314155466
100
AcDbArc
 50
269.8801046397015
 51
359.9828546397016
  0
POINT
  5
10F
330
A
100
AcDbEntity
  8
1.2DEMO
  6
Continuous
 48
2.0
370
     0
 62
    11
284
     3
100
AcDbPoint
 10
-41.2982711791992
 20
-92.16525604567957
 30
0.0
 50
0.0
  0
LINE
  5
110
330
A
100
AcDbEntity
  8
1.2DEMO
  6
Continuous
 48
2.0
370
     0
 62
    11
284
     3
100
AcDbLine
 10
-40.6732711791992
 20
-93.10786774001551
 30
0.0
 11
-20.67327117919921
 21
-93.10786774001551
 31
0.0
  0
LINE
  5
111
330
A
100
AcDbEntity
  8
1.2DEMO
  6
Continuous
 48
2.0
370
     0
 62
    11
284
     3
100
AcDbLine
 10
-40.6732711791992
 20
-94.85786774001551
 30
0.0
 11
-20.67327117919921
 21
-94.85786774001551
 31
0.0
  0
LINE
  5
112
330
A
100
AcDbEntity
  8
1.2DEMO
  6
Continuous
 48
2.0
370
     0
 62
    11
284
     3
100
AcDbLine
 10
-40.6732711791992
 20
-93.10786774001551
 30
0.0
 11
-40.6732711791992
 21
-94.85786774001551
 31
0.0
  0
LINE
  5
113
330
A
100
AcDbEntity
  8
1.2DEMO
  6
Continuous
 48
2.0
370
     0
 62
    11
284
     3
100
AcDbLine
 10
-20.67327117919921
 20
-93.10786774001551
 30
0.0
 11
-20.67327117919921
 21
-94.85786774001551
 31
0.0
  0
LINE
  5
114
330
A
100
AcDbEntity
  8
1.2DEMO
  6
Continuous
 48
2.0
370
     0
 62
    11
284
     3
100
AcDbLine
 10
-46.5482711791992
 20
-113.1081118806405
 30
0.0
 11
-46.5482711791992
 21
-115.1081118806405
 31
0.0
  0
LINE
  5
115
330
A
100
AcDbEntity
  8
1.2DEMO
  6
Continuous
 48
2.0
370
     0
 62
    11
284
     3
100
AcDbLine
 10
-40.6732711791992
 20
-113.1081118806405
 30
0.0
 11
-40.6732711791992
 21
-117.1081118806405
 31
0.0
  0
LINE
  5
116
330
A
100
AcDbEntity
  8
1.2DEMO
  6
Continuous
 48
2.0
370
     0
 62
    11
284
     3
100
AcDbLine
 10
-40.6732711791992
 20
-113.1081118806405
 30
0.0
 11
-42.1727828979492
 21
-113.1081118806405
 31
0.0
  0
LINE
  5
117
330
A
100
AcDbEntity
  8
1.2DEMO
  6
Continuous
 48
2.0
370
     0
 62
    11
284
     3
100
AcDbLine
 10
-44.6727828979492
 20
-113.1081118806405
 30
0.0
 11
-46.5482711791992
 21
-113.1081118806405
 31
0.0
  0
LINE
  5
118
330
A
100
AcDbEntity
  8
1.2DEMO
  6
Continuous
 48
2.0
370
     0
 62
    11
284
     3
100
AcDbLine
 10
-44.6727828979492
 20
-112.3581118806405
 30
0.0
 11
-44.6727828979492
 21
-113.1081118806405
 31
0.0
  0
LINE
  5
119
330
A
100
AcDbEntity
  8
1.2DEMO
  6
Continuous
 48
2.0
370
     0
 62
    11
284
     3
100
AcDbLine
 10
-42.1727828979492
 20
-112.3581118806405
 30
0.0
 11
-42.1727828979492
 21
-113.1081118806405
 31
0.0
  0
LINE
  5
11A
330
A
100
AcDbEntity
  8
1.2DEMO
  6
Continuous
 48
2.0
370
     0
 62
    11
284
     3
100
AcDbLine
 10
-42.1727828979492
 20
-112.3581118806405
 30
0.0
 11
-44.6727828979492
 21
-112.3581118806405
 31
0.0
  0
LINE
  5
11B
330
A
100
AcDbEntity
  8
1.2DEMO
  6
Continuous
 48
2.0
370
     0
 62
    11
284
     3
100
AcDbLine
 10
-40.6732711791992
 20
-117.1081118806405
 30
0.0
 11
-41.2982711791992
 21
-117.1081118806405
 31
0.0
  0
LINE
  5
11C
330
A
100
AcDbEntity
  8
1.2DEMO
  6
Continuous
 48
2.0
370
     0
 62
    11
284
     3
100
AcDbLine
 10
-46.5482711791992
 20
-115.1081118806405
 30
0.0
 11
-45.9232711791992
 21
-115.1081118806405
 31
0.0
  0
LINE
  5
11D
330
A
100
AcDbEntity
  8
1.2DEMO
  6
Continuous
 48
2.0
370
     0
 62
    11
284
     3
100
AcDbLine
 10
-46.5482711791992
 20
-91.16524078689051
 30
0.0
 11
-46.5482711791992
 21
-93.16524078689051
 31
0.0
  0
LINE
  5
11E
330
A
100
AcDbEntity
  8
1.2DEMO
  6
Continuous
 48
2.0
370
     0
 62
    11
284
     3
100
AcDbLine
 10
-40.6732711791992
 20
-89.16524078689051
 30
0.0
 11
-40.6732711791992
 21
-93.16524078689051
 31
0.0
  0
LINE
  5
11F
330
A
100
AcDbEntity
  8
1.2DEMO
  6
Continuous
 48
2.0
370
     0
 62
    11
284
     3
100
AcDbLine
 10
-40.6732711791992
 20
-93.16524078689051
 30
0.0
 11
-42.1737594604492
 21
-93.16524078689051
 31
0.0
  0
LINE
  5
120
330
A
100
AcDbEntity
  8
1.2DEMO
  6
Continuous
 48
2.0
370
     0
 62
    11
284
     3
100
AcDbLine
 10
-44.6737594604492
 20
-93.16524078689051
 30
0.0
 11
-46.5482711791992
 21
-93.16524078689051
 31
0.0
  0
LINE
  5
121
330
A
100
AcDbEntity
  8
1.2DEMO
  6
Continuous
 48
2.0
370
     0
 62
    11
284
     3
100
AcDbLine
 10
-44.6737594604492
 20
-93.16524078689051
 30
0.0
 11
-44.6737594604492
 21
-93.91524078689051
 31
0.0
  0
LINE
  5
122
330
A
100
AcDbEntity
  8
1.2DEMO
  6
Continuous
 48
2.0
370
     0
 62
    11
284
     3
100
AcDbLine
 10
-42.1737594604492
 20
-93.16524078689051
 30
0.0
 11
-42.1737594604492
 21
-93.91524078689051
 31
0.0
  0
LINE
  5
123
330
A
100
AcDbEntity
  8
1.2DEMO
  6
Continuous
 48
2.0
370
     0
 62
    11
284
     3
100
AcDbLine
 10
-42.1737594604492
 20
-93.91524078689051
 30
0.0
 11
-44.6737594604492
 21
-93.91524078689051
 31
0.0
  0
LINE
  5
124
330
A
100
AcDbEntity
  8
1.2DEMO
  6
Continuous
 48
2.0
370
     0
 62
    11
284
     3
100
AcDbLine
 10
-40.6732711791992
 20
-89.16524078689051
 30
0.0
 11
-41.2982711791992
 21
-89.16524078689051
 31
0.0
  0
LINE
  5
125
330
A
100
AcDbEntity
  8
1.2DEMO
  6
Continuous
 48
2.0
370
     0
 62
    11
284
     3
100
AcDbLine
 10
-46.5482711791992
 20
-91.16524078689051
 30
0.0
 11
-45.9232711791992
 21
-91.16524078689051
 31
0.0
  0
ARC
  5
126
330
A
100
AcDbEntity
  8
1.2DEMO
  6
Continuous
 48
2.0
370
     0
 62
    11
284
     3
100
AcDbCircle
 10
-40.68402149750723
 20
-93.15450572737154
 30
0.0
 40
19.95361667861347
100
AcDbArc
 50
270.0308689851666
 51
360.1336189851666
  0
POINT
  5
127
330
A
100
AcDbEntity
  8
1.2DEMO
  6
Continuous
 48
2.0
370
     0
 62
    11
284
     3
100
AcDbPoint
 10
-45.7982711791992
 20
-122.5932262526348
 30
0.0
 50
0.0
  0
LINE
  5
128
330
A
100
AcDbEntity
  8
1.2DEMO
  6
Continuous
 48
2.0
370
     0
 62
    11
284
     3
100
AcDbLine
 10
-46.4232711791992
 20
-123.5358379469707
 30
0.0
 11
-78.4232711791992
 21
-123.5358379469707
 31
0.0
  0
LINE
  5
129
330
A
100
AcDbEntity
  8
1.2DEMO
  6
Continuous
 48
2.0
370
     0
 62
    11
284
     3
100
AcDbLine
 10
-46.4232711791992
 20
-125.2858379469707
 30
0.0
 11
-78.4232711791992
 21
-125.2858379469707
 31
0.0
  0
LINE
  5
12A
330
A
100
AcDbEntity
  8
1.2DEMO
  6
Continuous
 48
2.0
370
     0
 62
    11
284
     3
100
AcDbLine
 10
-46.4232711791992
 20
-123.5358379469707
 30
0.0
 11
-46.4232711791992
 21
-125.2858379469707
 31
0.0
  0
LINE
  5
12B
330
A
100
AcDbEntity
  8
1.2DEMO
  6
Continuous
 48
2.0
370
     0
 62
    11
284
     3
100
AcDbLine
 10
-78.4232711791992
 20
-123.5358379469707
 30
0.0
 11
-78.4232711791992
 21
-125.2858379469707
 31
0.0
  0
LINE
  5
12C
330
A
100
AcDbEntity
  8
1.2DEMO
  6
Continuous
 48
2.0
370
     0
 62
    11
284
     3
100
AcDbLine
 10
-40.5482711791992
 20
-155.5360820875957
 30
0.0
 11
-40.5482711791992
 21
-159.5360820875957
 31
0.0
  0
LINE
  5
12D
330
A
100
AcDbEntity
  8
1.2DEMO
  6
Continuous
 48
2.0
370
     0
 62
    11
284
     3
100
AcDbLine
 10
-46.4232711791992
 20
-155.5360820875957
 30
0.0
 11
-46.4232711791992
 21
-159.5360820875957
 31
0.0
  0
LINE
  5
12E
330
A
100
AcDbEntity
  8
1.2DEMO
  6
Continuous
 48
2.0
370
     0
 62
    11
284
     3
100
AcDbLine
 10
-46.4232711791992
 20
-155.5360820875957
 30
0.0
 11
-44.9237594604492
 21
-155.5360820875957
 31
0.0
  0
LINE
  5
12F
330
A
100
AcDbEntity
  8
1.2DEMO
  6
Continuous
 48
2.0
370
     0
 62
    11
284
     3
100
AcDbLine
 10
-42.4237594604492
 20
-155.5360820875957
 30
0.0
 11
-40.5482711791992
 21
-155.5360820875957
 31
0.0
  0
LINE
  5
130
330
A
100
AcDbEntity
  8
1.2DEMO
  6
Continuous
 48
2.0
370
     0
 62
    11
284
     3
100
AcDbLine
 10
-42.4237594604492
 20
-154.7860820875957
 30
0.0
 11
-42.4237594604492
 21
-155.5360820875957
 31
0.0
  0
LINE
  5
131
330
A
100
AcDbEntity
  8
1.2DEMO
  6
Continuous
 48
2.0
370
     0
 62
    11
284
     3
100
AcDbLine
 10
-44.9237594604492
 20
-154.7860820875957
 30
0.0
 11
-44.9237594604492
 21
-155.5360820875957
 31
0.0
  0
LINE
  5
132
330
A
100
AcDbEntity
  8
1.2DEMO
  6
Continuous
 48
2.0
370
     0
 62
    11
284
     3
100
AcDbLine
 10
-44.9237594604492
 20
-154.7860820875957
 30
0.0
 11
-42.4237594604492
 21
-154.7860820875957
 31
0.0
  0
LINE
  5
133
330
A
100
AcDbEntity
  8
1.2DEMO
  6
Continuous
 48
2.0
370
     0
 62
    11
284
     3
100
AcDbLine
 10
-46.4232711791992
 20
-159.5360820875957
 30
0.0
 11
-45.7982711791992
 21
-159.5360820875957
 31
0.0
  0
LINE
  5
134
330
A
100
AcDbEntity
  8
1.2DEMO
  6
Continuous
 48
2.0
370
     0
 62
    11
284
     3
100
AcDbLine
 10
-40.5482711791992
 20
-159.5360820875957
 30
0.0
 11
-41.1732711791992
 21
-159.5360820875957
 31
0.0
  0
LINE
  5
135
330
A
100
AcDbEntity
  8
1.2DEMO
  6
Continuous
 48
2.0
370
     0
 62
    11
284
     3
100
AcDbLine
 10
-40.5482711791992
 20
-119.5932109938457
 30
0.0
 11
-40.5482711791992
 21
-123.5932109938457
 31
0.0
  0
LINE
  5
136
330
A
100
AcDbEntity
  8
1.2DEMO
  6
Continuous
 48
2.0
370
     0
 62
    11
284
     3
100
AcDbLine
 10
-46.4232711791992
 20
-119.5932109938457
 30
0.0
 11
-46.4232711791992
 21
-123.5932109938457
 31
0.0
  0
LINE
  5
137
330
A
100
AcDbEntity
  8
1.2DEMO
  6
Continuous
 48
2.0
370
     0
 62
    11
284
     3
100
AcDbLine
 10
-46.4232711791992
 20
-123.5932109938457
 30
0.0
 11
-44.9227828979492
 21
-123.5932109938457
 31
0.0
  0
LINE
  5
138
330
A
100
AcDbEntity
  8
1.2DEMO
  6
Continuous
 48
2.0
370
     0
 62
    11
284
     3
100
AcDbLine
 10
-42.4227828979492
 20
-123.5932109938457
 30
0.0
 11
-40.5482711791992
 21
-123.5932109938457
 31
0.0
  0
LINE
  5
139
330
A
100
AcDbEntity
  8
1.2DEMO
  6
Continuous
 48
2.0
370
     0
 62
    11
284
     3
100
AcDbLine
 10
-42.4227828979492
 20
-123.5932109938457
 30
0.0
 11
-42.4227828979492
 21
-124.3432109938457
 31
0.0
  0
LINE
  5
13A
330
A
100
AcDbEntity
  8
1.2DEMO
  6
Continuous
 48
2.0
370
     0
 62
    11
284
     3
100
AcDbLine
 10
-44.9227828979492
 20
-123.5932109938457
 30
0.0
 11
-44.9227828979492
 21
-124.3432109938457
 31
0.0
  0
LINE
  5
13B
330
A
100
AcDbEntity
  8
1.2DEMO
  6
Continuous
 48
2.0
370
     0
 62
    11
284
     3
100
AcDbLine
 10
-44.9227828979492
 20
-124.3432109938457
 30
0.0
 11
-42.4227828979492
 21
-124.3432109938457
 31
0.0
  0
LINE
  5
13C
330
A
100
AcDbEntity
  8
1.2DEMO
  6
Continuous
 48
2.0
370
     0
 62
    11
284
     3
100
AcDbLine
 10
-46.4232711791992
 20
-119.5932109938457
 30
0.0
 11
-45.7982711791992
 21
-119.5932109938457
 31
0.0
  0
LINE
  5
13D
330
A
100
AcDbEntity
  8
1.2DEMO
  6
Continuous
 48
2.0
370
     0
 62
    11
284
     3
100
AcDbLine
 10
-40.5482711791992
 20
-119.5932109938457
 30
0.0
 11
-41.1732711791992
 21
-119.5932109938457
 31
0.0
  0
ARC
  5
13E
330
A
100
AcDbEntity
  8
1.2DEMO
  6
Continuous
 48
2.0
370
     0
 62
    11
284
     3
100
AcDbCircle
 10
-46.4232711791992
 20
-123.5932262526348
 30
0.0
 40
31.94286346435547
100
AcDbArc
 50
179.89725
 51
270.0
  0
POINT
  5
13F
330
A
100
AcDbEntity
  8
1.2DEMO
  6
Continuous
 48
2.0
370
     0
 62
    11
284
     3
100
AcDbPoint
 10
-45.79827117919922
 20
-80.52514648437499
 30
0.0
 50
0.0
  0
LINE
  5
140
330
A
100
AcDbEntity
  8
1.2DEMO
  6
Continuous
 48
2.0
370
     0
 62
     3
284
     3
100
AcDbLine
 10
-40.54827117919922
 20
-31.59915520293645
 30
0.0
 11
-40.54827117919922
 21
-27.59915520293645
 31
0.0
  0
LINE
  5
141
330
A
100
AcDbEntity
  8
1.2DEMO
  6
Continuous
 48
2.0
370
     0
 62
     3
284
     3
100
AcDbLine
 10
-46.42327117919923
 20
-31.59915520293646
 30
0.0
 11
-46.42327117919922
 21
-28.23332811032742
 31
0.0
  0
LINE
  5
142
330
A
100
AcDbEntity
  8
1.2DEMO
  6
Continuous
 48
2.0
370
     0
 62
     3
284
     3
100
AcDbLine
 10
-46.42327117919923
 20
-31.59915520293646
 30
0.0
 11
-40.54827117919922
 21
-31.59915520293645
 31
0.0
  0
LINE
  5
143
330
A
100
AcDbEntity
  8
1.2DEMO
  6
Continuous
 48
2.0
370
     0
 62
    11
284
     3
100
AcDbLine
 10
-46.42327117919922
 20
-27.59915520293645
 30
0.0
 11
-45.79827117919922
 21
-27.59915520293645
 31
0.0
  0
LINE
  5
144
330
A
100
AcDbEntity
  8
1.2DEMO
  6
Continuous
 48
2.0
370
     0
 62
     3
284
     3
100
AcDbLine
 10
-40.54827117919922
 20
-27.59915520293645
 30
0.0
 11
-41.17327117919922
 21
-27.59915520293645
 31
0.0
  0
LINE
  5
145
330
A
100
AcDbEntity
  8
1.2DEMO
  6
Continuous
 48
2.0
370
     0
 62
    11
284
     3
100
AcDbLine
 10
-40.54827117919922
 20
-83.525146484375
 30
0.0
 11
-40.54827117919922
 21
-79.52514648437499
 31
0.0
  0
LINE
  5
146
330
A
100
AcDbEntity
  8
1.2DEMO
  6
Continuous
 48
2.0
370
     0
 62
    11
284
     3
100
AcDbLine
 10
-46.42327117919922
 20
-83.525146484375
 30
0.0
 11
-46.42327117919922
 21
-79.52514648437499
 31
0.0
  0
LINE
  5
147
330
A
100
AcDbEntity
  8
1.2DEMO
  6
Continuous
 48
2.0
370
     0
 62
    11
284
     3
100
AcDbLine
 10
-46.42327117919922
 20
-79.52514648437499
 30
0.0
 11
-40.54827117919922
 21
-79.52514648437499
 31
0.0
  0
LINE
  5
148
330
A
100
AcDbEntity
  8
1.2DEMO
  6
Continuous
 48
2.0
370
     0
 62
    11
284
     3
100
AcDbLine
 10
-46.42327117919922
 20
-83.525146484375
 30
0.0
 11
-45.79827117919922
 21
-83.525146484375
 31
0.0
  0
LINE
  5
149
330
A
100
AcDbEntity
  8
1.2DEMO
  6
Continuous
 48
2.0
370
     0
 62
    11
284
     3
100
AcDbLine
 10
-40.54827117919922
 20
-83.525146484375
 30
0.0
 11
-41.17327117919922
 21
-83.525146484375
 31
0.0
  0
POINT
  5
14A
330
A
100
AcDbEntity
  8
1.2DEMO
  6
Continuous
 48
2.0
370
     0
 62
    11
284
     3
100
AcDbPoint
 10
3.299617011932796
 20
140.9748573303223
 30
0.0
 50
0.0
  0
LINE
  5
14B
330
A
100
AcDbEntity
  8
1.2DEMO
  6
Continuous
 48
2.0
370
     0
 62
    11
284
     3
100
AcDbLine
 10
2.674617011932799
 20
201.9174842834473
 30
0.0
 11
-27.3253829880672
 21
201.9174842834473
 31
0.0
  0
LINE
  5
14C
330
A
100
AcDbEntity
  8
1.2DEMO
  6
Continuous
 48
2.0
370
     0
 62
    11
284
     3
100
AcDbLine
 10
2.674617011932799
 20
200.1674842834473
 30
0.0
 11
-27.3253829880672
 21
200.1674842834473
 31
0.0
  0
LINE
  5
14D
330
A
100
AcDbEntity
  8
1.2DEMO
  6
Continuous
 48
2.0
370
     0
 62
    11
284
     3
100
AcDbLine
 10
2.674617011932799
 20
201.9174842834473
 30
0.0
 11
2.674617011932799
 21
200.1674842834473
 31
0.0
  0
LINE
  5
14E
330
A
100
AcDbEntity
  8
1.2DEMO
  6
Continuous
 48
2.0
370
     0
 62
    11
284
     3
100
AcDbLine
 10
-27.3253829880672
 20
201.9174842834473
 30
0.0
 11
-27.3253829880672
 21
200.1674842834473
 31
0.0
  0
LINE
  5
14F
330
A
100
AcDbEntity
  8
1.2DEMO
  6
Continuous
 48
2.0
370
     0
 62
    11
284
     3
100
AcDbLine
 10
2.674617011932796
 20
141.9174842834473
 30
0.0
 11
-27.3253829880672
 21
141.9174842834473
 31
0.0
  0
LINE
  5
150
330
A
100
AcDbEntity
  8
1.2DEMO
  6
Continuous
 48
2.0
370
     0
 62
    11
284
     3
100
AcDbLine
 10
2.674617011932796
 20
143.6674842834473
 30
0.0
 11
-27.3253829880672
 21
143.6674842834473
 31
0.0
  0
LINE
  5
151
330
A
100
AcDbEntity
  8
1.2DEMO
  6
Continuous
 48
2.0
370
     0
 62
    11
284
     3
100
AcDbLine
 10
2.674617011932796
 20
141.9174842834473
 30
0.0
 11
2.674617011932796
 21
143.6674842834473
 31
0.0
  0
LINE
  5
152
330
A
100
AcDbEntity
  8
1.2DEMO
  6
Continuous
 48
2.0
370
     0
 62
    11
284
     3
100
AcDbLine
 10
-27.3253829880672
 20
141.9174842834473
 30
0.0
 11
-27.3253829880672
 21
143.6674842834473
 31
0.0
  0
ARC
  5
153
330
A
100
AcDbEntity
  8
1.2DEMO
  6
Continuous
 48
2.0
370
     0
 62
    11
284
     3
100
AcDbCircle
 10
2.674617011932796
 20
141.9174842834473
 30
0.0
 40
30.0
100
AcDbArc
 50
90.0
 51
176.66153
  0
ARC
  5
154
330
A
100
AcDbEntity
  8
1.2DEMO
  6
Continuous
 48
2.0
370
     0
 62
    11
284
     3
100
AcDbCircle
 10
2.674617011932799
 20
201.9174842834473
 30
0.0
 40
30.05099868774414
100
AcDbArc
 50
183.3384799999999
 51
269.9182999999999
  0
LINE
  5
155
330
A
100
AcDbEntity
  8
1.2DEMO
  6
Continuous
 48
2.0
370
     0
 62
    11
284
     3
100
AcDbLine
 10
8.549617011932796
 20
137.9748573303223
 30
0.0
 11
8.549617011932796
 21
141.9748573303223
 31
0.0
  0
LINE
  5
156
330
A
100
AcDbEntity
  8
1.2DEMO
  6
Continuous
 48
2.0
370
     0
 62
    11
284
     3
100
AcDbLine
 10
2.674617011932796
 20
137.9748573303223
 30
0.0
 11
2.674617011932796
 21
141.9748573303223
 31
0.0
  0
LINE
  5
157
330
A
100
AcDbEntity
  8
1.2DEMO
  6
Continuous
 48
2.0
370
     0
 62
    11
284
     3
100
AcDbLine
 10
2.674617011932796
 20
141.9748573303223
 30
0.0
 11
4.425105293182796
 21
141.9748573303223
 31
0.0
  0
LINE
  5
158
330
A
100
AcDbEntity
  8
1.2DEMO
  6
Continuous
 48
2.0
370
     0
 62
    11
284
     3
100
AcDbLine
 10
6.675105293182796
 20
141.9748573303223
 30
0.0
 11
8.549617011932796
 21
141.9748573303223
 31
0.0
  0
LINE
  5
159
330
A
100
AcDbEntity
  8
1.2DEMO
  6
Continuous
 48
2.0
370
     0
 62
    11
284
     3
100
AcDbLine
 10
6.675105293182796
 20
141.9748573303223
 30
0.0
 11
6.675105293182796
 21
142.7248573303223
 31
0.0
  0
LINE
  5
15A
330
A
100
AcDbEntity
  8
1.2DEMO
  6
Continuous
 48
2.0
370
     0
 62
    11
284
     3
100
AcDbLine
 10
4.425105293182796
 20
141.9748573303223
 30
0.0
 11
4.425105293182796
 21
142.7248573303223
 31
0.0
  0
LINE
  5
15B
330
A
100
AcDbEntity
  8
1.2DEMO
  6
Continuous
 48
2.0
370
     0
 62
    11
284
     3
100
AcDbLine
 10
4.425105293182796
 20
142.7248573303223
 30
0.0
 11
6.675105293182796
 21
142.7248573303223
 31
0.0
  0
LINE
  5
15C
330
A
100
AcDbEntity
  8
1.2DEMO
  6
Continuous
 48
2.0
370
     0
 62
    11
284
     3
100
AcDbLine
 10
2.674617011932796
 20
137.9748573303223
 30
0.0
 11
3.299617011932796
 21
137.9748573303223
 31
0.0
  0
LINE
  5
15D
330
A
100
AcDbEntity
  8
1.2DEMO
  6
Continuous
 48
2.0
370
     0
 62
    11
284
     3
100
AcDbLine
 10
8.549617011932796
 20
137.9748573303223
 30
0.0
 11
7.924617011932796
 21
137.9748573303223
 31
0.0
  0
LINE
  5
15E
330
A
100
AcDbEntity
  8
1.2DEMO
  6
Continuous
 48
2.0
370
     0
 62
    11
284
     3
100
AcDbLine
 10
8.549617011932799
 20
201.9177284240723
 30
0.0
 11
8.549617011932799
 21
205.9177284240722
 31
0.0
  0
LINE
  5
15F
330
A
100
AcDbEntity
  8
1.2DEMO
  6
Continuous
 48
2.0
370
     0
 62
    11
284
     3
100
AcDbLine
 10
2.674617011932799
 20
201.9177284240723
 30
0.0
 11
2.6746170119328
 21
205.9177284240722
 31
0.0
  0
LINE
  5
160
330
A
100
AcDbEntity
  8
1.2DEMO
  6
Continuous
 48
2.0
370
     0
 62
    11
284
     3
100
AcDbLine
 10
2.674617011932799
 20
201.9177284240723
 30
0.0
 11
4.424128730682799
 21
201.9177284240723
 31
0.0
  0
LINE
  5
161
330
A
100
AcDbEntity
  8
1.2DEMO
  6
Continuous
 48
2.0
370
     0
 62
    11
284
     3
100
AcDbLine
 10
6.674128730682799
 20
201.9177284240723
 30
0.0
 11
8.549617011932799
 21
201.9177284240723
 31
0.0
  0
LINE
  5
162
330
A
100
AcDbEntity
  8
1.2DEMO
  6
Continuous
 48
2.0
370
     0
 62
    11
284
     3
100
AcDbLine
 10
6.674128730682799
 20
201.1677284240723
 30
0.0
 11
6.674128730682799
 21
201.9177284240723
 31
0.0
  0
LINE
  5
163
330
A
100
AcDbEntity
  8
1.2DEMO
  6
Continuous
 48
2.0
370
     0
 62
    11
284
     3
100
AcDbLine
 10
4.424128730682799
 20
201.1677284240723
 30
0.0
 11
4.424128730682799
 21
201.9177284240723
 31
0.0
  0
LINE
  5
164
330
A
100
AcDbEntity
  8
1.2DEMO
  6
Continuous
 48
2.0
370
     0
 62
    11
284
     3
100
AcDbLine
 10
4.424128730682799
 20
201.1677284240723
 30
0.0
 11
6.674128730682799
 21
201.1677284240723
 31
0.0
  0
LINE
  5
165
330
A
100
AcDbEntity
  8
1.2DEMO
  6
Continuous
 48
2.0
370
     0
 62
    11
284
     3
100
AcDbLine
 10
2.6746170119328
 20
205.9177284240722
 30
0.0
 11
3.2996170119328
 21
205.9177284240722
 31
0.0
  0
LINE
  5
166
330
A
100
AcDbEntity
  8
1.2DEMO
  6
Continuous
 48
2.0
370
     0
 62
    11
284
     3
100
AcDbLine
 10
8.549617011932799
 20
205.9177284240722
 30
0.0
 11
7.924617011932799
 21
205.9177284240722
 31
0.0
  0
LINE
  5
167
330
A
100
AcDbEntity
  8
1.2DEMO
  6
Continuous
 48
2.0
370
     0
 62
    11
284
     3
100
AcDbLine
 10
221.9293348174524
 20
-20.06884476402045
 30
0.0
 11
254.7017211914062
 21
-20.06884476402047
 31
0.0
  0
LINE
  5
168
330
A
100
AcDbEntity
  8
1.2DEMO
  6
Continuous
 48
2.0
370
     0
 62
    11
284
     3
100
AcDbLine
 10
256.7017211914062
 20
-22.06884476402047
 30
0.0
 11
256.7017211914062
 21
-75.02514253577965
 31
0.0
  0
LINE
  5
169
330
A
100
AcDbEntity
  8
1.2DEMO
  6
Continuous
 48
2.0
370
     0
 62
    11
284
     3
100
AcDbLine
 10
254.7017211914062
 20
-77.02514253577965
 30
0.0
 11
189.9096931885183
 21
-77.02514253577961
 31
0.0
  0
LINE
  5
16A
330
A
100
AcDbEntity
  8
1.2DEMO
  6
Continuous
 48
2.0
370
     0
 62
    11
284
     3
100
AcDbLine
 10
188.2017211914062
 20
-53.79645929452506
 30
0.0
 11
188.2017211914062
 21
-75.02514253577961
 31
0.0
  0
LINE
  5
16B
330
A
100
AcDbEntity
  8
1.2DEMO
  6
Continuous
 48
2.0
370
     0
 62
    11
284
     3
100
AcDbLine
 10
189.2017211914062
 20
-76.02514253577961
 30
0.0
 11
221.7017211914062
 21
-49.54699364990006
 31
0.0
  0
LINE
  5
16C
330
A
100
AcDbEntity
  8
1.2DEMO
  6
Continuous
 48
2.0
370
     0
 62
    11
284
     3
100
AcDbLine
 10
223.7017211914062
 20
-47.54699364990006
 30
0.0
 11
255.7017211914062
 21
-21.06884476402047
 31
0.0
  0
LINE
  5
16D
330
A
100
AcDbEntity
  8
1.2DEMO
  6
Continuous
 48
2.0
370
     0
 62
    11
284
     3
100
AcDbLine
 10
223.7017211914062
 20
-49.54699364990006
 30
0.0
 11
255.7017211914062
 21
-76.02514253577965
 31
0.0
  0
ARC
  5
16E
330
A
100
AcDbEntity
  8
1.2DEMO
  6
Continuous
 48
2.0
370
     0
 62
    11
284
     3
100
AcDbCircle
 10
254.7017211914062
 20
-75.02514253577965
 30
0.0
 40
2.0
100
AcDbArc
 50
270.0
 51
360.0
  0
ARC
  5
16F
330
A
100
AcDbEntity
  8
1.2DEMO
  6
Continuous
 48
2.0
370
     0
 62
    11
284
     3
100
AcDbCircle
 10
190.2017211914062
 20
-75.02514253577959
 30
0.0
 40
2.000000000000007
100
AcDbArc
 50
179.9999931698116
 51
270.0
  0
ARC
  5
170
330
A
100
AcDbEntity
  8
1.2DEMO
  6
Continuous
 48
2.0
370
     0
 62
    11
284
     3
100
AcDbCircle
 10
254.7017211914062
 20
-22.06884476402047
 30
0.0
 40
2.0
100
AcDbArc
 50
0.0
 51
90.0
  0
CIRCLE
  5
171
330
A
100
AcDbEntity
  8
1.2DEMO
  6
Continuous
 48
2.0
370
     0
 62
    11
284
     3
100
AcDbCircle
 10
222.7017211914062
 20
-48.54699364990006
 30
0.0
 40
1.0
  0
LINE
  5
172
330
A
100
AcDbEntity
  8
1.2DEMO
  6
Continuous
 48
2.0
370
     0
 62
    11
284
     3
100
AcDbLine
 10
221.1009085994651
 20
-18.06884384155273
 30
0.0
 11
219.1009077306305
 21
-20.06884476402044
 31
0.0
  0
LINE
  5
173
330
A
100
AcDbEntity
  8
1.2DEMO
  6
Continuous
 48
2.0
370
     0
 62
    11
284
     3
100
AcDbLine
 10
188.2017211914062
 20
-50.96803213185452
 30
0.0
 11
186.7017211914062
 21
-52.46803217207936
 31
0.0
  0
LINE
  5
174
330
A
100
AcDbEntity
  8
1.2DEMO
  6
Continuous
 48
2.0
370
     0
 62
    11
284
     3
100
AcDbLine
 10
221.9293348174524
 20
-20.06884476402045
 30
0.0
 11
220.5151213119658
 21
-21.48305830743139
 31
0.0
  0
LINE
  5
175
330
A
100
AcDbEntity
  8
1.2DEMO
  6
Continuous
 48
2.0
370
     0
 62
    11
284
     3
100
AcDbLine
 10
219.1009077306305
 20
-20.06884476402045
 30
0.0
 11
188.2017211914062
 21
-50.9680321318545
 31
0.0
  0
LINE
  5
176
330
A
100
AcDbEntity
  8
1.2DEMO
  6
Continuous
 48
2.0
370
     0
 62
    11
284
     3
100
AcDbLine
 10
189.6159347727415
 20
-52.38224567526545
 30
0.0
 11
188.2017211914062
 21
-53.79645929452506
 31
0.0
  0
LINE
  5
177
330
A
100
AcDbEntity
  8
1.2DEMO
  6
Continuous
 48
2.0
370
     0
 62
    11
284
     3
100
AcDbLine
 10
219.1009077306305
 20
-20.06884476402045
 30
0.0
 11
220.5151213119658
 21
-21.48305830743138
 31
0.0
  0
LINE
  5
178
330
A
100
AcDbEntity
  8
1.2DEMO
  6
Continuous
 48
2.0
370
     0
 62
    11
284
     3
100
AcDbLine
 10
188.2017211914062
 20
-50.96803213185449
 30
0.0
 11
189.6159347727415
 21
-52.38224567526544
 31
0.0
  0
POINT
  5
179
330
A
100
AcDbEntity
  8
1.2DEMO
  6
Continuous
 48
2.0
370
     0
 62
    11
284
     3
100
AcDbPoint
 10
222.7017211914062
 20
-48.54699364990006
 30
0.0
 50
0.0
  0
LINE
  5
17A
330
A
100
AcDbEntity
  8
1.2DEMO
  6
Continuous
 48
2.0
370
     0
 62
    11
284
     3
100
AcDbLine
 10
221.7017211914062
 20
-47.54699364990006
 30
0.0
 11
205.2421238625183
 21
-33.92762900377754
 31
0.0
  0
LINE
  5
17B
330
A
100
AcDbEntity
  8
1.2DEMO
  6
Continuous
 48
2.0
370
     0
 62
    11
284
     3
100
AcDbLine
 10
242.8473076367389
 20
48.72256207273745
 30
0.0
 11
244.5540413747213
 21
48.72256207273745
 31
0.0
  0
LINE
  5
17C
330
A
100
AcDbEntity
  8
1.2DEMO
  6
Continuous
 48
2.0
370
     0
 62
    11
284
     3
100
AcDbLine
 10
242.3226969914348
 20
51.47903039751418
 30
0.0
 11
242.3226969914348
 21
50.6107186445663
 31
0.0
  0
LINE
  5
17D
330
A
100
AcDbEntity
  8
1.2DEMO
  6
Continuous
 48
2.0
370
     0
 62
    11
284
     3
100
AcDbLine
 10
245.0786520200255
 20
51.47903039751418
 30
0.0
 11
245.0786520200255
 21
50.6107186445663
 31
0.0
  0
LINE
  5
17E
330
A
100
AcDbEntity
  8
1.2DEMO
  6
Continuous
 48
2.0
370
     0
 62
    11
284
     3
100
AcDbLine
 10
242.5561440062721
 20
51.78326447043855
 30
0.0
 11
243.547825866684
 21
52.04898482410704
 31
0.0
  0
LINE
  5
17F
330
A
100
AcDbEntity
  8
1.2DEMO
  6
Continuous
 48
2.0
370
     0
 62
    11
284
     3
100
AcDbLine
 10
244.8452050051881
 20
51.78326447043855
 30
0.0
 11
243.8535231447764
 21
52.04898482410704
 31
0.0
  0
LINE
  5
180
330
A
100
AcDbEntity
  8
1.2DEMO
  6
Continuous
 48
2.0
370
     0
 62
    11
284
     3
100
AcDbLine
 10
243.0032160377561
 20
48.91943588443769
 30
0.0
 11
244.3981316400533
 21
48.91943588443769
 31
0.0
  0
CIRCLE
  5
181
330
A
100
AcDbEntity
  8
1.2DEMO
  6
Continuous
 48
2.0
370
     0
 62
    11
284
     3
100
AcDbCircle
 10
246.456629534309
 20
56.3998806170539
 30
0.0
 40
0.2755955028472618
  0
CIRCLE
  5
182
330
A
100
AcDbEntity
  8
1.2DEMO
  6
Continuous
 48
2.0
370
     0
 62
    11
284
     3
100
AcDbCircle
 10
240.9447194771512
 20
56.3998806170539
 30
0.0
 40
0.2755955028472618
  0
ARC
  5
183
330
A
100
AcDbEntity
  8
1.2DEMO
  6
Continuous
 48
2.0
370
     0
 62
    11
284
     3
100
AcDbCircle
 10
237.1060678301864
 20
48.534739302557
 30
0.0
 40
13.58290826504253
100
AcDbArc
 50
318.1113810674115
 51
353.9004956626813
  0
ARC
  5
184
330
A
100
AcDbEntity
  8
1.2DEMO
  6
Continuous
 48
2.0
370
     0
 62
    11
284
     3
100
AcDbCircle
 10
243.700667748031
 20
42.62009923496316
 30
0.0
 40
3.149662889811228
100
AcDbArc
 50
221.931840686311
 51
318.0538129744866
  0
ARC
  5
185
330
A
100
AcDbEntity
  8
1.2DEMO
  6
Continuous
 48
2.0
370
     0
 62
    11
284
     3
100
AcDbCircle
 10
237.1060678301864
 20
48.534739302557
 30
0.0
 40
12.00807682013691
100
AcDbArc
 50
318.1113810674112
 51
360.5511588912109
  0
ARC
  5
186
330
A
100
AcDbEntity
  8
1.2DEMO
  6
Continuous
 48
2.0
370
     0
 62
    11
284
     3
100
AcDbCircle
 10
243.2082443870372
 20
48.59344122856237
 30
0.0
 40
5.90561791842558
100
AcDbArc
 50
0.5511588912110519
 51
33.50544640969928
  0
ARC
  5
187
330
A
100
AcDbEntity
  8
1.2DEMO
  6
Continuous
 48
2.0
370
     0
 62
    11
284
     3
100
AcDbCircle
 10
243.2082443870372
 20
48.59344122856237
 30
0.0
 40
5.82687634615313
100
AcDbArc
 50
0.5511588912107805
 51
33.50544640999821
  0
ARC
  5
188
330
A
100
AcDbEntity
  8
1.2DEMO
  6
Continuous
 48
2.0
370
     0
 62
    11
284
     3
100
AcDbCircle
 10
237.1060678301864
 20
48.534739302557
 30
0.0
 40
11.92933524788808
100
AcDbArc
 50
341.9026336058838
 51
360.5511588912109
  0
ARC
  5
189
330
A
100
AcDbEntity
  8
1.2DEMO
  6
Continuous
 48
2.0
370
     0
 62
    11
284
     3
100
AcDbCircle
 10
243.7006745057183
 20
42.69884080721181
 30
0.0
 40
2.95280895921279
100
AcDbArc
 50
226.8058170584971
 51
313.1941829415029
  0
ARC
  5
18A
330
A
100
AcDbEntity
  8
1.2DEMO
  6
Continuous
 48
2.0
370
     0
 62
    11
284
     3
100
AcDbCircle
 10
238.7152494151632
 20
48.00885955422405
 30
0.0
 40
10.2364043918983
100
AcDbArc
 50
313.1941829414126
 51
341.9026336060128
  0
ARC
  5
18B
330
A
100
AcDbEntity
  8
1.2DEMO
  6
Continuous
 48
2.0
370
     0
 62
    11
284
     3
100
AcDbCircle
 10
240.3541576853086
 20
50.6107186445663
 30
0.0
 40
4.724494334716842
100
AcDbArc
 50
338.0652426596177
 51
360.0
  0
ARC
  5
18C
330
A
100
AcDbEntity
  8
1.2DEMO
  6
Continuous
 48
2.0
370
     0
 62
    11
284
     3
100
AcDbCircle
 10
244.5540413747213
 20
48.91941600333598
 30
0.0
 40
0.19685393062206
100
AcDbArc
 50
270.0
 51
338.0652426584685
  0
ARC
  5
18D
330
A
100
AcDbEntity
  8
1.2DEMO
  6
Continuous
 48
2.0
370
     0
 62
    11
284
     3
100
AcDbCircle
 10
247.0471913261516
 20
50.6107186445663
 30
0.0
 40
4.724494334716842
100
AcDbArc
 50
180.0
 51
201.9347573403822
  0
ARC
  5
18E
330
A
100
AcDbEntity
  8
1.2DEMO
  6
Continuous
 48
2.0
370
     0
 62
    11
284
     3
100
AcDbCircle
 10
242.8473076367389
 20
48.91941600333598
 30
0.0
 40
0.19685393062206
100
AcDbArc
 50
201.9347573415315
 51
270.0
  0
ARC
  5
18F
330
A
100
AcDbEntity
  8
1.2DEMO
  6
Continuous
 48
2.0
370
     0
 62
    11
284
     3
100
AcDbCircle
 10
243.7006745057183
 20
51.47854593734132
 30
0.0
 40
0.5905617918425575
100
AcDbArc
 50
74.99999999830446
 51
105.0000000016955
  0
ARC
  5
190
330
A
100
AcDbEntity
  8
1.2DEMO
  6
Continuous
 48
2.0
370
     0
 62
    11
284
     3
100
AcDbCircle
 10
242.6376632804065
 20
51.47903039751418
 30
0.0
 40
0.314966288971674
100
AcDbArc
 50
105.000000002703
 51
180.0
  0
ARC
  5
191
330
A
100
AcDbEntity
  8
1.2DEMO
  6
Continuous
 48
2.0
370
     0
 62
    11
284
     3
100
AcDbCircle
 10
244.7636857310538
 20
51.47903039751418
 30
0.0
 40
0.314966288971674
100
AcDbArc
 50
0.0
 51
74.999999997297
  0
ARC
  5
192
330
A
100
AcDbEntity
  8
1.2DEMO
  6
Continuous
 48
2.0
370
     0
 62
    11
284
     3
100
AcDbCircle
 10
243.0032160377561
 20
49.03754824278735
 30
0.0
 40
0.118112358373236
100
AcDbArc
 50
195.0809879152854
 51
270.0
  0
ARC
  5
193
330
A
100
AcDbEntity
  8
1.2DEMO
  6
Continuous
 48
2.0
370
     0
 62
    11
284
     3
100
AcDbCircle
 10
244.3981316400533
 20
49.03754824278735
 30
0.0
 40
0.118112358373236
100
AcDbArc
 50
270.0
 51
344.9189742193479
  0
ARC
  5
194
330
A
100
AcDbEntity
  8
1.2DEMO
  6
Continuous
 48
2.0
370
     0
 62
    11
284
     3
100
AcDbCircle
 10
234.9406745934382
 20
51.67539091302865
 30
0.0
 40
9.842696530677806
100
AcDbArc
 50
343.7397952917071
 51
360.0
  0
CIRCLE
  5
195
330
A
100
AcDbEntity
  8
1.2DEMO
  6
Continuous
 48
2.0
370
     0
 62
    11
284
     3
100
AcDbCircle
 10
246.456629534309
 20
56.3998806170539
 30
0.0
 40
0.275594924840544
  0
CIRCLE
  5
196
330
A
100
AcDbEntity
  8
1.2DEMO
  6
Continuous
 48
2.0
370
     0
 62
    11
284
     3
100
AcDbCircle
 10
240.9447194771512
 20
56.3998806170539
 30
0.0
 40
0.275594924840544
  0
ARC
  5
197
330
A
100
AcDbEntity
  8
1.2DEMO
  6
Continuous
 48
2.0
370
     0
 62
    11
284
     3
100
AcDbCircle
 10
237.1060678301864
 20
48.534739302557
 30
0.0
 40
13.58290826504253
100
AcDbArc
 50
318.1113810674115
 51
366.1132850777797
  0
ARC
  5
198
330
A
100
AcDbEntity
  8
1.2DEMO
  6
Continuous
 48
2.0
370
     0
 62
    11
284
     3
100
AcDbCircle
 10
54.87725539972925
 20
29.01736984040531
 30
0.0
 40
196.853931044256
100
AcDbArc
 50
6.113282386400318
 51
8.798339852122711
  0
ARC
  5
199
330
A
100
AcDbEntity
  8
1.2DEMO
  6
Continuous
 48
2.0
370
     0
 62
    11
284
     3
100
AcDbCircle
 10
244.3896632628719
 20
63.99534290074462
 30
0.0
 40
1.968539306126112
100
AcDbArc
 50
65.89033645714625
 51
89.48394872159822
  0
ARC
  5
19A
330
A
100
AcDbEntity
  8
1.2DEMO
  6
Continuous
 48
2.0
370
     0
 62
    11
284
     3
100
AcDbCircle
 10
243.0116857485883
 20
63.99534290074462
 30
0.0
 40
1.968539306126112
100
AcDbArc
 50
90.51605127839846
 51
114.1096635428584
  0
ARC
  5
19B
330
A
100
AcDbEntity
  8
1.2DEMO
  6
Continuous
 48
2.0
370
     0
 62
    11
284
     3
100
AcDbCircle
 10
243.7006744597499
 20
-12.49914920750075
 30
0.0
 40
78.46613422563026
100
AcDbArc
 50
89.48394868799355
 51
90.51605131200645
  0
ARC
  5
19C
330
A
100
AcDbEntity
  8
1.2DEMO
  6
Continuous
 48
2.0
370
     0
 62
    11
284
     3
100
AcDbCircle
 10
252.4606744180221
 20
51.67539091302865
 30
0.0
 40
9.842696530677806
100
AcDbArc
 50
180.0
 51
196.2602047082928
  0
ARC
  5
19D
330
A
100
AcDbEntity
  8
1.2DEMO
  6
Continuous
 48
2.0
370
     0
 62
    11
284
     3
100
AcDbCircle
 10
252.165393522103
 20
63.96693440620379
 30
0.0
 40
1.259861965050557
100
AcDbArc
 50
353.5441376538943
 51
442.1200804854014
  0
ARC
  5
19E
330
A
100
AcDbEntity
  8
1.2DEMO
  6
Continuous
 48
2.0
370
     0
 62
    11
284
     3
100
AcDbCircle
 10
251.5861705166775
 20
59.55425669758483
 30
0.0
 40
0.4330764998452679
100
AcDbArc
 50
275.7810803655039
 51
330.5219423226031
  0
ARC
  5
19F
330
A
100
AcDbEntity
  8
1.2DEMO
  6
Continuous
 48
2.0
370
     0
 62
    11
284
     3
100
AcDbCircle
 10
241.6809531776399
 20
65.1532155628729
 30
0.0
 40
11.81120085252742
100
AcDbArc
 50
330.5225044591076
 51
353.5445673329042
  0
ARC
  5
1A0
330
A
100
AcDbEntity
  8
1.2DEMO
  6
Continuous
 48
2.0
370
     0
 62
    11
284
     3
100
AcDbCircle
 10
241.6809531776399
 20
65.1532155628729
 30
0.0
 40
11.81120085252742
100
AcDbArc
 50
329.4293384920106
 51
330.5225044591076
  0
ARC
  5
1A1
330
A
100
AcDbEntity
  8
1.2DEMO
  6
Continuous
 48
2.0
370
     0
 62
    11
284
     3
100
AcDbCircle
 10
243.7006745057325
 20
137.4647116478986
 30
0.0
 40
78.74156529228675
100
AcDbArc
 50
275.7793660464038
 51
275.9407527216193
  0
ARC
  5
1A2
330
A
100
AcDbEntity
  8
1.2DEMO
  6
Continuous
 48
2.0
370
     0
 62
    11
284
     3
100
AcDbCircle
 10
243.7006745057325
 20
137.4647116478986
 30
0.0
 40
78.74156529228675
100
AcDbArc
 50
270.0
 51
275.7793660464039
  0
ARC
  5
1A3
330
A
100
AcDbEntity
  8
1.2DEMO
  6
Continuous
 48
2.0
370
     0
 62
    11
284
     3
100
AcDbCircle
 10
243.7006745057183
 20
42.62010547412387
 30
0.0
 40
4.724490304780015
100
AcDbArc
 50
222.1939405140915
 51
318.1113426721913
  0
ARC
  5
1A4
330
A
100
AcDbEntity
  8
1.2DEMO
  6
Continuous
 48
2.0
370
     0
 62
    11
284
     3
100
AcDbCircle
 10
250.2952811812739
 20
48.534739302557
 30
0.0
 40
13.58290826504253
100
AcDbArc
 50
187.2310498359933
 51
221.9948042281949
  0
ARC
  5
1A5
330
A
100
AcDbEntity
  8
1.2DEMO
  6
Continuous
 48
2.0
370
     0
 62
    11
284
     3
100
AcDbCircle
 10
243.7006745057183
 20
48.91944093437269
 30
0.0
 40
5.3150561265594
100
AcDbArc
 50
33.50544640999729
 51
146.4945535900027
  0
ARC
  5
1A6
330
A
100
AcDbEntity
  8
1.2DEMO
  6
Continuous
 48
2.0
370
     0
 62
    11
284
     3
100
AcDbCircle
 10
250.2952811812739
 20
48.534739302557
 30
0.0
 40
12.00807682013691
100
AcDbArc
 50
179.4488411087889
 51
221.8886189325884
  0
ARC
  5
1A7
330
A
100
AcDbEntity
  8
1.2DEMO
  6
Continuous
 48
2.0
370
     0
 62
    11
284
     3
100
AcDbCircle
 10
244.1931046244231
 20
48.59344122856237
 30
0.0
 40
5.90561791842558
100
AcDbArc
 50
146.4945535903007
 51
179.4488411087889
  0
ARC
  5
1A8
330
A
100
AcDbEntity
  8
1.2DEMO
  6
Continuous
 48
2.0
370
     0
 62
    11
284
     3
100
AcDbCircle
 10
243.7006745057183
 20
48.91944093437269
 30
0.0
 40
5.236314554310574
100
AcDbArc
 50
33.50544640999834
 51
146.4945535900017
  0
ARC
  5
1A9
330
A
100
AcDbEntity
  8
1.2DEMO
  6
Continuous
 48
2.0
370
     0
 62
    11
284
     3
100
AcDbCircle
 10
244.1931046244231
 20
48.59344122856237
 30
0.0
 40
5.82687634615313
100
AcDbArc
 50
146.4945535901979
 51
179.4488411087892
  0
ARC
  5
1AA
330
A
100
AcDbEntity
  8
1.2DEMO
  6
Continuous
 48
2.0
370
     0
 62
    11
284
     3
100
AcDbCircle
 10
250.2952811812739
 20
48.534739302557
 30
0.0
 40
11.92933524788808
100
AcDbArc
 50
179.4488411087891
 51
198.0973663941162
  0
ARC
  5
1AB
330
A
100
AcDbEntity
  8
1.2DEMO
  6
Continuous
 48
2.0
370
     0
 62
    11
284
     3
100
AcDbCircle
 10
248.686099596297
 20
48.00885955422405
 30
0.0
 40
10.23640439192192
100
AcDbArc
 50
198.0973663939868
 51
226.8058170584969
  0
ARC
  5
1AC
330
A
100
AcDbEntity
  8
1.2DEMO
  6
Continuous
 48
2.0
370
     0
 62
    11
284
     3
100
AcDbCircle
 10
243.7006745057183
 20
42.62010547412387
 30
0.0
 40
4.724490304780015
100
AcDbArc
 50
222.1939405140915
 51
318.1113426721913
  0
ARC
  5
1AD
330
A
100
AcDbEntity
  8
1.2DEMO
  6
Continuous
 48
2.0
370
     0
 62
    11
284
     3
100
AcDbCircle
 10
250.2952811812739
 20
48.534739302557
 30
0.0
 40
13.58290980767723
100
AcDbArc
 50
175.1847633227863
 51
221.8886140626071
  0
ARC
  5
1AE
330
A
100
AcDbEntity
  8
1.2DEMO
  6
Continuous
 48
2.0
370
     0
 62
    11
284
     3
100
AcDbCircle
 10
432.5240916160267
 20
29.01736984040531
 30
0.0
 40
196.8539306133907
100
AcDbArc
 50
171.2016600954153
 51
173.9762766675153
  0
ARC
  5
1AF
330
A
100
AcDbEntity
  8
1.2DEMO
  6
Continuous
 48
2.0
370
     0
 62
    11
284
     3
100
AcDbCircle
 10
235.2359554893619
 20
63.96693440620379
 30
0.0
 40
1.259837075021598
100
AcDbArc
 50
97.88169314060947
 51
186.4558623461039
  0
ARC
  5
1B0
330
A
100
AcDbEntity
  8
1.2DEMO
  6
Continuous
 48
2.0
370
     0
 62
    11
284
     3
100
AcDbCircle
 10
235.8151784947875
 20
59.55425669758483
 30
0.0
 40
0.4330764998452679
100
AcDbArc
 50
209.4780576773969
 51
264.2189196344961
  0
ARC
  5
1B1
330
A
100
AcDbEntity
  8
1.2DEMO
  6
Continuous
 48
2.0
370
     0
 62
    11
284
     3
100
AcDbCircle
 10
245.720395833825
 20
65.1532155628729
 30
0.0
 40
11.81120085252742
100
AcDbArc
 50
186.4554326670957
 51
209.4774955408921
  0
ARC
  5
1B2
330
A
100
AcDbEntity
  8
1.2DEMO
  6
Continuous
 48
2.0
370
     0
 62
    11
284
     3
100
AcDbCircle
 10
243.7006745057325
 20
2.816623108338717
 30
0.0
 40
62.99323192614244
100
AcDbArc
 50
82.11894968011021
 51
97.88108579150979
  0
ARC
  5
1B3
330
A
100
AcDbEntity
  8
1.2DEMO
  6
Continuous
 48
2.0
370
     0
 62
    11
284
     3
100
AcDbCircle
 10
245.720395833825
 20
65.1532155628729
 30
0.0
 40
11.81120085252742
100
AcDbArc
 50
209.4774955408923
 51
210.5706615079893
  0
ARC
  5
1B4
330
A
100
AcDbEntity
  8
1.2DEMO
  6
Continuous
 48
2.0
370
     0
 62
    11
284
     3
100
AcDbCircle
 10
243.7006745057325
 20
137.4647116478986
 30
0.0
 40
78.74156529228675
100
AcDbArc
 50
264.0592472783807
 51
264.2206339535961
  0
ARC
  5
1B5
330
A
100
AcDbEntity
  8
1.2DEMO
  6
Continuous
 48
2.0
370
     0
 62
    11
284
     3
100
AcDbCircle
 10
243.7006745057325
 20
137.4647116478986
 30
0.0
 40
78.74156529228675
100
AcDbArc
 50
264.2206339535961
 51
270.0
  0
LINE
  5
1B6
330
A
100
AcDbEntity
  8
1.2DEMO
  6
Continuous
 48
2.0
370
     0
 62
    11
284
     3
100
AcDbLine
 10
103.0767299719022
 20
16.22485746422038
 30
0.0
 11
10.95172997190221
 21
16.22485746422037
 31
0.0
  0
LINE
  5
1B7
330
A
100
AcDbEntity
  8
1.2DEMO
  6
Continuous
 48
2.0
370
     0
 62
    11
284
     3
100
AcDbLine
 10
85.19961903956272
 20
67.72486114501953
 30
0.0
 11
85.19961903956273
 21
20.72485746422037
 31
0.0
  0
LINE
  5
1B8
330
A
100
AcDbEntity
  8
1.2DEMO
  6
Continuous
 48
2.0
370
     0
 62
    11
284
     3
100
AcDbLine
 10
85.19961903956273
 20
20.72485746422037
 30
0.0
 11
105.0767299719021
 21
20.72485746422037
 31
0.0
  0
LINE
  5
1B9
330
A
100
AcDbEntity
  8
1.2DEMO
  6
Continuous
 48
2.0
370
     0
 62
    11
284
     3
100
AcDbLine
 10
29.95172997190218
 20
223.724853515625
 30
0.0
 11
29.95172997190216
 21
127.4032687284812
 31
0.0
  0
LINE
  5
1BA
330
A
100
AcDbEntity
  8
1.2DEMO
  6
Continuous
 48
2.0
370
     0
 62
    11
284
     3
100
AcDbLine
 10
29.95172997190216
 20
120.2248611450195
 30
0.0
 11
29.95172997190215
 21
72.22486114501953
 31
0.0
  0
LINE
  5
1BB
330
A
100
AcDbEntity
  8
1.2DEMO
  6
Continuous
 48
2.0
370
     0
 62
    11
284
     3
100
AcDbLine
 10
29.95172997190216
 20
124.7248611450195
 30
0.0
 11
33.95172997190215
 21
124.7248611450195
 31
0.0
  0
LINE
  5
1BC
330
A
100
AcDbEntity
  8
1.2DEMO
  6
Continuous
 48
2.0
370
     0
 62
    11
284
     3
100
AcDbLine
 10
-102.4016416969137
 20
-110.0274418758579
 30
0.0
 11
-100.6949079589313
 21
-110.0274418758579
 31
0.0
  0
LINE
  5
1BD
330
A
100
AcDbEntity
  8
1.2DEMO
  6
Continuous
 48
2.0
370
     0
 62
    11
284
     3
100
AcDbLine
 10
-102.9262523422179
 20
-107.2709735510812
 30
0.0
 11
-102.9262523422179
 21
-108.1392853040291
 31
0.0
  0
LINE
  5
1BE
330
A
100
AcDbEntity
  8
1.2DEMO
  6
Continuous
 48
2.0
370
     0
 62
    11
284
     3
100
AcDbLine
 10
-100.1702973136272
 20
-107.2709735510812
 30
0.0
 11
-100.1702973136272
 21
-108.1392853040291
 31
0.0
  0
LINE
  5
1BF
330
A
100
AcDbEntity
  8
1.2DEMO
  6
Continuous
 48
2.0
370
     0
 62
    11
284
     3
100
AcDbLine
 10
-102.6928053273806
 20
-106.9667394781568
 30
0.0
 11
-101.7011234669687
 21
-106.7010191244883
 31
0.0
  0
LINE
  5
1C0
330
A
100
AcDbEntity
  8
1.2DEMO
  6
Continuous
 48
2.0
370
     0
 62
    11
284
     3
100
AcDbLine
 10
-100.4037443284645
 20
-106.9667394781568
 30
0.0
 11
-101.3954261888763
 21
-106.7010191244883
 31
0.0
  0
LINE
  5
1C1
330
A
100
AcDbEntity
  8
1.2DEMO
  6
Continuous
 48
2.0
370
     0
 62
    11
284
     3
100
AcDbLine
 10
-102.2457332958965
 20
-109.8305680641577
 30
0.0
 11
-100.8508176935994
 21
-109.8305680641577
 31
0.0
  0
CIRCLE
  5
1C2
330
A
100
AcDbEntity
  8
1.2DEMO
  6
Continuous
 48
2.0
370
     0
 62
    11
284
     3
100
AcDbCircle
 10
-98.79231979934363
 20
-102.3501233315415
 30
0.0
 40
0.2755955028472618
  0
CIRCLE
  5
1C3
330
A
100
AcDbEntity
  8
1.2DEMO
  6
Continuous
 48
2.0
370
     0
 62
    11
284
     3
100
AcDbCircle
 10
-104.3042298565015
 20
-102.3501233315415
 30
0.0
 40
0.2755955028472618
  0
ARC
  5
1C4
330
A
100
AcDbEntity
  8
1.2DEMO
  6
Continuous
 48
2.0
370
     0
 62
    11
284
     3
100
AcDbCircle
 10
-108.1428815034662
 20
-110.2152646460384
 30
0.0
 40
13.58290826504253
100
AcDbArc
 50
318.1113810674115
 51
353.9004956626813
  0
ARC
  5
1C5
330
A
100
AcDbEntity
  8
1.2DEMO
  6
Continuous
 48
2.0
370
     0
 62
    11
284
     3
100
AcDbCircle
 10
-101.5482815856217
 20
-116.1299047136322
 30
0.0
 40
3.149662889811228
100
AcDbArc
 50
221.9318406863113
 51
318.0538129744867
  0
ARC
  5
1C6
330
A
100
AcDbEntity
  8
1.2DEMO
  6
Continuous
 48
2.0
370
     0
 62
    11
284
     3
100
AcDbCircle
 10
-108.1428815034662
 20
-110.2152646460384
 30
0.0
 40
12.00807682013691
100
AcDbArc
 50
318.1113810674111
 51
360.5511588912109
  0
ARC
  5
1C7
330
A
100
AcDbEntity
  8
1.2DEMO
  6
Continuous
 48
2.0
370
     0
 62
    11
284
     3
100
AcDbCircle
 10
-102.0407049466155
 20
-110.156562720033
 30
0.0
 40
5.90561791842558
100
AcDbArc
 50
0.5511588912110506
 51
33.50544640969934
  0
ARC
  5
1C8
330
A
100
AcDbEntity
  8
1.2DEMO
  6
Continuous
 48
2.0
370
     0
 62
    11
284
     3
100
AcDbCircle
 10
-102.0407049466155
 20
-110.156562720033
 30
0.0
 40
5.82687634615313
100
AcDbArc
 50
0.5511588912109218
 51
33.50544640999814
  0
ARC
  5
1C9
330
A
100
AcDbEntity
  8
1.2DEMO
  6
Continuous
 48
2.0
370
     0
 62
    11
284
     3
100
AcDbCircle
 10
-108.1428815034662
 20
-110.2152646460384
 30
0.0
 40
11.92933524788808
100
AcDbArc
 50
341.9026336058838
 51
360.5511588912109
  0
ARC
  5
1CA
330
A
100
AcDbEntity
  8
1.2DEMO
  6
Continuous
 48
2.0
370
     0
 62
    11
284
     3
100
AcDbCircle
 10
-101.5482748279344
 20
-116.0511631413836
 30
0.0
 40
2.95280895921279
100
AcDbArc
 50
226.8058170584971
 51
313.1941829415028
  0
ARC
  5
1CB
330
A
100
AcDbEntity
  8
1.2DEMO
  6
Continuous
 48
2.0
370
     0
 62
    11
284
     3
100
AcDbCircle
 10
-106.5336999184894
 20
-110.7411443943713
 30
0.0
 40
10.2364043918983
100
AcDbArc
 50
313.1941829414126
 51
341.9026336060127
  0
ARC
  5
1CC
330
A
100
AcDbEntity
  8
1.2DEMO
  6
Continuous
 48
2.0
370
     0
 62
    11
284
     3
100
AcDbCircle
 10
-104.894791648344
 20
-108.1392853040291
 30
0.0
 40
4.724494334716842
100
AcDbArc
 50
338.0652426596176
 51
360.0
  0
ARC
  5
1CD
330
A
100
AcDbEntity
  8
1.2DEMO
  6
Continuous
 48
2.0
370
     0
 62
    11
284
     3
100
AcDbCircle
 10
-100.6949079589313
 20
-109.8305879452594
 30
0.0
 40
0.19685393062206
100
AcDbArc
 50
270.0
 51
338.0652426584612
  0
ARC
  5
1CE
330
A
100
AcDbEntity
  8
1.2DEMO
  6
Continuous
 48
2.0
370
     0
 62
    11
284
     3
100
AcDbCircle
 10
-98.20175800750107
 20
-108.1392853040291
 30
0.0
 40
4.724494334716842
100
AcDbArc
 50
180.0
 51
201.9347573403822
  0
ARC
  5
1CF
330
A
100
AcDbEntity
  8
1.2DEMO
  6
Continuous
 48
2.0
370
     0
 62
    11
284
     3
100
AcDbCircle
 10
-102.4016416969137
 20
-109.8305879452594
 30
0.0
 40
0.19685393062206
100
AcDbArc
 50
201.9347573415388
 51
270.0
  0
ARC
  5
1D0
330
A
100
AcDbEntity
  8
1.2DEMO
  6
Continuous
 48
2.0
370
     0
 62
    11
284
     3
100
AcDbCircle
 10
-101.5482748279344
 20
-107.271458011254
 30
0.0
 40
0.5905617918425575
100
AcDbArc
 50
74.99999999830312
 51
105.0000000016969
  0
ARC
  5
1D1
330
A
100
AcDbEntity
  8
1.2DEMO
  6
Continuous
 48
2.0
370
     0
 62
    11
284
     3
100
AcDbCircle
 10
-102.6112860532462
 20
-107.2709735510812
 30
0.0
 40
0.314966288971674
100
AcDbArc
 50
105.0000000027008
 51
180.0
  0
ARC
  5
1D2
330
A
100
AcDbEntity
  8
1.2DEMO
  6
Continuous
 48
2.0
370
     0
 62
    11
284
     3
100
AcDbCircle
 10
-100.4852636025989
 20
-107.2709735510812
 30
0.0
 40
0.314966288971674
100
AcDbArc
 50
0.0
 51
74.99999999729917
  0
ARC
  5
1D3
330
A
100
AcDbEntity
  8
1.2DEMO
  6
Continuous
 48
2.0
370
     0
 62
    11
284
     3
100
AcDbCircle
 10
-102.2457332958965
 20
-109.712455705808
 30
0.0
 40
0.118112358373236
100
AcDbArc
 50
195.0809879152836
 51
270.0
  0
ARC
  5
1D4
330
A
100
AcDbEntity
  8
1.2DEMO
  6
Continuous
 48
2.0
370
     0
 62
    11
284
     3
100
AcDbCircle
 10
-100.8508176935994
 20
-109.712455705808
 30
0.0
 40
0.118112358373236
100
AcDbArc
 50
270.0
 51
344.9189742193564
  0
ARC
  5
1D5
330
A
100
AcDbEntity
  8
1.2DEMO
  6
Continuous
 48
2.0
370
     0
 62
    11
284
     3
100
AcDbCircle
 10
-110.3082747402145
 20
-107.0746130355667
 30
0.0
 40
9.842696530677806
100
AcDbArc
 50
343.739795291707
 51
360.0
  0
CIRCLE
  5
1D6
330
A
100
AcDbEntity
  8
1.2DEMO
  6
Continuous
 48
2.0
370
     0
 62
    11
284
     3
100
AcDbCircle
 10
-98.79231979934363
 20
-102.3501233315415
 30
0.0
 40
0.275594924840544
  0
CIRCLE
  5
1D7
330
A
100
AcDbEntity
  8
1.2DEMO
  6
Continuous
 48
2.0
370
     0
 62
    11
284
     3
100
AcDbCircle
 10
-104.3042298565015
 20
-102.3501233315415
 30
0.0
 40
0.275594924840544
  0
ARC
  5
1D8
330
A
100
AcDbEntity
  8
1.2DEMO
  6
Continuous
 48
2.0
370
     0
 62
    11
284
     3
100
AcDbCircle
 10
-108.1428815034662
 20
-110.2152646460384
 30
0.0
 40
13.58290826504253
100
AcDbArc
 50
318.1113810674115
 51
366.1132850777797
  0
ARC
  5
1D9
330
A
100
AcDbEntity
  8
1.2DEMO
  6
Continuous
 48
2.0
370
     0
 62
    11
284
     3
100
AcDbCircle
 10
-290.3716939339234
 20
-129.73263410819
 30
0.0
 40
196.853931044256
100
AcDbArc
 50
6.113282386400311
 51
8.798339852122705
  0
ARC
  5
1DA
330
A
100
AcDbEntity
  8
1.2DEMO
  6
Continuous
 48
2.0
370
     0
 62
    11
284
     3
100
AcDbCircle
 10
-100.8592860707807
 20
-94.75466104785075
 30
0.0
 40
1.968539306126112
100
AcDbArc
 50
65.89033645714663
 51
89.48394872159822
  0
ARC
  5
1DB
330
A
100
AcDbEntity
  8
1.2DEMO
  6
Continuous
 48
2.0
370
     0
 62
    11
284
     3
100
AcDbCircle
 10
-102.2372635850644
 20
-94.75466104785075
 30
0.0
 40
1.968539306126112
100
AcDbArc
 50
90.51605127839846
 51
114.1096635428578
  0
ARC
  5
1DC
330
A
100
AcDbEntity
  8
1.2DEMO
  6
Continuous
 48
2.0
370
     0
 62
    11
284
     3
100
AcDbCircle
 10
-101.5482748739027
 20
-171.2491531560961
 30
0.0
 40
78.46613422563026
100
AcDbArc
 50
89.48394868799355
 51
90.51605131200645
  0
ARC
  5
1DD
330
A
100
AcDbEntity
  8
1.2DEMO
  6
Continuous
 48
2.0
370
     0
 62
    11
284
     3
100
AcDbCircle
 10
-92.78827491563058
 20
-107.0746130355667
 30
0.0
 40
9.842696530677806
100
AcDbArc
 50
180.0
 51
196.2602047082928
  0
ARC
  5
1DE
330
A
100
AcDbEntity
  8
1.2DEMO
  6
Continuous
 48
2.0
370
     0
 62
    11
284
     3
100
AcDbCircle
 10
-93.08355581154964
 20
-94.78306954239157
 30
0.0
 40
1.259861965050557
100
AcDbArc
 50
353.5441376538938
 51
442.1200804854014
  0
ARC
  5
1DF
330
A
100
AcDbEntity
  8
1.2DEMO
  6
Continuous
 48
2.0
370
     0
 62
    11
284
     3
100
AcDbCircle
 10
-93.66277881697519
 20
-99.19574725101053
 30
0.0
 40
0.4330764998452679
100
AcDbArc
 50
275.781080365502
 51
330.5219423226039
  0
ARC
  5
1E0
330
A
100
AcDbEntity
  8
1.2DEMO
  6
Continuous
 48
2.0
370
     0
 62
    11
284
     3
100
AcDbCircle
 10
-103.5679961560128
 20
-93.59678838572246
 30
0.0
 40
11.81120085252742
100
AcDbArc
 50
330.5225044591076
 51
353.5445673329041
  0
ARC
  5
1E1
330
A
100
AcDbEntity
  8
1.2DEMO
  6
Continuous
 48
2.0
370
     0
 62
    11
284
     3
100
AcDbCircle
 10
-103.5679961560128
 20
-93.59678838572246
 30
0.0
 40
11.81120085252742
100
AcDbArc
 50
329.4293384920106
 51
330.5225044591076
  0
ARC
  5
1E2
330
A
100
AcDbEntity
  8
1.2DEMO
  6
Continuous
 48
2.0
370
     0
 62
    11
284
     3
100
AcDbCircle
 10
-101.5482748279202
 20
-21.28529230069672
 30
0.0
 40
78.74156529228675
100
AcDbArc
 50
275.7793660464038
 51
275.9407527216193
  0
ARC
  5
1E3
330
A
100
AcDbEntity
  8
1.2DEMO
  6
Continuous
 48
2.0
370
     0
 62
    11
284
     3
100
AcDbCircle
 10
-101.5482748279202
 20
-21.28529230069672
 30
0.0
 40
78.74156529228675
100
AcDbArc
 50
270.0
 51
275.7793660464039
  0
ARC
  5
1E4
330
A
100
AcDbEntity
  8
1.2DEMO
  6
Continuous
 48
2.0
370
     0
 62
    11
284
     3
100
AcDbCircle
 10
-101.5482748279344
 20
-116.1298984744715
 30
0.0
 40
4.724490304780015
100
AcDbArc
 50
222.1939405140913
 51
318.1113426721913
  0
ARC
  5
1E5
330
A
100
AcDbEntity
  8
1.2DEMO
  6
Continuous
 48
2.0
370
     0
 62
    11
284
     3
100
AcDbCircle
 10
-94.95366815237875
 20
-110.2152646460384
 30
0.0
 40
13.58290826504253
100
AcDbArc
 50
187.2310498359933
 51
221.9948042281949
  0
ARC
  5
1E6
330
A
100
AcDbEntity
  8
1.2DEMO
  6
Continuous
 48
2.0
370
     0
 62
    11
284
     3
100
AcDbCircle
 10
-101.5482748279344
 20
-109.8305630142227
 30
0.0
 40
5.3150561265594
100
AcDbArc
 50
33.50544640999727
 51
146.4945535900028
  0
ARC
  5
1E7
330
A
100
AcDbEntity
  8
1.2DEMO
  6
Continuous
 48
2.0
370
     0
 62
    11
284
     3
100
AcDbCircle
 10
-94.95366815237875
 20
-110.2152646460384
 30
0.0
 40
12.00807682013691
100
AcDbArc
 50
179.4488411087888
 51
221.8886189325884
  0
ARC
  5
1E8
330
A
100
AcDbEntity
  8
1.2DEMO
  6
Continuous
 48
2.0
370
     0
 62
    11
284
     3
100
AcDbCircle
 10
-101.0558447092296
 20
-110.156562720033
 30
0.0
 40
5.90561791842558
100
AcDbArc
 50
146.4945535903007
 51
179.4488411087889
  0
ARC
  5
1E9
330
A
100
AcDbEntity
  8
1.2DEMO
  6
Continuous
 48
2.0
370
     0
 62
    11
284
     3
100
AcDbCircle
 10
-101.5482748279344
 20
-109.8305630142227
 30
0.0
 40
5.236314554310574
100
AcDbArc
 50
33.50544640999834
 51
146.4945535900017
  0
ARC
  5
1EA
330
A
100
AcDbEntity
  8
1.2DEMO
  6
Continuous
 48
2.0
370
     0
 62
    11
284
     3
100
AcDbCircle
 10
-101.0558447092296
 20
-110.156562720033
 30
0.0
 40
5.82687634615313
100
AcDbArc
 50
146.4945535901979
 51
179.4488411087892
  0
ARC
  5
1EB
330
A
100
AcDbEntity
  8
1.2DEMO
  6
Continuous
 48
2.0
370
     0
 62
    11
284
     3
100
AcDbCircle
 10
-94.95366815237875
 20
-110.2152646460384
 30
0.0
 40
11.92933524788808
100
AcDbArc
 50
179.4488411087891
 51
198.0973663941162
  0
ARC
  5
1EC
330
A
100
AcDbEntity
  8
1.2DEMO
  6
Continuous
 48
2.0
370
     0
 62
    11
284
     3
100
AcDbCircle
 10
-96.56284973735566
 20
-110.7411443943713
 30
0.0
 40
10.23640439192192
100
AcDbArc
 50
198.0973663939868
 51
226.8058170584969
  0
ARC
  5
1ED
330
A
100
AcDbEntity
  8
1.2DEMO
  6
Continuous
 48
2.0
370
     0
 62
    11
284
     3
100
AcDbCircle
 10
-101.5482748279344
 20
-116.1298984744715
 30
0.0
 40
4.724490304780015
100
AcDbArc
 50
222.1939405140913
 51
318.1113426721913
  0
ARC
  5
1EE
330
A
100
AcDbEntity
  8
1.2DEMO
  6
Continuous
 48
2.0
370
     0
 62
    11
284
     3
100
AcDbCircle
 10
-94.95366815237875
 20
-110.2152646460384
 30
0.0
 40
13.58290980767723
100
AcDbArc
 50
175.1847633227863
 51
221.8886140626071
  0
ARC
  5
1EF
330
A
100
AcDbEntity
  8
1.2DEMO
  6
Continuous
 48
2.0
370
     0
 62
    11
284
     3
100
AcDbCircle
 10
87.27514228237399
 20
-129.73263410819
 30
0.0
 40
196.8539306133907
100
AcDbArc
 50
171.2016600954153
 51
173.9762766675153
  0
ARC
  5
1F0
330
A
100
AcDbEntity
  8
1.2DEMO
  6
Continuous
 48
2.0
370
     0
 62
    11
284
     3
100
AcDbCircle
 10
-110.0129938442908
 20
-94.78306954239157
 30
0.0
 40
1.259837075021598
100
AcDbArc
 50
97.88169314060883
 51
186.4558623461038
  0
ARC
  5
1F1
330
A
100
AcDbEntity
  8
1.2DEMO
  6
Continuous
 48
2.0
370
     0
 62
    11
284
     3
100
AcDbCircle
 10
-109.4337708388651
 20
-99.19574725101053
 30
0.0
 40
0.4330764998452679
100
AcDbArc
 50
209.478057677396
 51
264.2189196344961
  0
ARC
  5
1F2
330
A
100
AcDbEntity
  8
1.2DEMO
  6
Continuous
 48
2.0
370
     0
 62
    11
284
     3
100
AcDbCircle
 10
-99.52855349982767
 20
-93.59678838572246
 30
0.0
 40
11.81120085252742
100
AcDbArc
 50
186.4554326670957
 51
209.4774955408921
  0
ARC
  5
1F3
330
A
100
AcDbEntity
  8
1.2DEMO
  6
Continuous
 48
2.0
370
     0
 62
    11
284
     3
100
AcDbCircle
 10
-101.5482748279202
 20
-155.9333808402566
 30
0.0
 40
62.99323192614244
100
AcDbArc
 50
82.11894968011019
 51
97.88108579150979
  0
ARC
  5
1F4
330
A
100
AcDbEntity
  8
1.2DEMO
  6
Continuous
 48
2.0
370
     0
 62
    11
284
     3
100
AcDbCircle
 10
-99.52855349982767
 20
-93.59678838572246
 30
0.0
 40
11.81120085252742
100
AcDbArc
 50
209.4774955408923
 51
210.5706615079893
  0
ARC
  5
1F5
330
A
100
AcDbEntity
  8
1.2DEMO
  6
Continuous
 48
2.0
370
     0
 62
    11
284
     3
100
AcDbCircle
 10
-101.5482748279202
 20
-21.28529230069672
 30
0.0
 40
78.74156529228675
100
AcDbArc
 50
264.0592472783807
 51
264.2206339535961
  0
ARC
  5
1F6
330
A
100
AcDbEntity
  8
1.2DEMO
  6
Continuous
 48
2.0
370
     0
 62
    11
284
     3
100
AcDbCircle
 10
-101.5482748279202
 20
-21.28529230069672
 30
0.0
 40
78.74156529228675
100
AcDbArc
 50
264.2206339535961
 51
270.0
  0
POINT
  5
1F7
330
A
100
AcDbEntity
  8
1.2DEMO
  6
Continuous
 48
2.0
370
     0
 62
    11
284
     3
100
AcDbPoint
 10
-101.5482748279202
 20
-91.02514648437501
 30
0.0
 50
0.0
  0
LINE
  5
1F8
330
A
100
AcDbEntity
  8
1.2DEMO
  6
Continuous
 48
2.0
370
     0
 62
    11
284
     3
100
AcDbLine
 10
-125.2982700280978
 20
-91.02514648437501
 30
0.0
 11
-125.2982700280978
 21
-120.025146484375
 31
0.0
  0
LINE
  5
1F9
330
A
100
AcDbEntity
  8
1.2DEMO
  6
Continuous
 48
2.0
370
     0
 62
    11
284
     3
100
AcDbLine
 10
-125.2982700280978
 20
-91.02514648437501
 30
0.0
 11
-185.2982700280978
 21
-91.02514648437501
 31
0.0
  0
LINE
  5
1FA
330
A
100
AcDbEntity
  8
1.2DEMO
  6
Continuous
 48
2.0
370
     0
 62
    11
284
     3
100
AcDbLine
 10
-185.2982700280978
 20
-101.025146484375
 30
0.0
 11
-185.2982700280978
 21
-91.02514648437501
 31
0.0
  0
LINE
  5
1FB
330
A
100
AcDbEntity
  8
1.2DEMO
  6
Continuous
 48
2.0
370
     0
 62
    11
284
     3
100
AcDbLine
 10
-126.2982700280978
 20
-120.025146484375
 30
0.0
 11
-126.2982700280978
 21
-92.02514648437501
 31
0.0
  0
LINE
  5
1FC
330
A
100
AcDbEntity
  8
1.2DEMO
  6
Continuous
 48
2.0
370
     0
 62
    11
284
     3
100
AcDbLine
 10
-126.2982700280978
 20
-92.02514648437501
 30
0.0
 11
-184.2982700280978
 21
-92.02514648437501
 31
0.0
  0
LINE
  5
1FD
330
A
100
AcDbEntity
  8
1.2DEMO
  6
Continuous
 48
2.0
370
     0
 62
    11
284
     3
100
AcDbLine
 10
-184.2982700280978
 20
-92.02514648437501
 30
0.0
 11
-184.2982700280978
 21
-120.025146484375
 31
0.0
  0
LINE
  5
1FE
330
A
100
AcDbEntity
  8
1.2DEMO
  6
Continuous
 48
2.0
370
     0
 62
    11
284
     3
100
AcDbLine
 10
-185.2982700280978
 20
-120.025146484375
 30
0.0
 11
-125.2982700280978
 21
-120.025146484375
 31
0.0
  0
LINE
  5
1FF
330
A
100
AcDbEntity
  8
1.2DEMO
  6
Continuous
 48
2.0
370
     0
 62
    11
284
     3
100
AcDbLine
 10
-160.2984531335665
 20
-117.025146484375
 30
0.0
 11
-147.2982700280978
 21
-117.025146484375
 31
0.0
  0
LINE
  5
200
330
A
100
AcDbEntity
  8
1.2DEMO
  6
Continuous
 48
2.0
370
     0
 62
    11
284
     3
100
AcDbLine
 10
-128.2982700280978
 20
-113.025146484375
 30
0.0
 11
-128.2982700280978
 21
-111.025146484375
 31
0.0
  0
LINE
  5
201
330
A
100
AcDbEntity
  8
1.2DEMO
  6
Continuous
 48
2.0
370
     0
 62
    11
284
     3
100
AcDbLine
 10
-128.2982700280978
 20
-109.025146484375
 30
0.0
 11
-128.2982700280978
 21
-107.3251953125
 31
0.0
  0
LINE
  5
202
330
A
100
AcDbEntity
  8
1.2DEMO
  6
Continuous
 48
2.0
370
     0
 62
    11
284
     3
100
AcDbLine
 10
-128.2982700280978
 20
-104.72509765625
 30
0.0
 11
-128.2982700280978
 21
-103.025146484375
 31
0.0
  0
LINE
  5
203
330
A
100
AcDbEntity
  8
1.2DEMO
  6
Continuous
 48
2.0
370
     0
 62
    11
284
     3
100
AcDbLine
 10
-128.2982700280978
 20
-101.025146484375
 30
0.0
 11
-128.2982700280978
 21
-99.02514648437501
 31
0.0
  0
LINE
  5
204
330
A
100
AcDbEntity
  8
1.2DEMO
  6
Continuous
 48
2.0
370
     0
 62
    11
284
     3
100
AcDbLine
 10
-147.2982700280978
 20
-95.02514648437501
 30
0.0
 11
-160.2984531335665
 21
-95.02514648437501
 31
0.0
  0
ELLIPSE
  5
205
330
A
100
AcDbEntity
  8
1.2DEMO
  6
Continuous
 48
2.0
370
     0
 62
    11
284
     3
100
AcDbEllipse
 10
-160.7982700280978
 20
-102.025146484375
 30
0.0
 11
20.5
 21
0.0
 31
0.0
210
0.0
220
0.0
230
1.0
 40
0.3414634146341464
 41
1.546413497807274
 42
3.141592534380507
  0
ARC
  5
206
330
A
100
AcDbEntity
  8
1.2DEMO
  6
Continuous
 48
2.0
370
     0
 62
    11
284
     3
100
AcDbCircle
 10
-131.2982700280978
 20
-99.02514648437501
 30
0.0
 40
3.0
100
AcDbArc
 50
0.0
 51
90.0
  0
ARC
  5
207
330
A
100
AcDbEntity
  8
1.2DEMO
  6
Continuous
 48
2.0
370
     0
 62
    11
284
     3
100
AcDbCircle
 10
-131.2982700280978
 20
-113.025146484375
 30
0.0
 40
3.0
100
AcDbArc
 50
270.0
 51
360.0
  0
ELLIPSE
  5
208
330
A
100
AcDbEntity
  8
1.2DEMO
  6
Continuous
 48
2.0
370
     0
 62
    11
284
     3
100
AcDbEllipse
 10
-160.7982700280978
 20
-110.025146484375
 30
0.0
 11
-20.5
 21
2.510443025335873E-15
 31
0.0
210
0.0
220
0.0
230
1.0
 40
0.3414634146341464
 41
1.192092875523798E-07
 42
1.595179155782523
  0
LINE
  5
209
330
A
100
AcDbEntity
  8
1.2DEMO
  6
Continuous
 48
2.0
370
     0
 62
    11
284
     3
100
AcDbLine
 10
-181.2982700280978
 20
-110.025146484375
 30
0.0
 11
-181.2982700280978
 21
-102.025146484375
 31
0.0
  0
LINE
  5
20A
330
A
100
AcDbEntity
  8
1.2DEMO
  6
Continuous
 48
2.0
370
     0
 62
    11
284
     3
100
AcDbLine
 10
-131.2982700280978
 20
-96.02514648437501
 30
0.0
 11
-147.2982700280978
 21
-95.02514648437501
 31
0.0
  0
LINE
  5
20B
330
A
100
AcDbEntity
  8
1.2DEMO
  6
Continuous
 48
2.0
370
     0
 62
    11
284
     3
100
AcDbLine
 10
-147.2982700280978
 20
-117.025146484375
 30
0.0
 11
-131.2982700280978
 21
-116.025146484375
 31
0.0
  0
LINE
  5
20C
330
A
100
AcDbEntity
  8
1.2DEMO
  6
Continuous
 48
2.0
370
     0
 62
    11
284
     3
100
AcDbLine
 10
-126.2982700280978
 20
-104.525146484375
 30
0.0
 11
-131.2982700280978
 21
-105.025146484375
 31
0.0
  0
LINE
  5
20D
330
A
100
AcDbEntity
  8
1.2DEMO
  6
Continuous
 48
2.0
370
     0
 62
    11
284
     3
100
AcDbLine
 10
-131.2982700280978
 20
-105.025146484375
 30
0.0
 11
-131.2982700280978
 21
-107.025146484375
 31
0.0
  0
LINE
  5
20E
330
A
100
AcDbEntity
  8
1.2DEMO
  6
Continuous
 48
2.0
370
     0
 62
    11
284
     3
100
AcDbLine
 10
-131.2982700280978
 20
-107.025146484375
 30
0.0
 11
-126.2982700280978
 21
-107.525146484375
 31
0.0
  0
LINE
  5
20F
330
A
100
AcDbEntity
  8
1.2DEMO
  6
Continuous
 48
2.0
370
     0
 62
    11
284
     3
100
AcDbLine
 10
-129.2982700280978
 20
-103.025146484375
 30
0.0
 11
-126.7982700280978
 21
-103.025146484375
 31
0.0
  0
LINE
  5
210
330
A
100
AcDbEntity
  8
1.2DEMO
  6
Continuous
 48
2.0
370
     0
 62
    11
284
     3
100
AcDbLine
 10
-126.7982700280978
 20
-103.025146484375
 30
0.0
 11
-126.7982700280978
 21
-101.025146484375
 31
0.0
  0
LINE
  5
211
330
A
100
AcDbEntity
  8
1.2DEMO
  6
Continuous
 48
2.0
370
     0
 62
    11
284
     3
100
AcDbLine
 10
-126.7982700280978
 20
-101.025146484375
 30
0.0
 11
-129.2982700280978
 21
-101.025146484375
 31
0.0
  0
LINE
  5
212
330
A
100
AcDbEntity
  8
1.2DEMO
  6
Continuous
 48
2.0
370
     0
 62
    11
284
     3
100
AcDbLine
 10
-129.2982700280978
 20
-101.025146484375
 30
0.0
 11
-129.2982700280978
 21
-103.025146484375
 31
0.0
  0
LINE
  5
213
330
A
100
AcDbEntity
  8
1.2DEMO
  6
Continuous
 48
2.0
370
     0
 62
    11
284
     3
100
AcDbLine
 10
-129.2982700280978
 20
-111.025146484375
 30
0.0
 11
-126.7982700280978
 21
-111.025146484375
 31
0.0
  0
LINE
  5
214
330
A
100
AcDbEntity
  8
1.2DEMO
  6
Continuous
 48
2.0
370
     0
 62
    11
284
     3
100
AcDbLine
 10
-126.7982700280978
 20
-111.025146484375
 30
0.0
 11
-126.7982700280978
 21
-109.025146484375
 31
0.0
  0
LINE
  5
215
330
A
100
AcDbEntity
  8
1.2DEMO
  6
Continuous
 48
2.0
370
     0
 62
    11
284
     3
100
AcDbLine
 10
-126.7982700280978
 20
-109.025146484375
 30
0.0
 11
-129.2982700280978
 21
-109.025146484375
 31
0.0
  0
LINE
  5
216
330
A
100
AcDbEntity
  8
1.2DEMO
  6
Continuous
 48
2.0
370
     0
 62
    11
284
     3
100
AcDbLine
 10
-129.2982700280978
 20
-109.025146484375
 30
0.0
 11
-129.2982700280978
 21
-111.025146484375
 31
0.0
  0
CIRCLE
  5
217
330
A
100
AcDbEntity
  8
1.2DEMO
  6
Continuous
 48
2.0
370
     0
 62
    11
284
     3
100
AcDbCircle
 10
-133.2982700280978
 20
-106.025146484375
 30
0.0
 40
1.0
  0
LINE
  5
218
330
A
100
AcDbEntity
  8
1.2DEMO
  6
Continuous
 48
2.0
370
     0
 62
    11
284
     3
100
AcDbLine
 10
-127.9801420482462
 20
-157.7751425357796
 30
0.0
 11
-46.36246698250844
 21
-157.7751425357796
 31
0.0
  0
ELLIPSE
  5
219
330
A
100
AcDbEntity
  8
1.2DEMO
  6
Continuous
 48
2.0
370
     0
 62
    11
284
     3
100
AcDbEllipse
 10
-79.7662657468365
 20
-166.8257328807028
 30
0.0
 11
-10.0
 21
1.224606353822377E-15
 31
0.0
210
0.0
220
0.0
230
1.0
 40
0.7
 41
1.678075028452843
 42
7.745730661378014
  0
CIRCLE
  5
21A
330
A
100
AcDbEntity
  8
1.2DEMO
  6
Continuous
 48
2.0
370
     0
 62
    11
284
     3
100
AcDbCircle
 10
-79.7662657468365
 20
-168.8257328807028
 30
0.0
 40
1.0
  0
POINT
  5
21B
330
A
100
AcDbEntity
  8
1.2DEMO
  6
Continuous
 48
2.0
370
     0
 62
    11
284
     3
100
AcDbPoint
 10
-79.7662657468365
 20
-178.61105099403
 30
0.0
 50
0.0
  0
CIRCLE
  5
21C
330
A
100
AcDbEntity
  8
1.2DEMO
  6
Continuous
 48
2.0
370
     0
 62
    11
284
     3
100
AcDbCircle
 10
-76.7662657468365
 20
-175.8257328807028
 30
0.0
 40
1.0
  0
CIRCLE
  5
21D
330
A
100
AcDbEntity
  8
1.2DEMO
  6
Continuous
 48
2.0
370
     0
 62
    11
284
     3
100
AcDbCircle
 10
-82.7662657468365
 20
-175.8257328807028
 30
0.0
 40
1.0
  0
LINE
  5
21E
330
A
100
AcDbEntity
  8
1.2DEMO
  6
Continuous
 48
2.0
370
     0
 62
    11
284
     3
100
AcDbLine
 10
-80.7662657468365
 20
-177.3257328807028
 30
0.0
 11
-80.7662657468365
 21
-170.3257328807028
 31
0.0
  0
LINE
  5
21F
330
A
100
AcDbEntity
  8
1.2DEMO
  6
Continuous
 48
2.0
370
     0
 62
    11
284
     3
100
AcDbLine
 10
-78.7662657468365
 20
-177.3257328807028
 30
0.0
 11
-78.7662657468365
 21
-170.3257328807028
 31
0.0
  0
LINE
  5
220
330
A
100
AcDbEntity
  8
1.2DEMO
  6
Continuous
 48
2.0
370
     0
 62
    11
284
     3
100
AcDbLine
 10
-80.7662657468365
 20
-177.3257328807028
 30
0.0
 11
-78.7662657468365
 21
-177.3257328807028
 31
0.0
  0
LINE
  5
221
330
A
100
AcDbEntity
  8
1.2DEMO
  6
Continuous
 48
2.0
370
     0
 62
    11
284
     3
100
AcDbLine
 10
-80.7662657468365
 20
-170.3257328807028
 30
0.0
 11
-78.7662657468365
 21
-170.3257328807028
 31
0.0
  0
LINE
  5
222
330
A
100
AcDbEntity
  8
1.2DEMO
  6
Continuous
 48
2.0
370
     0
 62
    11
284
     3
100
AcDbLine
 10
-78.7662657468365
 20
-170.3257328807028
 30
0.0
 11
-79.0162657468365
 21
-170.8257328807028
 31
0.0
  0
LINE
  5
223
330
A
100
AcDbEntity
  8
1.2DEMO
  6
Continuous
 48
2.0
370
     0
 62
    11
284
     3
100
AcDbLine
 10
-79.0162657468365
 20
-170.8257328807028
 30
0.0
 11
-78.7662657468365
 21
-177.3257328807028
 31
0.0
  0
LINE
  5
224
330
A
100
AcDbEntity
  8
1.2DEMO
  6
Continuous
 48
2.0
370
     0
 62
    11
284
     3
100
AcDbLine
 10
-80.7662657468365
 20
-177.3257328807028
 30
0.0
 11
-80.5162657468365
 21
-170.8257328807028
 31
0.0
  0
LINE
  5
225
330
A
100
AcDbEntity
  8
1.2DEMO
  6
Continuous
 48
2.0
370
     0
 62
    11
284
     3
100
AcDbLine
 10
-80.5162657468365
 20
-170.8257328807028
 30
0.0
 11
-80.7662657468365
 21
-170.3257328807028
 31
0.0
  0
LINE
  5
226
330
A
100
AcDbEntity
  8
1.2DEMO
  6
Continuous
 48
2.0
370
     0
 62
    11
284
     3
100
AcDbLine
 10
-80.5162657468365
 20
-170.8257328807028
 30
0.0
 11
-79.0162657468365
 21
-170.8257328807028
 31
0.0
  0
LINE
  5
227
330
A
100
AcDbEntity
  8
1.2DEMO
  6
Continuous
 48
2.0
370
     0
 62
    11
284
     3
100
AcDbLine
 10
-77.79827962774253
 20
-119.8130108108247
 30
0.0
 11
-62.29827233399911
 21
-119.8053619261851
 31
0.0
  0
LINE
  5
228
330
A
100
AcDbEntity
  8
1.2DEMO
  6
Continuous
 48
2.0
370
     0
 62
    11
284
     3
100
AcDbLine
 10
-62.29827233399911
 20
-119.8053619261851
 30
0.0
 11
-62.29827233399911
 21
-101.8053619261851
 31
0.0
  0
LINE
  5
229
330
A
100
AcDbEntity
  8
1.2DEMO
  6
Continuous
 48
2.0
370
     0
 62
    11
284
     3
100
AcDbLine
 10
-62.29827233399911
 20
-101.8053619261851
 30
0.0
 11
-77.79827962774253
 21
-101.8053619261851
 31
0.0
  0
LINE
  5
22A
330
A
100
AcDbEntity
  8
1.2DEMO
  6
Continuous
 48
2.0
370
     0
 62
    11
284
     3
100
AcDbLine
 10
-77.79827962774253
 20
-101.8053619261851
 30
0.0
 11
-77.78939328383325
 21
-119.8130064256255
 31
0.0
  0
LINE
  5
22B
330
A
100
AcDbEntity
  8
1.2DEMO
  6
Continuous
 48
2.0
370
     0
 62
    11
284
     3
100
AcDbLine
 10
-77.78939328383325
 20
-119.8130064256255
 30
0.0
 11
-62.29827689572248
 21
-101.8053619261851
 31
0.0
  0
LINE
  5
22C
330
A
100
AcDbEntity
  8
1.2DEMO
  6
Continuous
 48
2.0
370
     0
 62
    11
284
     3
100
AcDbLine
 10
-77.79827962774253
 20
-101.8053619261759
 30
0.0
 11
-62.2982723339991
 21
-119.8053619327626
 31
0.0
  0
LINE
  5
22D
330
A
100
AcDbEntity
  8
1.2DEMO
  6
Continuous
 48
2.0
370
     0
 62
    11
284
     3
100
AcDbLine
 10
103.0767299719022
 20
16.22485715456504
 30
0.0
 11
193.1996190395627
 21
16.22485754175063
 31
0.0
  0
LINE
  5
22E
330
A
100
AcDbEntity
  8
1.2DEMO
  6
Continuous
 48
2.0
370
     0
 62
    11
284
     3
100
AcDbLine
 10
140.5767301747184
 20
16.22485731406132
 30
0.0
 11
193.1996190395628
 21
16.22485750948517
 31
0.0
  0
LINE
  5
22F
330
A
100
AcDbEntity
  8
1.2DEMO
  6
Continuous
 48
2.0
370
     0
 62
    11
284
     3
100
AcDbLine
 10
105.0767299719022
 20
20.72485746422038
 30
0.0
 11
188.6996190395627
 21
20.72485746422038
 31
0.0
  0
LINE
  5
230
330
A
100
AcDbEntity
  8
1.2DEMO
  6
Continuous
 48
2.0
370
     0
 62
    11
284
     3
100
AcDbLine
 10
-185.2982635498047
 20
-120.025146484375
 30
0.0
 11
-185.2982661432135
 21
-101.0251463484303
 31
0.0
  0
LINE
  5
231
330
A
100
AcDbEntity
  8
1.2DEMO
  6
Continuous
 48
2.0
370
     0
 62
    11
284
     3
100
AcDbLine
 10
-185.2982635498047
 20
-139.025146484375
 30
0.0
 11
-185.2982635498047
 21
-139.025146484375
 31
0.0
  0
LINE
  5
232
330
A
100
AcDbEntity
  8
1.2DEMO
  6
Continuous
 48
2.0
370
     0
 62
    11
284
     3
100
AcDbLine
 10
-172.2982677502607
 20
-86.52514645619938
 30
0.0
 11
-138.2982677502607
 21
-86.52514638250931
 31
0.0
  0
POINT
  5
233
330
A
100
AcDbEntity
  8
1.2DEMO
  6
Continuous
 48
2.0
370
     0
 62
    11
284
     3
100
AcDbPoint
 10
-112.9550990468535
 20
-90.97360259288351
 30
0.0
 50
0.0
  0
LINE
  5
234
330
A
100
AcDbEntity
  8
1.2DEMO
  6
Continuous
 48
2.0
370
     0
 62
    11
284
     3
100
AcDbLine
 10
193.1996190395627
 20
39.41235733032227
 30
0.0
 11
193.1996190395627
 21
16.22485754175063
 31
0.0
  0
LINE
  5
235
330
A
100
AcDbEntity
  8
1.2DEMO
  6
Continuous
 48
2.0
370
     0
 62
    11
284
     3
100
AcDbLine
 10
193.1996190395627
 20
44.66235733032227
 30
0.0
 11
193.1996190395627
 21
67.24633627532242
 31
0.0
  0
LINE
  5
236
330
A
100
AcDbEntity
  8
1.2DEMO
  6
Continuous
 48
2.0
370
     0
 62
    11
284
     3
100
AcDbLine
 10
24.40856579342933
 20
72.22486114501953
 30
0.0
 11
29.95172997190215
 21
72.22486114501953
 31
0.0
  0
LINE
  5
237
330
A
100
AcDbEntity
  8
1.2DEMO
  6
Continuous
 48
2.0
370
     0
 62
    11
284
     3
100
AcDbLine
 10
34.45172997190215
 20
72.22485746422038
 30
0.0
 11
39.69961903956274
 21
72.22486114501953
 31
0.0
  0
LINE
  5
238
330
A
100
AcDbEntity
  8
1.2DEMO
  6
Continuous
 48
2.0
370
     0
 62
    11
284
     3
100
AcDbLine
 10
39.69961903956274
 20
72.22486114501953
 30
0.0
 11
39.69961903956274
 21
67.74327136566076
 31
0.0
  0
LINE
  5
239
330
A
100
AcDbEntity
  8
1.2DEMO
  6
Continuous
 48
2.0
370
     0
 62
    11
284
     3
100
AcDbLine
 10
39.69961903956274
 20
67.74327136566076
 30
0.0
 11
24.42765469552647
 21
67.74327136566076
 31
0.0
  0
LINE
  5
23A
330
A
100
AcDbEntity
  8
1.2DEMO
  6
Continuous
 48
2.0
370
     0
 62
    11
284
     3
100
AcDbLine
 10
80.69961903956269
 20
71.72486114501952
 30
0.0
 11
73.42193867530484
 21
71.72486114501952
 31
0.0
  0
LINE
  5
23B
330
A
100
AcDbEntity
  8
1.2DEMO
  6
Continuous
 48
2.0
370
     0
 62
    11
284
     3
100
AcDbLine
 10
73.42193867530484
 20
71.72486114501952
 30
0.0
 11
73.42193867530484
 21
67.74514044546848
 31
0.0
  0
LINE
  5
23C
330
A
100
AcDbEntity
  8
1.2DEMO
  6
Continuous
 48
2.0
370
     0
 62
    11
284
     3
100
AcDbLine
 10
73.42193867530484
 20
67.74514044546848
 30
0.0
 11
80.69961903956269
 21
67.74514044546848
 31
0.0
  0
LINE
  5
23D
330
A
100
AcDbEntity
  8
1.2DEMO
  6
Continuous
 48
2.0
370
     0
 62
     3
284
     3
100
AcDbLine
 10
-40.54827117919922
 20
-59.44690437982062
 30
0.0
 11
-40.54827117919922
 21
-63.44690437982061
 31
0.0
  0
LINE
  5
23E
330
A
100
AcDbEntity
  8
1.2DEMO
  6
Continuous
 48
2.0
370
     0
 62
     3
284
     3
100
AcDbLine
 10
-46.42327117919923
 20
-59.44690437982061
 30
0.0
 11
-46.42327117919923
 21
-63.44690437982061
 31
0.0
  0
LINE
  5
23F
330
A
100
AcDbEntity
  8
1.2DEMO
  6
Continuous
 48
2.0
370
     0
 62
     3
284
     3
100
AcDbLine
 10
-46.42327117919923
 20
-59.44690437982061
 30
0.0
 11
-40.54827117919922
 21
-59.44690437982062
 31
0.0
  0
LINE
  5
240
330
A
100
AcDbEntity
  8
1.2DEMO
  6
Continuous
 48
2.0
370
     0
 62
     3
284
     3
100
AcDbLine
 10
-46.42327117919922
 20
-64.52514648437499
 30
0.0
 11
-45.79827117919922
 21
-64.52514648437499
 31
0.0
  0
LINE
  5
241
330
A
100
AcDbEntity
  8
1.2DEMO
  6
Continuous
 48
2.0
370
     0
 62
     3
284
     3
100
AcDbLine
 10
-40.54827117919922
 20
-63.44690437982061
 30
0.0
 11
-41.17327117919922
 21
-63.44690437982061
 31
0.0
  0
LINE
  5
242
330
A
100
AcDbEntity
  8
1.2DEMO
  6
Continuous
 48
2.0
370
     0
 62
     3
284
     3
100
AcDbLine
 10
-46.42327117919925
 20
-31.59915520293641
 30
0.0
 11
-63.90030521119976
 21
-53.47501590473042
 31
0.0
  0
LINE
  5
243
330
A
100
AcDbEntity
  8
1.2DEMO
  6
Continuous
 48
2.0
370
     0
 62
     3
284
     3
100
AcDbLine
 10
-45.05602988533713
 20
-32.69146982993644
 30
0.0
 11
-62.53306391733764
 21
-54.56733053173045
 31
0.0
  0
LINE
  5
244
330
A
100
AcDbEntity
  8
1.2DEMO
  6
Continuous
 48
2.0
370
     0
 62
     3
284
     3
100
AcDbLine
 10
-46.42327117919925
 20
-31.59915520293641
 30
0.0
 11
-45.05602988533713
 21
-32.69146982993644
 31
0.0
  0
LINE
  5
245
330
A
100
AcDbEntity
  8
1.2DEMO
  6
Continuous
 48
2.0
370
     0
 62
     3
284
     3
100
AcDbLine
 10
-63.90030521119976
 20
-53.47501590473042
 30
0.0
 11
-62.53306391733764
 21
-54.56733053173045
 31
0.0
  0
LINE
  5
246
330
A
100
AcDbEntity
  8
1.2DEMO
  6
Continuous
 48
2.0
370
     0
 62
     3
284
     3
100
AcDbLine
 10
-46.42327117919923
 20
-63.44690437982061
 30
0.0
 11
-45.79827117919922
 21
-63.44690437982061
 31
0.0
  0
LINE
  5
247
330
A
100
AcDbEntity
  8
1.2DEMO
  6
Continuous
 48
2.0
370
     0
 62
    11
284
     3
100
AcDbLine
 10
-45.79827108704784
 20
1.650844850408362
 30
0.0
 11
-45.79827117919922
 21
-1.099155187606812
 31
0.0
  0
LINE
  5
248
330
A
100
AcDbEntity
  8
1.2DEMO
  6
Continuous
 48
2.0
370
     0
 62
    11
284
     3
100
AcDbLine
 10
-41.29827108704784
 20
1.650844850408362
 30
0.0
 11
-41.29827117919922
 21
-30.525146484375
 31
0.0
  0
LINE
  5
249
330
A
100
AcDbEntity
  8
1.2FURN
  6
Continuous
 48
12.0
370
     0
 62
    11
284
     3
100
AcDbLine
 10
157.2017364501953
 20
219.224853515625
 30
0.0
 11
97.20173645019534
 21
219.2248229980469
 31
0.0
  0
LINE
  5
24A
330
A
100
AcDbEntity
  8
1.2FURN
  6
Continuous
 48
12.0
370
     0
 62
    11
284
     3
100
AcDbLine
 10
97.20173645019534
 20
219.2248229980469
 30
0.0
 11
97.20173645019534
 21
139.2248229980469
 31
0.0
  0
LINE
  5
24B
330
A
100
AcDbEntity
  8
1.2FURN
  6
Continuous
 48
12.0
370
     0
 62
    11
284
     3
100
AcDbLine
 10
97.20173645019534
 20
139.2248229980469
 30
0.0
 11
157.2017364501953
 21
139.224853515625
 31
0.0
  0
LINE
  5
24C
330
A
100
AcDbEntity
  8
1.2FURN
  6
Continuous
 48
12.0
370
     0
 62
    11
284
     3
100
AcDbLine
 10
157.2017364501953
 20
139.224853515625
 30
0.0
 11
157.2017364501953
 21
219.224853515625
 31
0.0
  0
LINE
  5
24D
330
A
100
AcDbEntity
  8
1.2FURN
  6
Continuous
 48
12.0
370
     0
 62
    11
284
     3
100
AcDbLine
 10
95.20173645019534
 20
222.2248229980469
 30
0.0
 11
95.20173645019534
 21
220.2248229980469
 31
0.0
  0
LINE
  5
24E
330
A
100
AcDbEntity
  8
1.2FURN
  6
Continuous
 48
12.0
370
     0
 62
    11
284
     3
100
AcDbLine
 10
95.20173645019534
 20
220.2248229980469
 30
0.0
 11
159.2017364501953
 21
220.224853515625
 31
0.0
  0
LINE
  5
24F
330
A
100
AcDbEntity
  8
1.2FURN
  6
Continuous
 48
12.0
370
     0
 62
    11
284
     3
100
AcDbLine
 10
159.2017364501953
 20
220.224853515625
 30
0.0
 11
159.2017364501953
 21
222.224853515625
 31
0.0
  0
LINE
  5
250
330
A
100
AcDbEntity
  8
1.2FURN
  6
Continuous
 48
12.0
370
     0
 62
    11
284
     3
100
AcDbLine
 10
159.2017364501953
 20
222.224853515625
 30
0.0
 11
95.20173645019534
 21
222.2248229980469
 31
0.0
  0
LINE
  5
251
330
A
100
AcDbEntity
  8
1.2FURN
  6
Continuous
 48
12.0
370
     0
 62
    11
284
     3
100
AcDbLine
 10
129.2017364501953
 20
215.2248229980469
 30
0.0
 11
129.2017364501953
 21
199.2248229980469
 31
0.0
  0
LINE
  5
252
330
A
100
AcDbEntity
  8
1.2FURN
  6
Continuous
 48
12.0
370
     0
 62
    11
284
     3
100
AcDbLine
 10
129.2017364501953
 20
199.2248229980469
 30
0.0
 11
153.2017364501953
 21
199.224853515625
 31
0.0
  0
LINE
  5
253
330
A
100
AcDbEntity
  8
1.2FURN
  6
Continuous
 48
12.0
370
     0
 62
    11
284
     3
100
AcDbLine
 10
153.2017364501953
 20
199.224853515625
 30
0.0
 11
153.2017364501953
 21
215.224853515625
 31
0.0
  0
LINE
  5
254
330
A
100
AcDbEntity
  8
1.2FURN
  6
Continuous
 48
12.0
370
     0
 62
    11
284
     3
100
AcDbLine
 10
153.2017364501953
 20
215.224853515625
 30
0.0
 11
129.2017364501953
 21
215.2248229980469
 31
0.0
  0
LINE
  5
255
330
A
100
AcDbEntity
  8
1.2FURN
  6
Continuous
 48
12.0
370
     0
 62
    11
284
     3
100
AcDbLine
 10
157.2017364501953
 20
195.224853515625
 30
0.0
 11
97.20173645019534
 21
195.2248229980469
 31
0.0
  0
LINE
  5
256
330
A
100
AcDbEntity
  8
1.2FURN
  6
Continuous
 48
12.0
370
     0
 62
    11
284
     3
100
AcDbLine
 10
97.20173645019534
 20
193.2248229980469
 30
0.0
 11
157.2017364501953
 21
193.224853515625
 31
0.0
  0
LINE
  5
257
330
A
100
AcDbEntity
  8
1.2FURN
  6
Continuous
 48
12.0
370
     0
 62
    11
284
     3
100
AcDbLine
 10
101.2017364501953
 20
215.2248229980469
 30
0.0
 11
101.2017364501953
 21
199.2248229980469
 31
0.0
  0
LINE
  5
258
330
A
100
AcDbEntity
  8
1.2FURN
  6
Continuous
 48
12.0
370
     0
 62
    11
284
     3
100
AcDbLine
 10
101.2017364501953
 20
199.2248229980469
 30
0.0
 11
125.2017364501953
 21
199.2248229980469
 31
0.0
  0
LINE
  5
259
330
A
100
AcDbEntity
  8
1.2FURN
  6
Continuous
 48
12.0
370
     0
 62
    11
284
     3
100
AcDbLine
 10
125.2017364501953
 20
199.2248229980469
 30
0.0
 11
125.2017364501953
 21
215.2248229980469
 31
0.0
  0
LINE
  5
25A
330
A
100
AcDbEntity
  8
1.2FURN
  6
Continuous
 48
12.0
370
     0
 62
    11
284
     3
100
AcDbLine
 10
125.2017364501953
 20
215.2248229980469
 30
0.0
 11
101.2017364501953
 21
215.2248229980469
 31
0.0
  0
LINE
  5
25B
330
A
100
AcDbEntity
  8
1.2FURN
  6
Continuous
 48
12.0
370
     0
 62
    11
284
     3
100
AcDbLine
 10
157.2017364501953
 20
191.224853515625
 30
0.0
 11
97.16804504394534
 21
177.3709106445312
 31
0.0
  0
LINE
  5
25C
330
A
100
AcDbEntity
  8
1.2FURN
  6
Continuous
 48
12.0
370
     0
 62
    11
284
     3
100
AcDbLine
 10
159.2017364501953
 20
136.2248229980469
 30
0.0
 11
159.2017364501953
 21
138.2248229980469
 31
0.0
  0
LINE
  5
25D
330
A
100
AcDbEntity
  8
1.2FURN
  6
Continuous
 48
12.0
370
     0
 62
    11
284
     3
100
AcDbLine
 10
159.2017364501953
 20
138.2248229980469
 30
0.0
 11
95.20173645019534
 21
138.2248229980469
 31
0.0
  0
LINE
  5
25E
330
A
100
AcDbEntity
  8
1.2FURN
  6
Continuous
 48
12.0
370
     0
 62
    11
284
     3
100
AcDbLine
 10
95.20173645019534
 20
138.2248229980469
 30
0.0
 11
95.20173645019534
 21
136.2248229980469
 31
0.0
  0
LINE
  5
25F
330
A
100
AcDbEntity
  8
1.2FURN
  6
Continuous
 48
12.0
370
     0
 62
    11
284
     3
100
AcDbLine
 10
95.20173645019534
 20
136.2248229980469
 30
0.0
 11
159.2017364501953
 21
136.2248229980469
 31
0.0
  0
LINE
  5
260
330
A
100
AcDbEntity
  8
1.2FURN
  6
Continuous
 48
12.0
370
     0
 62
    11
284
     3
100
AcDbLine
 10
157.2017364501953
 20
185.224853515625
 30
0.0
 11
97.16804504394534
 21
171.3709106445312
 31
0.0
  0
LINE
  5
261
330
A
100
AcDbEntity
  8
1.2FURN
  6
Continuous
 48
12.0
370
     0
 62
    11
284
     3
100
AcDbLine
 10
93.20173645019534
 20
206.224853515625
 30
0.0
 11
93.20173645019534
 21
222.224853515625
 31
0.0
  0
LINE
  5
262
330
A
100
AcDbEntity
  8
1.2FURN
  6
Continuous
 48
12.0
370
     0
 62
    11
284
     3
100
AcDbLine
 10
93.20173645019534
 20
222.224853515625
 30
0.0
 11
77.20173645019534
 21
222.224853515625
 31
0.0
  0
LINE
  5
263
330
A
100
AcDbEntity
  8
1.2FURN
  6
Continuous
 48
12.0
370
     0
 62
    11
284
     3
100
AcDbLine
 10
77.20173645019534
 20
222.224853515625
 30
0.0
 11
77.20173645019534
 21
206.224853515625
 31
0.0
  0
LINE
  5
264
330
A
100
AcDbEntity
  8
1.2FURN
  6
Continuous
 48
12.0
370
     0
 62
    11
284
     3
100
AcDbLine
 10
77.20173645019534
 20
206.224853515625
 30
0.0
 11
93.20173645019534
 21
206.224853515625
 31
0.0
  0
LINE
  5
265
330
A
100
AcDbEntity
  8
1.2FURN
  6
Continuous
 48
12.0
370
     0
 62
    11
284
     3
100
AcDbLine
 10
177.2017364501953
 20
206.224853515625
 30
0.0
 11
177.2017364501953
 21
222.224853515625
 31
0.0
  0
LINE
  5
266
330
A
100
AcDbEntity
  8
1.2FURN
  6
Continuous
 48
12.0
370
     0
 62
    11
284
     3
100
AcDbLine
 10
177.2017364501953
 20
222.224853515625
 30
0.0
 11
161.2017364501953
 21
222.224853515625
 31
0.0
  0
LINE
  5
267
330
A
100
AcDbEntity
  8
1.2FURN
  6
Continuous
 48
12.0
370
     0
 62
    11
284
     3
100
AcDbLine
 10
161.2017364501953
 20
222.224853515625
 30
0.0
 11
161.2017364501953
 21
206.224853515625
 31
0.0
  0
LINE
  5
268
330
A
100
AcDbEntity
  8
1.2FURN
  6
Continuous
 48
12.0
370
     0
 62
    11
284
     3
100
AcDbLine
 10
161.2017364501953
 20
206.224853515625
 30
0.0
 11
177.2017364501953
 21
206.224853515625
 31
0.0
  0
LWPOLYLINE
  5
269
330
A
100
AcDbEntity
  8
1.2FURN
  6
Continuous
 48
12.0
370
     0
 62
    11
284
     3
100
AcDbPolyline
 90
        4
 70
     1
 43
0.0
 39
30.0
 10
94.35793727836258
 20
73.58290423973895
 10
162.7490476999582
 20
73.58290423973895
 10
162.7490476999582
 20
88.92989351880225
 10
94.35793727836258
 20
88.92989351880225
  0
LWPOLYLINE
  5
26A
330
A
100
AcDbEntity
  8
1.2FURN
  6
Continuous
 48
12.0
370
     0
 62
    11
284
     3
100
AcDbPolyline
 90
        4
 70
     1
 43
0.0
 39
30.0
 10
-183.2242377712714
 20
78.19119386653875
 10
-164.778919066159
 20
78.19119386653875
 10
-164.778919066159
 20
142.8245692849687
 10
-183.2242377712714
 20
142.8245692849687
  0
LINE
  5
26B
330
A
100
AcDbEntity
  8
1.2FURN
  6
Continuous
 48
12.0
370
     0
 62
    11
284
     3
100
AcDbLine
 10
-82.72550769255091
 20
45.75918147061141
 30
0.0
 11
-142.7255076925509
 21
45.75921198818956
 31
0.0
  0
LINE
  5
26C
330
A
100
AcDbEntity
  8
1.2FURN
  6
Continuous
 48
12.0
370
     0
 62
    11
284
     3
100
AcDbLine
 10
-142.7255076925509
 20
45.75921198818956
 30
0.0
 11
-142.7255076925509
 21
125.7592119881896
 31
0.0
  0
LINE
  5
26D
330
A
100
AcDbEntity
  8
1.2FURN
  6
Continuous
 48
12.0
370
     0
 62
    11
284
     3
100
AcDbLine
 10
-142.7255076925509
 20
125.7592119881896
 30
0.0
 11
-82.72550769255088
 21
125.7591814706114
 31
0.0
  0
LINE
  5
26E
330
A
100
AcDbEntity
  8
1.2FURN
  6
Continuous
 48
12.0
370
     0
 62
    11
284
     3
100
AcDbLine
 10
-82.72550769255088
 20
125.7591814706114
 30
0.0
 11
-82.72550769255091
 21
45.75918147061141
 31
0.0
  0
LINE
  5
26F
330
A
100
AcDbEntity
  8
1.2FURN
  6
Continuous
 48
12.0
370
     0
 62
    11
284
     3
100
AcDbLine
 10
-144.7255076925509
 20
42.75921198818956
 30
0.0
 11
-144.7255076925509
 21
44.75921198818956
 31
0.0
  0
LINE
  5
270
330
A
100
AcDbEntity
  8
1.2FURN
  6
Continuous
 48
12.0
370
     0
 62
    11
284
     3
100
AcDbLine
 10
-144.7255076925509
 20
44.75921198818956
 30
0.0
 11
-80.72550769255091
 21
44.75918147061141
 31
0.0
  0
LINE
  5
271
330
A
100
AcDbEntity
  8
1.2FURN
  6
Continuous
 48
12.0
370
     0
 62
    11
284
     3
100
AcDbLine
 10
-80.72550769255091
 20
44.75918147061141
 30
0.0
 11
-80.72550769255091
 21
42.75918147061141
 31
0.0
  0
LINE
  5
272
330
A
100
AcDbEntity
  8
1.2FURN
  6
Continuous
 48
12.0
370
     0
 62
    11
284
     3
100
AcDbLine
 10
-80.72550769255091
 20
42.75918147061141
 30
0.0
 11
-144.7255076925509
 21
42.75921198818956
 31
0.0
  0
LINE
  5
273
330
A
100
AcDbEntity
  8
1.2FURN
  6
Continuous
 48
12.0
370
     0
 62
    11
284
     3
100
AcDbLine
 10
-110.7255076925509
 20
49.75921198818956
 30
0.0
 11
-110.7255076925509
 21
65.75921198818956
 31
0.0
  0
LINE
  5
274
330
A
100
AcDbEntity
  8
1.2FURN
  6
Continuous
 48
12.0
370
     0
 62
    11
284
     3
100
AcDbLine
 10
-110.7255076925509
 20
65.75921198818956
 30
0.0
 11
-86.72550769255091
 21
65.75918147061141
 31
0.0
  0
LINE
  5
275
330
A
100
AcDbEntity
  8
1.2FURN
  6
Continuous
 48
12.0
370
     0
 62
    11
284
     3
100
AcDbLine
 10
-86.72550769255091
 20
65.75918147061141
 30
0.0
 11
-86.72550769255091
 21
49.75918147061141
 31
0.0
  0
LINE
  5
276
330
A
100
AcDbEntity
  8
1.2FURN
  6
Continuous
 48
12.0
370
     0
 62
    11
284
     3
100
AcDbLine
 10
-86.72550769255091
 20
49.75918147061141
 30
0.0
 11
-110.7255076925509
 21
49.75921198818956
 31
0.0
  0
LINE
  5
277
330
A
100
AcDbEntity
  8
1.2FURN
  6
Continuous
 48
12.0
370
     0
 62
    11
284
     3
100
AcDbLine
 10
-82.72550769255091
 20
69.75918147061141
 30
0.0
 11
-142.7255076925509
 21
69.75921198818956
 31
0.0
  0
LINE
  5
278
330
A
100
AcDbEntity
  8
1.2FURN
  6
Continuous
 48
12.0
370
     0
 62
    11
284
     3
100
AcDbLine
 10
-142.7255076925509
 20
71.75921198818956
 30
0.0
 11
-82.72550769255091
 21
71.75918147061141
 31
0.0
  0
LINE
  5
279
330
A
100
AcDbEntity
  8
1.2FURN
  6
Continuous
 48
12.0
370
     0
 62
    11
284
     3
100
AcDbLine
 10
-138.7255076925509
 20
49.75921198818956
 30
0.0
 11
-138.7255076925509
 21
65.75921198818956
 31
0.0
  0
LINE
  5
27A
330
A
100
AcDbEntity
  8
1.2FURN
  6
Continuous
 48
12.0
370
     0
 62
    11
284
     3
100
AcDbLine
 10
-138.7255076925509
 20
65.75921198818956
 30
0.0
 11
-114.7255076925509
 21
65.75921198818956
 31
0.0
  0
LINE
  5
27B
330
A
100
AcDbEntity
  8
1.2FURN
  6
Continuous
 48
12.0
370
     0
 62
    11
284
     3
100
AcDbLine
 10
-114.7255076925509
 20
65.75921198818956
 30
0.0
 11
-114.7255076925509
 21
49.75921198818956
 31
0.0
  0
LINE
  5
27C
330
A
100
AcDbEntity
  8
1.2FURN
  6
Continuous
 48
12.0
370
     0
 62
    11
284
     3
100
AcDbLine
 10
-114.7255076925509
 20
49.75921198818956
 30
0.0
 11
-138.7255076925509
 21
49.75921198818956
 31
0.0
  0
LINE
  5
27D
330
A
100
AcDbEntity
  8
1.2FURN
  6
Continuous
 48
12.0
370
     0
 62
    11
284
     3
100
AcDbLine
 10
-82.72550769255091
 20
73.75918147061141
 30
0.0
 11
-142.7591990988009
 21
87.61312434170519
 31
0.0
  0
LINE
  5
27E
330
A
100
AcDbEntity
  8
1.2FURN
  6
Continuous
 48
12.0
370
     0
 62
    11
284
     3
100
AcDbLine
 10
-80.72550769255091
 20
128.7592119881895
 30
0.0
 11
-80.72550769255091
 21
126.7592119881895
 31
0.0
  0
LINE
  5
27F
330
A
100
AcDbEntity
  8
1.2FURN
  6
Continuous
 48
12.0
370
     0
 62
    11
284
     3
100
AcDbLine
 10
-80.72550769255091
 20
126.7592119881895
 30
0.0
 11
-144.7255076925509
 21
126.7592119881896
 31
0.0
  0
LINE
  5
280
330
A
100
AcDbEntity
  8
1.2FURN
  6
Continuous
 48
12.0
370
     0
 62
    11
284
     3
100
AcDbLine
 10
-144.7255076925509
 20
126.7592119881896
 30
0.0
 11
-144.7255076925509
 21
128.7592119881896
 31
0.0
  0
LINE
  5
281
330
A
100
AcDbEntity
  8
1.2FURN
  6
Continuous
 48
12.0
370
     0
 62
    11
284
     3
100
AcDbLine
 10
-144.7255076925509
 20
128.7592119881896
 30
0.0
 11
-80.72550769255091
 21
128.7592119881895
 31
0.0
  0
LINE
  5
282
330
A
100
AcDbEntity
  8
1.2FURN
  6
Continuous
 48
12.0
370
     0
 62
    11
284
     3
100
AcDbLine
 10
-82.72550769255091
 20
79.75918147061144
 30
0.0
 11
-142.7591990988009
 21
93.61312434170519
 31
0.0
  0
LINE
  5
283
330
A
100
AcDbEntity
  8
1.2FURN
  6
Continuous
 48
12.0
370
     0
 62
    11
284
     3
100
AcDbLine
 10
-146.7255076925509
 20
58.75918147061144
 30
0.0
 11
-146.7255076925509
 21
42.75918147061144
 31
0.0
  0
LINE
  5
284
330
A
100
AcDbEntity
  8
1.2FURN
  6
Continuous
 48
12.0
370
     0
 62
    11
284
     3
100
AcDbLine
 10
-146.7255076925509
 20
42.75918147061144
 30
0.0
 11
-162.7255076925509
 21
42.75918147061144
 31
0.0
  0
LINE
  5
285
330
A
100
AcDbEntity
  8
1.2FURN
  6
Continuous
 48
12.0
370
     0
 62
    11
284
     3
100
AcDbLine
 10
-162.7255076925509
 20
42.75918147061144
 30
0.0
 11
-162.7255076925509
 21
58.75918147061144
 31
0.0
  0
LINE
  5
286
330
A
100
AcDbEntity
  8
1.2FURN
  6
Continuous
 48
12.0
370
     0
 62
    11
284
     3
100
AcDbLine
 10
-162.7255076925509
 20
58.75918147061144
 30
0.0
 11
-146.7255076925509
 21
58.75918147061144
 31
0.0
  0
LINE
  5
287
330
A
100
AcDbEntity
  8
1.2FURN
  6
Continuous
 48
12.0
370
     0
 62
    11
284
     3
100
AcDbLine
 10
-62.72550769255091
 20
58.75918147061141
 30
0.0
 11
-62.72550769255091
 21
42.75918147061141
 31
0.0
  0
LINE
  5
288
330
A
100
AcDbEntity
  8
1.2FURN
  6
Continuous
 48
12.0
370
     0
 62
    11
284
     3
100
AcDbLine
 10
-62.72550769255091
 20
42.75918147061141
 30
0.0
 11
-78.72550769255091
 21
42.75918147061141
 31
0.0
  0
LINE
  5
289
330
A
100
AcDbEntity
  8
1.2FURN
  6
Continuous
 48
12.0
370
     0
 62
    11
284
     3
100
AcDbLine
 10
-78.72550769255091
 20
42.75918147061141
 30
0.0
 11
-78.72550769255091
 21
58.75918147061141
 31
0.0
  0
LINE
  5
28A
330
A
100
AcDbEntity
  8
1.2FURN
  6
Continuous
 48
12.0
370
     0
 62
    11
284
     3
100
AcDbLine
 10
-78.72550769255091
 20
58.75918147061141
 30
0.0
 11
-62.72550769255091
 21
58.75918147061141
 31
0.0
  0
LINE
  5
28B
330
A
100
AcDbEntity
  8
1.2WALLS
  6
Continuous
 48
12.0
370
     0
 62
   132
284
     3
100
AcDbLine
 10
217.2017299719022
 20
74.22485746422035
 30
0.0
 11
265.2017299719023
 21
74.22485746422038
 31
0.0
  0
LINE
  5
28C
330
A
100
AcDbEntity
  8
1.2WALLS
  6
Continuous
 48
12.0
370
     0
 62
     7
284
     3
100
AcDbLine
 10
216.7017299719022
 20
73.72485746422035
 30
0.0
 11
264.7017299719022
 21
73.72485746422035
 31
0.0
  0
LINE
  5
28D
330
A
100
AcDbEntity
  8
1.2WALLS
  6
Continuous
 48
12.0
370
     0
 62
     7
284
     3
100
AcDbLine
 10
211.2017299719022
 20
68.22485746422035
 30
0.0
 11
259.2017299719023
 21
68.22485746422036
 31
0.0
  0
LINE
  5
28E
330
A
100
AcDbEntity
  8
1.2WALLS
  6
Continuous
 48
12.0
370
     0
 62
     7
284
     3
100
AcDbLine
 10
-185.7982700280978
 20
-280.775146484375
 30
0.0
 11
-185.7982700280978
 21
-256.7751425357797
 31
0.0
  0
LINE
  5
28F
330
A
100
AcDbEntity
  8
1.2WALLS
  6
Continuous
 48
12.0
370
     0
 62
     5
284
     3
100
AcDbLine
 10
-185.2982700280978
 20
-280.2751425357797
 30
0.0
 11
-185.2982717799744
 21
-160.2751425357796
 31
0.0
  0
LINE
  5
290
330
A
100
AcDbEntity
  8
1.2WALLS
  6
Continuous
 48
12.0
370
     0
 62
     7
284
     3
100
AcDbLine
 10
-185.7982700280978
 20
-256.7751425357797
 30
0.0
 11
-185.7982718326364
 21
-159.7751425357796
 31
0.0
  0
LINE
  5
291
330
A
100
AcDbEntity
  8
1.2WALLS
  6
Continuous
 48
12.0
370
     0
 62
     7
284
     3
100
AcDbLine
 10
-131.9801420482462
 20
-183.7751425357796
 30
0.0
 11
-41.9860141687229
 21
-183.7751425357796
 31
0.0
  0
LINE
  5
292
330
A
100
AcDbEntity
  8
1.2WALLS
  6
Continuous
 48
12.0
370
     0
 62
     5
284
     3
100
AcDbLine
 10
-132.4801420482461
 20
-184.2751425357795
 30
0.0
 11
-41.48601416872291
 21
-184.2751425357796
 31
0.0
  0
LINE
  5
293
330
A
100
AcDbEntity
  8
1.2WALLS
  6
Continuous
 48
12.0
370
     0
 62
     7
284
     3
100
AcDbLine
 10
-128.4801420482462
 20
-180.2751425357796
 30
0.0
 11
-45.29827002809792
 21
-180.2751425357796
 31
0.0
  0
LINE
  5
294
330
A
100
AcDbEntity
  8
1.2WALLS
  6
Continuous
 48
12.0
370
     0
 62
     5
284
     3
100
AcDbLine
 10
-127.9801420482461
 20
-179.7751425357795
 30
0.0
 11
-45.79827002809792
 21
-179.7751425357796
 31
0.0
  0
LINE
  5
295
330
A
100
AcDbEntity
  8
1.2WALLS
  6
Continuous
 48
12.0
370
     0
 62
     1
284
     3
100
AcDbLine
 10
-106.7982674984
 20
230.2248574642203
 30
0.0
 11
-106.7982674984
 21
223.7248574642204
 31
0.0
  0
LINE
  5
296
330
A
100
AcDbEntity
  8
1.2WALLS
  6
Continuous
 48
12.0
370
     0
 62
     1
284
     3
100
AcDbLine
 10
-178.9484325079057
 20
230.2248574642203
 30
0.0
 11
-178.9484325079057
 21
223.7248574642204
 31
0.0
  0
LINE
  5
297
330
A
100
AcDbEntity
  8
1.2WALLS
  6
Continuous
 48
12.0
370
     0
 62
     1
284
     3
100
AcDbLine
 10
205.7017299719022
 20
230.2248574642203
 30
0.0
 11
205.7017299719022
 21
223.7248574642203
 31
0.0
  0
LINE
  5
298
330
A
100
AcDbEntity
  8
1.2WALLS
  6
Continuous
 48
12.0
370
     0
 62
     1
284
     3
100
AcDbLine
 10
168.7017299719022
 20
230.2248574642203
 30
0.0
 11
168.7017299719022
 21
223.7248574642203
 31
0.0
  0
LINE
  5
299
330
A
100
AcDbEntity
  8
1.2WALLS
  6
Continuous
 48
12.0
370
     0
 62
     1
284
     3
100
AcDbLine
 10
217.2017299719022
 20
98.72485746422032
 30
0.0
 11
210.7017299719022
 21
98.72485746422032
 31
0.0
  0
LINE
  5
29A
330
A
100
AcDbEntity
  8
1.2WALLS
  6
Continuous
 48
12.0
370
     0
 62
     1
284
     3
100
AcDbLine
 10
217.2017299719022
 20
205.7248574642203
 30
0.0
 11
210.7017299719022
 21
205.7248574642203
 31
0.0
  0
LINE
  5
29B
330
A
100
AcDbEntity
  8
1.2WALLS
  6
Continuous
 48
12.0
370
     0
 62
   132
284
     3
100
AcDbLine
 10
217.2017364501953
 20
230.224853515625
 30
0.0
 11
217.2017364501953
 21
205.7248574642203
 31
0.0
  0
LINE
  5
29C
330
A
100
AcDbEntity
  8
1.2WALLS
  6
Continuous
 48
12.0
370
     0
 62
   132
284
     3
100
AcDbLine
 10
217.2017364501953
 20
98.72485746422032
 30
0.0
 11
217.2017364501953
 21
74.22486114501953
 31
0.0
  0
LINE
  5
29D
330
A
100
AcDbEntity
  8
1.2WALLS
  6
Continuous
 48
12.0
370
     0
 62
     7
284
     3
100
AcDbLine
 10
216.7017364501953
 20
229.724853515625
 30
0.0
 11
216.7017364501953
 21
205.7248574642203
 31
0.0
  0
LINE
  5
29E
330
A
100
AcDbEntity
  8
1.2WALLS
  6
Continuous
 48
12.0
370
     0
 62
     7
284
     3
100
AcDbLine
 10
216.7017364501953
 20
98.72485746422032
 30
0.0
 11
216.7017364501953
 21
73.72486114501953
 31
0.0
  0
LINE
  5
29F
330
A
100
AcDbEntity
  8
1.2WALLS
  6
Continuous
 48
12.0
370
     0
 62
     7
284
     3
100
AcDbLine
 10
211.2017364501953
 20
224.224853515625
 30
0.0
 11
211.2017364501953
 21
205.7248574642203
 31
0.0
  0
LINE
  5
2A0
330
A
100
AcDbEntity
  8
1.2WALLS
  6
Continuous
 48
12.0
370
     0
 62
     7
284
     3
100
AcDbLine
 10
211.2017364501953
 20
98.72485746422032
 30
0.0
 11
211.2017364501953
 21
71.72486114501953
 31
0.0
  0
LINE
  5
2A1
330
A
100
AcDbEntity
  8
1.2WALLS
  6
Continuous
 48
12.0
370
     0
 62
     5
284
     3
100
AcDbLine
 10
210.7017364501953
 20
223.724853515625
 30
0.0
 11
210.7017364501953
 21
205.7248574642203
 31
0.0
  0
LINE
  5
2A2
330
A
100
AcDbEntity
  8
1.2WALLS
  6
Continuous
 48
12.0
370
     0
 62
     5
284
     3
100
AcDbLine
 10
210.7017364501953
 20
98.72485746422032
 30
0.0
 11
210.7017364501953
 21
72.22486114501953
 31
0.0
  0
LINE
  5
2A3
330
A
100
AcDbEntity
  8
1.2WALLS
  6
Continuous
 48
12.0
370
     0
 62
   132
284
     3
100
AcDbLine
 10
205.7017299719022
 20
230.224853515625
 30
0.0
 11
217.2017364501953
 21
230.224853515625
 31
0.0
  0
LINE
  5
2A4
330
A
100
AcDbEntity
  8
1.2WALLS
  6
Continuous
 48
12.0
370
     0
 62
     7
284
     3
100
AcDbLine
 10
205.7017299719022
 20
229.724853515625
 30
0.0
 11
216.7017364501953
 21
229.724853515625
 31
0.0
  0
LINE
  5
2A5
330
A
100
AcDbEntity
  8
1.2WALLS
  6
Continuous
 48
12.0
370
     0
 62
     7
284
     3
100
AcDbLine
 10
205.7017299719022
 20
224.224853515625
 30
0.0
 11
211.2017364501953
 21
224.224853515625
 31
0.0
  0
LINE
  5
2A6
330
A
100
AcDbEntity
  8
1.2WALLS
  6
Continuous
 48
12.0
370
     0
 62
     5
284
     3
100
AcDbLine
 10
205.7017299719022
 20
223.724853515625
 30
0.0
 11
210.7017364501953
 21
223.724853515625
 31
0.0
  0
LINE
  5
2A7
330
A
100
AcDbEntity
  8
1.2WALLS
  6
Continuous
 48
12.0
370
     0
 62
     7
284
     3
100
AcDbLine
 10
-185.7982635498047
 20
224.224853515625
 30
0.0
 11
-178.9484325079057
 21
224.224853515625
 31
0.0
  0
LINE
  5
2A8
330
A
100
AcDbEntity
  8
1.2WALLS
  6
Continuous
 48
12.0
370
     0
 62
     7
284
     3
100
AcDbLine
 10
-106.7982674984
 20
224.224853515625
 30
0.0
 11
-7.423270147307118
 21
224.224853515625
 31
0.0
  0
LINE
  5
2A9
330
A
100
AcDbEntity
  8
1.2WALLS
  6
Continuous
 48
12.0
370
     0
 62
     7
284
     3
100
AcDbLine
 10
-3.92327014730712
 20
224.224853515625
 30
0.0
 11
30.45173021032076
 21
224.224853515625
 31
0.0
  0
LINE
  5
2AA
330
A
100
AcDbEntity
  8
1.2WALLS
  6
Continuous
 48
12.0
370
     0
 62
     5
284
     3
100
AcDbLine
 10
-185.2982635498047
 20
223.724853515625
 30
0.0
 11
-178.9484325079057
 21
223.724853515625
 31
0.0
  0
LINE
  5
2AB
330
A
100
AcDbEntity
  8
1.2WALLS
  6
Continuous
 48
12.0
370
     0
 62
     5
284
     3
100
AcDbLine
 10
-106.7982674984
 20
223.724853515625
 30
0.0
 11
-7.923270147307122
 21
223.724853515625
 31
0.0
  0
LINE
  5
2AC
330
A
100
AcDbEntity
  8
1.2WALLS
  6
Continuous
 48
12.0
370
     0
 62
     5
284
     3
100
AcDbLine
 10
-3.423270147307116
 20
223.7248535156251
 30
0.0
 11
29.95172997190218
 21
223.7248535156251
 31
0.0
  0
LINE
  5
2AD
330
A
100
AcDbEntity
  8
1.2WALLS
  6
Continuous
 48
12.0
370
     0
 62
   132
284
     3
100
AcDbLine
 10
-191.7982635498047
 20
230.224853515625
 30
0.0
 11
-178.9484325079057
 21
230.224853515625
 31
0.0
  0
LINE
  5
2AE
330
A
100
AcDbEntity
  8
1.2WALLS
  6
Continuous
 48
12.0
370
     0
 62
     7
284
     3
100
AcDbLine
 10
-191.2982635498047
 20
229.724853515625
 30
0.0
 11
-178.9484325079057
 21
229.724853515625
 31
0.0
  0
LINE
  5
2AF
330
A
100
AcDbEntity
  8
1.2WALLS
  6
Continuous
 48
12.0
370
     0
 62
     1
284
     3
100
AcDbLine
 10
217.2017299719022
 20
98.72485746422032
 30
0.0
 11
210.7017299719022
 21
98.72485746422032
 31
0.0
  0
LINE
  5
2B0
330
A
100
AcDbEntity
  8
1.2WALLS
  6
Continuous
 48
12.0
370
     0
 62
     1
284
     3
100
AcDbLine
 10
265.2017299719023
 20
-0.1601575826692994
 30
0.0
 11
258.7017299719023
 21
-0.1601575826692994
 31
0.0
  0
LINE
  5
2B1
330
A
100
AcDbEntity
  8
1.2WALLS
  6
Continuous
 48
12.0
370
     0
 62
     1
284
     3
100
AcDbLine
 10
265.2017299719023
 20
33.60986856251468
 30
0.0
 11
258.7017299719023
 21
33.60986856251468
 31
0.0
  0
LINE
  5
2B2
330
A
100
AcDbEntity
  8
1.2WALLS
  6
Continuous
 48
12.0
370
     0
 62
   132
284
     3
100
AcDbLine
 10
265.2017211914062
 20
74.22486114501953
 30
0.0
 11
265.2017211914062
 21
33.60986856251468
 31
0.0
  0
LINE
  5
2B3
330
A
100
AcDbEntity
  8
1.2WALLS
  6
Continuous
 48
12.0
370
     0
 62
     7
284
     3
100
AcDbLine
 10
264.7017211914062
 20
73.72486114501953
 30
0.0
 11
264.7017211914062
 21
33.60986856251468
 31
0.0
  0
LINE
  5
2B4
330
A
100
AcDbEntity
  8
1.2WALLS
  6
Continuous
 48
12.0
370
     0
 62
     7
284
     3
100
AcDbLine
 10
264.7017211914062
 20
-0.1601575826692994
 30
0.0
 11
264.7017211914062
 21
-99.5051242877864
 31
0.0
  0
LINE
  5
2B5
330
A
100
AcDbEntity
  8
1.2WALLS
  6
Continuous
 48
12.0
370
     0
 62
     7
284
     3
100
AcDbLine
 10
259.2017211914062
 20
68.22486114501953
 30
0.0
 11
259.2017211914062
 21
33.60986856251468
 31
0.0
  0
LINE
  5
2B6
330
A
100
AcDbEntity
  8
1.2WALLS
  6
Continuous
 48
12.0
370
     0
 62
     7
284
     3
100
AcDbLine
 10
259.2017211914062
 20
-0.1601575826692994
 30
0.0
 11
259.2017211914062
 21
-79.52514256959422
 31
0.0
  0
LINE
  5
2B7
330
A
100
AcDbEntity
  8
1.2WALLS
  6
Continuous
 48
12.0
370
     0
 62
     5
284
     3
100
AcDbLine
 10
258.7017211914063
 20
67.72486114501953
 30
0.0
 11
258.7017211914062
 21
33.60986856251468
 31
0.0
  0
LINE
  5
2B8
330
A
100
AcDbEntity
  8
1.2WALLS
  6
Continuous
 48
12.0
370
     0
 62
     1
284
     3
100
AcDbLine
 10
187.2017211914062
 20
-286.775146484375
 30
0.0
 11
187.2017211914062
 21
-280.2751425357797
 31
0.0
  0
LINE
  5
2B9
330
A
100
AcDbEntity
  8
1.2WALLS
  6
Continuous
 48
12.0
370
     0
 62
     1
284
     3
100
AcDbLine
 10
247.2017211914062
 20
-286.775146484375
 30
0.0
 11
247.2017211914062
 21
-280.2751425357797
 31
0.0
  0
LINE
  5
2BA
330
A
100
AcDbEntity
  8
1.2WALLS
  6
Continuous
 48
12.0
370
     0
 62
     1
284
     3
100
AcDbLine
 10
36.20172997190218
 20
-286.775146484375
 30
0.0
 11
36.20172997190221
 21
-280.2751425357797
 31
0.0
  0
LINE
  5
2BB
330
A
100
AcDbEntity
  8
1.2WALLS
  6
Continuous
 48
12.0
370
     0
 62
     1
284
     3
100
AcDbLine
 10
96.20172997190218
 20
-286.775146484375
 30
0.0
 11
96.20172997190221
 21
-280.2751425357797
 31
0.0
  0
LINE
  5
2BC
330
A
100
AcDbEntity
  8
1.2WALLS
  6
Continuous
 48
12.0
370
     0
 62
     5
284
     3
100
AcDbLine
 10
6.451729971902181
 20
-280.275146484375
 30
0.0
 11
-15.79827002809779
 21
-280.275146484375
 31
0.0
  0
LINE
  5
2BD
330
A
100
AcDbEntity
  8
1.2WALLS
  6
Continuous
 48
12.0
370
     0
 62
     7
284
     3
100
AcDbLine
 10
6.951729971902181
 20
-280.7751464843749
 30
0.0
 11
-15.79827002809779
 21
-280.7751464843753
 31
0.0
  0
LINE
  5
2BE
330
A
100
AcDbEntity
  8
1.2WALLS
  6
Continuous
 48
12.0
370
     0
 62
     5
284
     3
100
AcDbLine
 10
36.20172997190221
 20
-280.275146484375
 30
0.0
 11
10.95172997190218
 21
-280.275146484375
 31
0.0
  0
LINE
  5
2BF
330
A
100
AcDbEntity
  8
1.2WALLS
  6
Continuous
 48
12.0
370
     0
 62
     7
284
     3
100
AcDbLine
 10
36.2017299719022
 20
-280.775146484375
 30
0.0
 11
10.45172997190218
 21
-280.775146484375
 31
0.0
  0
LINE
  5
2C0
330
A
100
AcDbEntity
  8
1.2WALLS
  6
Continuous
 48
12.0
370
     0
 62
     7
284
     3
100
AcDbLine
 10
36.20172997190218
 20
-286.275146484375
 30
0.0
 11
-15.79827002809782
 21
-286.275146484375
 31
0.0
  0
LINE
  5
2C1
330
A
100
AcDbEntity
  8
1.2WALLS
  6
Continuous
 48
12.0
370
     0
 62
     5
284
     3
100
AcDbLine
 10
36.20172997190218
 20
-286.775146484375
 30
0.0
 11
-15.79827002809782
 21
-286.775146484375
 31
0.0
  0
LINE
  5
2C2
330
A
100
AcDbEntity
  8
1.2WALLS
  6
Continuous
 48
12.0
370
     0
 62
     5
284
     3
100
AcDbLine
 10
258.7017211914062
 20
-280.275146484375
 30
0.0
 11
247.2017211914062
 21
-280.275146484375
 31
0.0
  0
LINE
  5
2C3
330
A
100
AcDbEntity
  8
1.2WALLS
  6
Continuous
 48
12.0
370
     0
 62
     5
284
     3
100
AcDbLine
 10
187.2017211914063
 20
-280.275146484375
 30
0.0
 11
96.2017299719022
 21
-280.275146484375
 31
0.0
  0
LINE
  5
2C4
330
A
100
AcDbEntity
  8
1.2WALLS
  6
Continuous
 48
12.0
370
     0
 62
     7
284
     3
100
AcDbLine
 10
259.2017211914062
 20
-280.775146484375
 30
0.0
 11
247.2017211914063
 21
-280.775146484375
 31
0.0
  0
LINE
  5
2C5
330
A
100
AcDbEntity
  8
1.2WALLS
  6
Continuous
 48
12.0
370
     0
 62
     7
284
     3
100
AcDbLine
 10
187.2017211914063
 20
-280.775146484375
 30
0.0
 11
96.2017299719022
 21
-280.775146484375
 31
0.0
  0
LINE
  5
2C6
330
A
100
AcDbEntity
  8
1.2WALLS
  6
Continuous
 48
12.0
370
     0
 62
     7
284
     3
100
AcDbLine
 10
264.7017211914062
 20
-286.275146484375
 30
0.0
 11
247.2017211914063
 21
-286.275146484375
 31
0.0
  0
LINE
  5
2C7
330
A
100
AcDbEntity
  8
1.2WALLS
  6
Continuous
 48
12.0
370
     0
 62
     7
284
     3
100
AcDbLine
 10
187.2017211914063
 20
-286.275146484375
 30
0.0
 11
96.20172997190217
 21
-286.275146484375
 31
0.0
  0
LINE
  5
2C8
330
A
100
AcDbEntity
  8
1.2WALLS
  6
Continuous
 48
12.0
370
     0
 62
     5
284
     3
100
AcDbLine
 10
265.2017211914063
 20
-286.775146484375
 30
0.0
 11
247.2017211914062
 21
-286.775146484375
 31
0.0
  0
LINE
  5
2C9
330
A
100
AcDbEntity
  8
1.2WALLS
  6
Continuous
 48
12.0
370
     0
 62
     5
284
     3
100
AcDbLine
 10
187.2017211914063
 20
-286.775146484375
 30
0.0
 11
96.20172997190217
 21
-286.775146484375
 31
0.0
  0
LINE
  5
2CA
330
A
100
AcDbEntity
  8
1.2WALLS
  6
Continuous
 48
12.0
370
     0
 62
     5
284
     3
100
AcDbLine
 10
-185.298263699574
 20
40.40084487158504
 30
0.0
 11
-185.2982635516682
 21
42.93389470857586
 31
0.0
  0
LINE
  5
2CB
330
A
100
AcDbEntity
  8
1.2WALLS
  6
Continuous
 48
12.0
370
     0
 62
     7
284
     3
100
AcDbLine
 10
211.2017364501953
 20
68.22486114501953
 30
0.0
 11
86.19961903956269
 21
68.22486114501953
 31
0.0
  0
LINE
  5
2CC
330
A
100
AcDbEntity
  8
1.2WALLS
  6
Continuous
 48
12.0
370
     0
 62
     1
284
     3
100
AcDbLine
 10
85.70173645019534
 20
230.224853515625
 30
0.0
 11
85.70173645019534
 21
223.724853515625
 31
0.0
  0
LINE
  5
2CD
330
A
100
AcDbEntity
  8
1.2WALLS
  6
Continuous
 48
12.0
370
     0
 62
     1
284
     3
100
AcDbLine
 10
48.70173645019534
 20
230.224853515625
 30
0.0
 11
48.70173645019534
 21
223.724853515625
 31
0.0
  0
LINE
  5
2CE
330
A
100
AcDbEntity
  8
1.2WALLS
  6
Continuous
 48
12.0
370
     0
 62
     7
284
     3
100
AcDbLine
 10
85.70173645019536
 20
224.224853515625
 30
0.0
 11
168.7017364501953
 21
224.224853515625
 31
0.0
  0
LINE
  5
2CF
330
A
100
AcDbEntity
  8
1.2WALLS
  6
Continuous
 48
12.0
370
     0
 62
     5
284
     3
100
AcDbLine
 10
34.45172882080078
 20
223.724853515625
 30
0.0
 11
48.70173645019534
 21
223.724853515625
 31
0.0
  0
LINE
  5
2D0
330
A
100
AcDbEntity
  8
1.2WALLS
  6
Continuous
 48
12.0
370
     0
 62
     5
284
     3
100
AcDbLine
 10
85.70173645019536
 20
223.724853515625
 30
0.0
 11
168.7017364501953
 21
223.724853515625
 31
0.0
  0
LINE
  5
2D1
330
A
100
AcDbEntity
  8
1.2WALLS
  6
Continuous
 48
12.0
370
     0
 62
   132
284
     3
100
AcDbLine
 10
-106.7982674984
 20
230.224853515625
 30
0.0
 11
48.70173645019534
 21
230.224853515625
 31
0.0
  0
LINE
  5
2D2
330
A
100
AcDbEntity
  8
1.2WALLS
  6
Continuous
 48
12.0
370
     0
 62
   132
284
     3
100
AcDbLine
 10
85.70173645019536
 20
230.224853515625
 30
0.0
 11
168.7017364501953
 21
230.224853515625
 31
0.0
  0
LINE
  5
2D3
330
A
100
AcDbEntity
  8
1.2WALLS
  6
Continuous
 48
12.0
370
     0
 62
     7
284
     3
100
AcDbLine
 10
-106.7982674984
 20
229.724853515625
 30
0.0
 11
48.70173645019534
 21
229.724853515625
 31
0.0
  0
LINE
  5
2D4
330
A
100
AcDbEntity
  8
1.2WALLS
  6
Continuous
 48
12.0
370
     0
 62
     7
284
     3
100
AcDbLine
 10
85.70173645019536
 20
229.724853515625
 30
0.0
 11
168.7017364501953
 21
229.724853515625
 31
0.0
  0
LINE
  5
2D5
330
A
100
AcDbEntity
  8
1.2WALLS
  6
Continuous
 48
12.0
370
     0
 62
     1
284
     3
100
AcDbLine
 10
-191.7982700280978
 20
217.0548877831607
 30
0.0
 11
-185.2982700280978
 21
217.0548877831607
 31
0.0
  0
LINE
  5
2D6
330
A
100
AcDbEntity
  8
1.2WALLS
  6
Continuous
 48
12.0
370
     0
 62
     1
284
     3
100
AcDbLine
 10
-191.7982700280978
 20
145.2248574642203
 30
0.0
 11
-185.2982700280978
 21
145.2248574642203
 31
0.0
  0
LINE
  5
2D7
330
A
100
AcDbEntity
  8
1.2WALLS
  6
Continuous
 48
12.0
370
     0
 62
   132
284
     3
100
AcDbLine
 10
-191.7982700280978
 20
217.0548877831607
 30
0.0
 11
-191.7982635498047
 21
230.224853515625
 31
0.0
  0
LINE
  5
2D8
330
A
100
AcDbEntity
  8
1.2WALLS
  6
Continuous
 48
12.0
370
     0
 62
   132
284
     3
100
AcDbLine
 10
-191.7982700280978
 20
217.0548877831607
 30
0.0
 11
-191.7982635498047
 21
230.224853515625
 31
0.0
  0
LINE
  5
2D9
330
A
100
AcDbEntity
  8
1.2WALLS
  6
Continuous
 48
12.0
370
     0
 62
     7
284
     3
100
AcDbLine
 10
-191.2982700280978
 20
217.0548877831607
 30
0.0
 11
-191.2982635498047
 21
229.724853515625
 31
0.0
  0
LINE
  5
2DA
330
A
100
AcDbEntity
  8
1.2WALLS
  6
Continuous
 48
12.0
370
     0
 62
     7
284
     3
100
AcDbLine
 10
-191.2982700280978
 20
217.0548877831607
 30
0.0
 11
-191.2982635498047
 21
229.724853515625
 31
0.0
  0
LINE
  5
2DB
330
A
100
AcDbEntity
  8
1.2WALLS
  6
Continuous
 48
12.0
370
     0
 62
     7
284
     3
100
AcDbLine
 10
-185.8271331787109
 20
69.83911152331029
 30
0.0
 11
-185.7982635498047
 21
145.2248574642203
 31
0.0
  0
LINE
  5
2DC
330
A
100
AcDbEntity
  8
1.2WALLS
  6
Continuous
 48
12.0
370
     0
 62
     7
284
     3
100
AcDbLine
 10
-185.7982700280978
 20
217.0548877831607
 30
0.0
 11
-185.7982635498047
 21
224.224853515625
 31
0.0
  0
LINE
  5
2DD
330
A
100
AcDbEntity
  8
1.2WALLS
  6
Continuous
 48
12.0
370
     0
 62
     5
284
     3
100
AcDbLine
 10
-185.3271331787109
 20
69.83911152331029
 30
0.0
 11
-185.2982635498047
 21
145.2248574642203
 31
0.0
  0
LINE
  5
2DE
330
A
100
AcDbEntity
  8
1.2WALLS
  6
Continuous
 48
12.0
370
     0
 62
     5
284
     3
100
AcDbLine
 10
-185.2982700280978
 20
217.0548877831607
 30
0.0
 11
-185.2982635498047
 21
223.724853515625
 31
0.0
  0
LINE
  5
2DF
330
A
100
AcDbEntity
  8
1.2WALLS
  6
Continuous
 48
12.0
370
     0
 62
     5
284
     3
100
AcDbLine
 10
258.7017211914062
 20
-79.02514253577965
 30
0.0
 11
225.7425256110112
 21
-79.02514249999528
 31
0.0
  0
LINE
  5
2E0
330
A
100
AcDbEntity
  8
1.2WALLS
  6
Continuous
 48
12.0
370
     0
 62
     5
284
     3
100
AcDbLine
 10
222.809388748634
 20
-79.02514253577964
 30
0.0
 11
219.7588653564453
 21
-79.02514253577965
 31
0.0
  0
LINE
  5
2E1
330
A
100
AcDbEntity
  8
1.2WALLS
  6
Continuous
 48
12.0
370
     0
 62
     1
284
     3
100
AcDbLine
 10
258.7017299719022
 20
-99.5051242877864
 30
0.0
 11
265.2017299719023
 21
-99.5051242877864
 31
0.0
  0
LINE
  5
2E2
330
A
100
AcDbEntity
  8
1.2WALLS
  6
Continuous
 48
12.0
370
     0
 62
     1
284
     3
100
AcDbLine
 10
258.7017299719022
 20
-135.275146484375
 30
0.0
 11
265.2017299719023
 21
-135.275146484375
 31
0.0
  0
LINE
  5
2E3
330
A
100
AcDbEntity
  8
1.2WALLS
  6
Continuous
 48
12.0
370
     0
 62
     5
284
     3
100
AcDbLine
 10
258.7017124109101
 20
-83.52513885498047
 30
0.0
 11
258.7017211914062
 21
-99.5051242877864
 31
0.0
  0
LINE
  5
2E4
330
A
100
AcDbEntity
  8
1.2WALLS
  6
Continuous
 48
12.0
370
     0
 62
     7
284
     3
100
AcDbLine
 10
259.2017124109101
 20
-83.02513885498047
 30
0.0
 11
259.2017211914062
 21
-99.5051242877864
 31
0.0
  0
LINE
  5
2E5
330
A
100
AcDbEntity
  8
1.2WALLS
  6
Continuous
 48
12.0
370
     0
 62
     5
284
     3
100
AcDbLine
 10
265.2017211914062
 20
-0.1601575826692994
 30
0.0
 11
265.2017211914062
 21
-99.5051242877864
 31
0.0
  0
POINT
  5
2E6
330
A
100
AcDbEntity
  8
1.2WALLS
  6
Continuous
 48
12.0
370
     0
 62
     1
284
     3
100
AcDbPoint
 10
265.2017211914062
 20
-184.2751426696777
 30
0.0
 50
0.0
  0
POINT
  5
2E7
330
A
100
AcDbEntity
  8
1.2WALLS
  6
Continuous
 48
8.0
370
     0
 62
    51
284
     3
100
AcDbPoint
 10
-185.7982667889513
 20
81.224853515625
 30
0.0
 50
0.0
  0
LINE
  5
2E8
330
A
100
AcDbEntity
  8
1.2WALLS
  6
Continuous
 48
12.0
370
     0
 62
     5
284
     3
100
AcDbLine
 10
6.451729971902221
 20
56.22486114501953
 30
0.0
 11
6.451729971902219
 21
56.22486114501952
 31
0.0
  0
LINE
  5
2E9
330
A
100
AcDbEntity
  8
1.2WALLS
  6
Continuous
 48
12.0
370
     0
 62
     7
284
     3
100
AcDbLine
 10
33.95172997190217
 20
120.7248611450195
 30
0.0
 11
10.45172882080085
 21
120.7248611450195
 31
0.0
  0
LINE
  5
2EA
330
A
100
AcDbEntity
  8
1.2WALLS
  6
Continuous
 48
12.0
370
     0
 62
     7
284
     3
100
AcDbLine
 10
6.951730728149485
 20
120.7248611450195
 30
0.0
 11
-41.79827002809785
 21
120.7248611450195
 31
0.0
  0
LINE
  5
2EB
330
A
100
AcDbEntity
  8
1.2WALLS
  6
Continuous
 48
12.0
370
     0
 62
     7
284
     3
100
AcDbLine
 10
33.95172997190216
 20
124.2248611450195
 30
0.0
 11
33.95172997190218
 21
124.2248611450195
 31
0.0
  0
LINE
  5
2EC
330
A
100
AcDbEntity
  8
1.2WALLS
  6
Continuous
 48
12.0
370
     0
 62
     7
284
     3
100
AcDbLine
 10
30.45173021032075
 20
124.2248611450195
 30
0.0
 11
-3.923270147307121
 21
124.2248611450195
 31
0.0
  0
LINE
  5
2ED
330
A
100
AcDbEntity
  8
1.2WALLS
  6
Continuous
 48
12.0
370
     0
 62
     7
284
     3
100
AcDbLine
 10
-7.423270147307122
 20
124.2248611450195
 30
0.0
 11
-41.79827002809785
 21
124.2248611450195
 31
0.0
  0
POINT
  5
2EE
330
A
100
AcDbEntity
  8
1.2WALLS
  6
Continuous
 48
12.0
370
     0
 62
     1
284
     3
100
AcDbPoint
 10
-185.7982700274816
 20
-87.27514637523204
 30
0.0
 50
0.0
  0
LINE
  5
2EF
330
A
100
AcDbEntity
  8
1.2WALLS
  6
Continuous
 48
12.0
370
     0
 62
     1
284
     3
100
AcDbLine
 10
-185.3271396570041
 20
69.83911152331029
 30
0.0
 11
-191.8271331787109
 21
69.83911152331029
 31
0.0
  0
LINE
  5
2F0
330
A
100
AcDbEntity
  8
1.2WALLS
  6
Continuous
 48
12.0
370
     0
 62
     1
284
     3
100
AcDbLine
 10
-185.2982635516682
 20
33.22163296293838
 30
0.0
 11
-191.7982635516682
 21
33.22163296293838
 31
0.0
  0
LINE
  5
2F1
330
A
100
AcDbEntity
  8
1.2WALLS
  6
Continuous
 48
12.0
370
     0
 62
     7
284
     3
100
AcDbLine
 10
-191.3271331787109
 20
69.83911152331029
 30
0.0
 11
-191.2982635498047
 21
145.224853515625
 31
0.0
  0
LINE
  5
2F2
330
A
100
AcDbEntity
  8
1.2WALLS
  6
Continuous
 48
12.0
370
     0
 62
   132
284
     3
100
AcDbLine
 10
-191.8271331787109
 20
69.83911152331029
 30
0.0
 11
-191.7982635498047
 21
145.224853515625
 31
0.0
  0
LINE
  5
2F3
330
A
100
AcDbEntity
  8
1.2WALLS
  6
Continuous
 48
12.0
370
     0
 62
     1
284
     3
100
AcDbLine
 10
265.2017211914063
 20
-269.275146484375
 30
0.0
 11
258.7017211914062
 21
-269.275146484375
 31
0.0
  0
LINE
  5
2F4
330
A
100
AcDbEntity
  8
1.2WALLS
  6
Continuous
 48
12.0
370
     0
 62
     1
284
     3
100
AcDbLine
 10
265.2017211914062
 20
-233.5051242877865
 30
0.0
 11
258.7017211914062
 21
-233.5051242877864
 31
0.0
  0
LINE
  5
2F5
330
A
100
AcDbEntity
  8
1.2WALLS
  6
Continuous
 48
12.0
370
     0
 62
     5
284
     3
100
AcDbLine
 10
258.7017211914062
 20
-135.275146484375
 30
0.0
 11
258.7017211914062
 21
-233.5051242877864
 31
0.0
  0
LINE
  5
2F6
330
A
100
AcDbEntity
  8
1.2WALLS
  6
Continuous
 48
12.0
370
     0
 62
     5
284
     3
100
AcDbLine
 10
258.7017211914062
 20
-269.275146484375
 30
0.0
 11
258.7017211914062
 21
-280.275146484375
 31
0.0
  0
LINE
  5
2F7
330
A
100
AcDbEntity
  8
1.2WALLS
  6
Continuous
 48
12.0
370
     0
 62
     7
284
     3
100
AcDbLine
 10
259.2017211914062
 20
-135.275146484375
 30
0.0
 11
259.2017211914062
 21
-233.5051242877864
 31
0.0
  0
LINE
  5
2F8
330
A
100
AcDbEntity
  8
1.2WALLS
  6
Continuous
 48
12.0
370
     0
 62
     7
284
     3
100
AcDbLine
 10
259.2017211914062
 20
-269.2751464843749
 30
0.0
 11
259.2017211914062
 21
-280.775146484375
 31
0.0
  0
LINE
  5
2F9
330
A
100
AcDbEntity
  8
1.2WALLS
  6
Continuous
 48
12.0
370
     0
 62
     7
284
     3
100
AcDbLine
 10
264.7017211914062
 20
-135.275146484375
 30
0.0
 11
264.7017211914062
 21
-233.5051242877865
 31
0.0
  0
LINE
  5
2FA
330
A
100
AcDbEntity
  8
1.2WALLS
  6
Continuous
 48
12.0
370
     0
 62
     7
284
     3
100
AcDbLine
 10
264.7017211914062
 20
-269.275146484375
 30
0.0
 11
264.7017211914062
 21
-286.275146484375
 31
0.0
  0
LINE
  5
2FB
330
A
100
AcDbEntity
  8
1.2WALLS
  6
Continuous
 48
12.0
370
     0
 62
     5
284
     3
100
AcDbLine
 10
265.2017211914062
 20
-135.275146484375
 30
0.0
 11
265.2017211914062
 21
-233.5051242877865
 31
0.0
  0
LINE
  5
2FC
330
A
100
AcDbEntity
  8
1.2WALLS
  6
Continuous
 48
12.0
370
     0
 62
     5
284
     3
100
AcDbLine
 10
265.2017211914062
 20
-269.275146484375
 30
0.0
 11
265.2017211914062
 21
-286.775146484375
 31
0.0
  0
LINE
  5
2FD
330
A
100
AcDbEntity
  8
1.2WALLS
  6
Continuous
 48
12.0
370
     0
 62
     1
284
     3
100
AcDbLine
 10
258.7017299719022
 20
-0.1601575826692994
 30
0.0
 11
265.2017299719023
 21
-0.1601575826692994
 31
0.0
  0
LINE
  5
2FE
330
A
100
AcDbEntity
  8
1.2WALLS
  6
Continuous
 48
12.0
370
     0
 62
     7
284
     3
100
AcDbLine
 10
6.951729971902213
 20
20.22485746422038
 30
0.0
 11
10.45172997190222
 21
20.22485746422038
 31
0.0
  0
LINE
  5
2FF
330
A
100
AcDbEntity
  8
1.2WALLS
  6
Continuous
 48
2.0
370
     0
 62
    11
284
     3
100
AcDbLine
 10
258.7017248269406
 20
-13.5688447952271
 30
0.0
 11
222.7017211914062
 21
-13.5688447952271
 31
0.0
  0
LINE
  5
300
330
A
100
AcDbEntity
  8
1.2WALLS
  6
Continuous
 48
12.0
370
     0
 62
     5
284
     3
100
AcDbLine
 10
98.57672997190217
 20
31.2248611450196
 30
0.0
 11
98.57672997190217
 21
-79.02514253577965
 31
0.0
  0
LINE
  5
301
330
A
100
AcDbEntity
  8
1.2WALLS
  6
Continuous
 48
12.0
370
     0
 62
     7
284
     3
100
AcDbLine
 10
99.07672997190213
 20
31.72486114501959
 30
0.0
 11
99.07672997190215
 21
-79.52514253577965
 31
0.0
  0
LINE
  5
302
330
A
100
AcDbEntity
  8
1.2WALLS
  6
Continuous
 48
12.0
370
     0
 62
     7
284
     3
100
AcDbLine
 10
102.5767299719021
 20
35.22486114501957
 30
0.0
 11
102.5767299719021
 21
-41.06225761099574
 31
0.0
  0
LINE
  5
303
330
A
100
AcDbEntity
  8
1.2WALLS
  6
Continuous
 48
12.0
370
     0
 62
     7
284
     3
100
AcDbLine
 10
102.5767299719021
 20
-44.56225761099575
 30
0.0
 11
102.5767299719022
 21
-79.52514253577965
 31
0.0
  0
LINE
  5
304
330
A
100
AcDbEntity
  8
1.2WALLS
  6
Continuous
 48
12.0
370
     0
 62
     5
284
     3
100
AcDbLine
 10
103.0767299719022
 20
35.72486114501956
 30
0.0
 11
103.0767299719022
 21
-40.56225761099574
 31
0.0
  0
LINE
  5
305
330
A
100
AcDbEntity
  8
1.2WALLS
  6
Continuous
 48
12.0
370
     0
 62
     5
284
     3
100
AcDbLine
 10
103.0767299719022
 20
-45.06225761099574
 30
0.0
 11
103.0767299719022
 21
-79.02514253577965
 31
0.0
  0
LINE
  5
306
330
A
100
AcDbEntity
  8
1.2WALLS
  6
Continuous
 48
12.0
370
     0
 62
     1
284
     3
100
AcDbLine
 10
119.9496190395627
 20
67.72486114501953
 30
0.0
 11
119.9496190395627
 21
72.22486114501953
 31
0.0
  0
LINE
  5
307
330
A
100
AcDbEntity
  8
1.2WALLS
  6
Continuous
 48
12.0
370
     0
 62
     1
284
     3
100
AcDbLine
 10
153.9496190395627
 20
67.72486114501953
 30
0.0
 11
153.9496190395627
 21
72.22486114501953
 31
0.0
  0
LINE
  5
308
330
A
100
AcDbEntity
  8
1.2WALLS
  6
Continuous
 48
12.0
370
     0
 62
     1
284
     3
100
AcDbLine
 10
71.57672997190215
 20
-79.02514253577965
 30
0.0
 11
71.57672997190215
 21
-83.52514253577965
 31
0.0
  0
LINE
  5
309
330
A
100
AcDbEntity
  8
1.2WALLS
  6
Continuous
 48
12.0
370
     0
 62
     1
284
     3
100
AcDbLine
 10
37.57672997190216
 20
-79.02514253577965
 30
0.0
 11
37.57672997190215
 21
-83.52514253577965
 31
0.0
  0
LINE
  5
30A
330
A
100
AcDbEntity
  8
1.2WALLS
  6
Continuous
 48
12.0
370
     0
 62
     5
284
     3
100
AcDbLine
 10
98.57672882080084
 20
-79.02513885498047
 30
0.0
 11
71.57672997190215
 21
-79.02513885498047
 31
0.0
  0
LINE
  5
30B
330
A
100
AcDbEntity
  8
1.2WALLS
  6
Continuous
 48
12.0
370
     0
 62
     5
284
     3
100
AcDbLine
 10
37.57672997190216
 20
-79.02513885498047
 30
0.0
 11
10.95172977447521
 21
-79.02513885498047
 31
0.0
  0
LINE
  5
30C
330
A
100
AcDbEntity
  8
1.2WALLS
  6
Continuous
 48
12.0
370
     0
 62
     7
284
     3
100
AcDbLine
 10
99.07672882080084
 20
-79.52513885498047
 30
0.0
 11
71.57672997190215
 21
-79.52513885498047
 31
0.0
  0
LINE
  5
30D
330
A
100
AcDbEntity
  8
1.2WALLS
  6
Continuous
 48
12.0
370
     0
 62
     7
284
     3
100
AcDbLine
 10
37.57672997190216
 20
-79.52513885498047
 30
0.0
 11
10.45172977447521
 21
-79.52513885498047
 31
0.0
  0
LINE
  5
30E
330
A
100
AcDbEntity
  8
1.2WALLS
  6
Continuous
 48
12.0
370
     0
 62
     7
284
     3
100
AcDbLine
 10
37.57672997190216
 20
-83.02513885498047
 30
0.0
 11
10.45172977447521
 21
-83.02513885498047
 31
0.0
  0
LINE
  5
30F
330
A
100
AcDbEntity
  8
1.2WALLS
  6
Continuous
 48
12.0
370
     0
 62
     5
284
     3
100
AcDbLine
 10
37.57672997190216
 20
-83.52513885498047
 30
0.0
 11
10.95172977447521
 21
-83.52513885498047
 31
0.0
  0
LINE
  5
310
330
A
100
AcDbEntity
  8
1.2WALLS
  6
Continuous
 48
12.0
370
     0
 62
     5
284
     3
100
AcDbLine
 10
258.7017211914063
 20
67.72486114501953
 30
0.0
 11
86.69961903956273
 21
67.72486114501956
 31
0.0
  0
LINE
  5
311
330
A
100
AcDbEntity
  8
1.2WALLS
  6
Continuous
 48
2.0
370
     0
 62
    11
284
     3
100
AcDbLine
 10
163.6368087760071
 20
-79.02514253577965
 30
0.0
 11
163.6368087760071
 21
-83.52513885498047
 31
0.0
  0
LINE
  5
312
330
A
100
AcDbEntity
  8
1.2WALLS
  6
Continuous
 48
2.0
370
     0
 62
    11
284
     3
100
AcDbLine
 10
129.6368087760071
 20
-79.02514253577965
 30
0.0
 11
129.6368087760071
 21
-83.52513885498047
 31
0.0
  0
LINE
  5
313
330
A
100
AcDbEntity
  8
1.2WALLS
  6
Continuous
 48
12.0
370
     0
 62
     5
284
     3
100
AcDbLine
 10
258.7017211914062
 20
-79.02514253577965
 30
0.0
 11
219.7588653564453
 21
-79.02514190605237
 31
0.0
  0
LINE
  5
314
330
A
100
AcDbEntity
  8
1.2WALLS
  6
Continuous
 48
12.0
370
     0
 62
     5
284
     3
100
AcDbLine
 10
185.7588653564453
 20
-79.02514110189379
 30
0.0
 11
128.9858311500534
 21
-79.02513955906856
 31
0.0
  0
LINE
  5
315
330
A
100
AcDbEntity
  8
1.2WALLS
  6
Continuous
 48
12.0
370
     0
 62
     5
284
     3
100
AcDbLine
 10
124.4858311631824
 20
-79.02513943677963
 30
0.0
 11
103.0767288208008
 21
-79.02513885498047
 31
0.0
  0
LINE
  5
316
330
A
100
AcDbEntity
  8
1.2WALLS
  6
Continuous
 48
12.0
370
     0
 62
     7
284
     3
100
AcDbLine
 10
259.2017211914062
 20
-79.52514253577965
 30
0.0
 11
219.7588653564453
 21
-79.52514189832262
 31
0.0
  0
LINE
  5
317
330
A
100
AcDbEntity
  8
1.2WALLS
  6
Continuous
 48
12.0
370
     0
 62
     7
284
     3
100
AcDbLine
 10
185.7588653564453
 20
-79.52514109929834
 30
0.0
 11
128.4858311495494
 21
-79.52513955402793
 31
0.0
  0
LINE
  5
318
330
A
100
AcDbEntity
  8
1.2WALLS
  6
Continuous
 48
12.0
370
     0
 62
     7
284
     3
100
AcDbLine
 10
124.9858311495499
 20
-79.52513945959524
 30
0.0
 11
102.5767288208008
 21
-79.52513885498047
 31
0.0
  0
LINE
  5
319
330
A
100
AcDbEntity
  8
1.2WALLS
  6
Continuous
 48
12.0
370
     0
 62
     7
284
     3
100
AcDbLine
 10
259.2017211914062
 20
-83.02513885498047
 30
0.0
 11
219.7588653564453
 21
-83.02513885498047
 31
0.0
  0
LINE
  5
31A
330
A
100
AcDbEntity
  8
1.2WALLS
  6
Continuous
 48
12.0
370
     0
 62
     7
284
     3
100
AcDbLine
 10
185.7588653564453
 20
-83.02513885498047
 30
0.0
 11
71.57672882080084
 21
-83.02513885498047
 31
0.0
  0
LINE
  5
31B
330
A
100
AcDbEntity
  8
1.2WALLS
  6
Continuous
 48
12.0
370
     0
 62
     5
284
     3
100
AcDbLine
 10
258.7017211914062
 20
-83.52513885498047
 30
0.0
 11
219.7588653564453
 21
-83.52513885498047
 31
0.0
  0
LINE
  5
31C
330
A
100
AcDbEntity
  8
1.2WALLS
  6
Continuous
 48
12.0
370
     0
 62
     5
284
     3
100
AcDbLine
 10
185.7588653564453
 20
-83.52513885498047
 30
0.0
 11
71.57672882080084
 21
-83.52513885498047
 31
0.0
  0
POINT
  5
31D
330
A
100
AcDbEntity
  8
1.2WALLS
  6
Continuous
 48
12.0
370
     0
 62
    51
284
     3
100
AcDbPoint
 10
8.701729971902182
 20
-280.775146484375
 30
0.0
 50
0.0
  0
LINE
  5
31E
330
A
100
AcDbEntity
  8
1.2WALLS
  6
Continuous
 48
12.0
370
     0
 62
     1
284
     3
100
AcDbLine
 10
-75.79827002809782
 20
-286.775146484375
 30
0.0
 11
-75.79827002809779
 21
-280.2751425357797
 31
0.0
  0
LINE
  5
31F
330
A
100
AcDbEntity
  8
1.2WALLS
  6
Continuous
 48
12.0
370
     0
 62
     1
284
     3
100
AcDbLine
 10
-15.79827002809782
 20
-286.775146484375
 30
0.0
 11
-15.79827002809779
 21
-280.2751425357797
 31
0.0
  0
LINE
  5
320
330
A
100
AcDbEntity
  8
1.2WALLS
  6
Continuous
 48
12.0
370
     0
 62
     5
284
     3
100
AcDbLine
 10
-132.4801420482461
 20
-184.2751425357795
 30
0.0
 11
-132.4801420482461
 21
-160.2751425357796
 31
0.0
  0
LINE
  5
321
330
A
100
AcDbEntity
  8
1.2WALLS
  6
Continuous
 48
12.0
370
     0
 62
     7
284
     3
100
AcDbLine
 10
-131.9801420482462
 20
-183.7751425357796
 30
0.0
 11
-131.9801420482461
 21
-159.7751425357796
 31
0.0
  0
LINE
  5
322
330
A
100
AcDbEntity
  8
1.2WALLS
  6
Continuous
 48
12.0
370
     0
 62
     7
284
     3
100
AcDbLine
 10
-128.4801420482462
 20
-180.2751425357796
 30
0.0
 11
-128.4801420482462
 21
-156.275146484375
 31
0.0
  0
LINE
  5
323
330
A
100
AcDbEntity
  8
1.2WALLS
  6
Continuous
 48
12.0
370
     0
 62
     5
284
     3
100
AcDbLine
 10
-127.9801420482461
 20
-179.7751425357795
 30
0.0
 11
-127.9801420482462
 21
-160.275146484375
 31
0.0
  0
LINE
  5
324
330
A
100
AcDbEntity
  8
1.2WALLS
  6
Continuous
 48
12.0
370
     0
 62
     5
284
     3
100
AcDbLine
 10
-132.4801355699531
 20
-160.275146484375
 30
0.0
 11
-185.2982788085938
 21
-160.275146484375
 31
0.0
  0
LINE
  5
325
330
A
100
AcDbEntity
  8
1.2WALLS
  6
Continuous
 48
12.0
370
     0
 62
     7
284
     3
100
AcDbLine
 10
-131.9801355699531
 20
-159.775146484375
 30
0.0
 11
-185.7982788085938
 21
-159.775146484375
 31
0.0
  0
LINE
  5
326
330
A
100
AcDbEntity
  8
1.2WALLS
  6
Continuous
 48
12.0
370
     0
 62
     7
284
     3
100
AcDbLine
 10
-128.4801355699531
 20
-156.275146484375
 30
0.0
 11
-185.7982788085938
 21
-156.275146484375
 31
0.0
  0
LINE
  5
327
330
A
100
AcDbEntity
  8
1.2WALLS
  6
Continuous
 48
12.0
370
     0
 62
     5
284
     3
100
AcDbLine
 10
-127.9801431993476
 20
-155.775146484375
 30
0.0
 11
-185.2982788085938
 21
-155.775146484375
 31
0.0
  0
LINE
  5
328
330
A
100
AcDbEntity
  8
1.2WALLS
  6
Continuous
 48
12.0
370
     0
 62
     1
284
     3
100
AcDbLine
 10
-45.29827117919929
 20
-156.5932262526348
 30
0.0
 11
-41.7982711791993
 21
-156.5932262526348
 31
0.0
  0
LINE
  5
329
330
A
100
AcDbEntity
  8
1.2WALLS
  6
Continuous
 48
12.0
370
     0
 62
     5
284
     3
100
AcDbLine
 10
-41.2982711791993
 20
-155.775146484375
 30
0.0
 11
-41.4860153198242
 21
-184.275146484375
 31
0.0
  0
LINE
  5
32A
330
A
100
AcDbEntity
  8
1.2WALLS
  6
Continuous
 48
12.0
370
     0
 62
     7
284
     3
100
AcDbLine
 10
-41.7982711791993
 20
-156.275146484375
 30
0.0
 11
-41.9860153198242
 21
-183.775146484375
 31
0.0
  0
LINE
  5
32B
330
A
100
AcDbEntity
  8
1.2WALLS
  6
Continuous
 48
12.0
370
     0
 62
     7
284
     3
100
AcDbLine
 10
-45.29827117919929
 20
-156.5932262526348
 30
0.0
 11
-45.29827117919922
 21
-180.275146484375
 31
0.0
  0
LINE
  5
32C
330
A
100
AcDbEntity
  8
1.2WALLS
  6
Continuous
 48
12.0
370
     0
 62
     5
284
     3
100
AcDbLine
 10
-45.79827117919928
 20
-160.275146484375
 30
0.0
 11
-45.79827117919922
 21
-179.775146484375
 31
0.0
  0
LINE
  5
32D
330
A
100
AcDbEntity
  8
1.2WALLS
  6
Continuous
 48
12.0
370
     0
 62
     1
284
     3
100
AcDbLine
 10
-174.7982700280978
 20
-286.7751430084988
 30
0.0
 11
-174.7982700280978
 21
-280.275146484375
 31
0.0
  0
LINE
  5
32E
330
A
100
AcDbEntity
  8
1.2WALLS
  6
Continuous
 48
12.0
370
     0
 62
     1
284
     3
100
AcDbLine
 10
-136.7982700280978
 20
-286.7751440651652
 30
0.0
 11
-136.7982700280978
 21
-280.275146484375
 31
0.0
  0
LINE
  5
32F
330
A
100
AcDbEntity
  8
1.2WALLS
  6
Continuous
 48
12.0
370
     0
 62
     5
284
     3
100
AcDbLine
 10
-75.79827117919922
 20
-280.275146484375
 30
0.0
 11
-136.7982700280978
 21
-280.275146484375
 31
0.0
  0
LINE
  5
330
330
A
100
AcDbEntity
  8
1.2WALLS
  6
Continuous
 48
12.0
370
     0
 62
     5
284
     3
100
AcDbLine
 10
-174.7982700280978
 20
-280.275146484375
 30
0.0
 11
-185.2982635498047
 21
-280.275146484375
 31
0.0
  0
LINE
  5
331
330
A
100
AcDbEntity
  8
1.2WALLS
  6
Continuous
 48
12.0
370
     0
 62
     7
284
     3
100
AcDbLine
 10
-75.79827117919922
 20
-280.775146484375
 30
0.0
 11
-136.7982700280978
 21
-280.775146484375
 31
0.0
  0
LINE
  5
332
330
A
100
AcDbEntity
  8
1.2WALLS
  6
Continuous
 48
12.0
370
     0
 62
     7
284
     3
100
AcDbLine
 10
-174.7982700280978
 20
-280.775146484375
 30
0.0
 11
-185.7982635498047
 21
-280.775146484375
 31
0.0
  0
LINE
  5
333
330
A
100
AcDbEntity
  8
1.2WALLS
  6
Continuous
 48
12.0
370
     0
 62
     7
284
     3
100
AcDbLine
 10
-75.79827117919922
 20
-286.275146484375
 30
0.0
 11
-136.7982700280978
 21
-286.275146484375
 31
0.0
  0
LINE
  5
334
330
A
100
AcDbEntity
  8
1.2WALLS
  6
Continuous
 48
12.0
370
     0
 62
     7
284
     3
100
AcDbLine
 10
-174.7982700280978
 20
-286.275146484375
 30
0.0
 11
-191.2982635498047
 21
-286.275146484375
 31
0.0
  0
LINE
  5
335
330
A
100
AcDbEntity
  8
1.2WALLS
  6
Continuous
 48
12.0
370
     0
 62
     5
284
     3
100
AcDbLine
 10
-75.79827117919922
 20
-286.775146484375
 30
0.0
 11
-136.7982700280978
 21
-286.775146484375
 31
0.0
  0
LINE
  5
336
330
A
100
AcDbEntity
  8
1.2WALLS
  6
Continuous
 48
12.0
370
     0
 62
     5
284
     3
100
AcDbLine
 10
-174.7982700280978
 20
-286.775146484375
 30
0.0
 11
-191.7982635498047
 21
-286.775146484375
 31
0.0
  0
LINE
  5
337
330
A
100
AcDbEntity
  8
1.2WALLS
  6
Continuous
 48
12.0
370
     0
 62
     1
284
     3
100
AcDbLine
 10
-15.79827002809782
 20
-286.775146484375
 30
0.0
 11
-14.04068414338101
 21
-286.775146484375
 31
0.0
  0
LINE
  5
338
330
A
100
AcDbEntity
  8
1.2WALLS
  6
Continuous
 48
12.0
370
     0
 62
     5
284
     3
100
AcDbLine
 10
-45.79827111520879
 20
-5.099155170768308
 30
0.0
 11
-45.79827123940561
 21
-23.09915520293645
 31
0.0
  0
LINE
  5
339
330
A
100
AcDbEntity
  8
1.2WALLS
  6
Continuous
 48
12.0
370
     0
 62
     5
284
     3
100
AcDbLine
 10
-45.79827127380605
 20
-27.59915520293644
 30
0.0
 11
-45.79827128929151
 21
-30.52514645469043
 31
0.0
  0
LINE
  5
33A
330
A
100
AcDbEntity
  8
1.2WALLS
  6
Continuous
 48
12.0
370
     0
 62
     1
284
     3
100
AcDbLine
 10
-743.7982612476019
 20
-120.8113032551374
 30
0.0
 11
-737.2982612476019
 21
-120.8113032551374
 31
0.0
  0
LINE
  5
33B
330
A
100
AcDbEntity
  8
1.2WALLS
  6
Continuous
 48
12.0
370
     0
 62
     1
284
     3
100
AcDbLine
 10
-743.7982612476019
 20
-85.0412810585489
 30
0.0
 11
-737.2982612476019
 21
-85.04128105854888
 31
0.0
  0
LINE
  5
33C
330
A
100
AcDbEntity
  8
1.2WALLS
  6
Continuous
 48
12.0
370
     0
 62
     1
284
     3
100
AcDbLine
 10
10.95172997190221
 20
-91.52514253577966
 30
0.0
 11
6.451729971902202
 21
-91.52514253577968
 31
0.0
  0
LINE
  5
33D
330
A
100
AcDbEntity
  8
1.2WALLS
  6
Continuous
 48
12.0
370
     0
 62
     1
284
     3
100
AcDbLine
 10
10.9517299719022
 20
-125.5251425357797
 30
0.0
 11
6.451729971902195
 21
-125.5251425357797
 31
0.0
  0
LINE
  5
33E
330
A
100
AcDbEntity
  8
1.2WALLS
  6
Continuous
 48
12.0
370
     0
 62
     5
284
     3
100
AcDbLine
 10
6.451729774475098
 20
-280.275146484375
 30
0.0
 11
6.451729774475096
 21
-125.5251425357797
 31
0.0
  0
LINE
  5
33F
330
A
100
AcDbEntity
  8
1.2WALLS
  6
Continuous
 48
12.0
370
     0
 62
     5
284
     3
100
AcDbLine
 10
6.451729971902207
 20
-91.52514253577966
 30
0.0
 11
6.451729774475098
 21
20.72485733032227
 31
0.0
  0
LINE
  5
340
330
A
100
AcDbEntity
  8
1.2WALLS
  6
Continuous
 48
12.0
370
     0
 62
     7
284
     3
100
AcDbLine
 10
6.951729774475098
 20
-280.775146484375
 30
0.0
 11
6.951729774475096
 21
-125.5251425357797
 31
0.0
  0
LINE
  5
341
330
A
100
AcDbEntity
  8
1.2WALLS
  6
Continuous
 48
12.0
370
     0
 62
     7
284
     3
100
AcDbLine
 10
10.4517297744751
 20
-280.775146484375
 30
0.0
 11
10.4517297744751
 21
-125.5251425357797
 31
0.0
  0
LINE
  5
342
330
A
100
AcDbEntity
  8
1.2WALLS
  6
Continuous
 48
12.0
370
     0
 62
     7
284
     3
100
AcDbLine
 10
10.45172997190221
 20
-91.52514253577966
 30
0.0
 11
10.4517297744751
 21
-83.02513885498047
 31
0.0
  0
LINE
  5
343
330
A
100
AcDbEntity
  8
1.2WALLS
  6
Continuous
 48
12.0
370
     0
 62
     5
284
     3
100
AcDbLine
 10
10.9517297744751
 20
-280.275146484375
 30
0.0
 11
10.9517297744751
 21
-125.5251425357797
 31
0.0
  0
LINE
  5
344
330
A
100
AcDbEntity
  8
1.2WALLS
  6
Continuous
 48
12.0
370
     0
 62
     5
284
     3
100
AcDbLine
 10
10.95172997190221
 20
-91.52514253577966
 30
0.0
 11
10.9517297744751
 21
-83.52513885498047
 31
0.0
  0
POINT
  5
345
330
A
100
AcDbEntity
  8
1.2WALLS
  6
Continuous
 48
12.0
370
     0
 62
    51
284
     3
100
AcDbPoint
 10
10.95172997190221
 20
-91.52514253577966
 30
0.0
 50
0.0
  0
LINE
  5
346
330
A
100
AcDbEntity
  8
1.2WALLS
  6
Continuous
 48
24.0
370
     0
 62
     3
284
     3
100
AcDbLine
 10
11.57672997190221
 20
-92.46776948890466
 30
0.0
 11
43.57672997190221
 21
-92.46776948890466
 31
0.0
  0
LINE
  5
347
330
A
100
AcDbEntity
  8
1.2WALLS
  6
Continuous
 48
24.0
370
     0
 62
     3
284
     3
100
AcDbLine
 10
11.57672997190221
 20
-94.21776948890466
 30
0.0
 11
43.57672997190221
 21
-94.21776948890466
 31
0.0
  0
LINE
  5
348
330
A
100
AcDbEntity
  8
1.2WALLS
  6
Continuous
 48
24.0
370
     0
 62
     3
284
     3
100
AcDbLine
 10
11.57672997190221
 20
-92.46776948890466
 30
0.0
 11
11.57672997190221
 21
-94.21776948890466
 31
0.0
  0
LINE
  5
349
330
A
100
AcDbEntity
  8
1.2WALLS
  6
Continuous
 48
24.0
370
     0
 62
     3
284
     3
100
AcDbLine
 10
43.57672997190221
 20
-92.46776948890466
 30
0.0
 11
43.57672997190221
 21
-94.21776948890466
 31
0.0
  0
LINE
  5
34A
330
A
100
AcDbEntity
  8
1.2WALLS
  6
Continuous
 48
24.0
370
     0
 62
     3
284
     3
100
AcDbLine
 10
5.701729971902209
 20
-124.4680136295297
 30
0.0
 11
5.701729971902209
 21
-128.4680212589242
 31
0.0
  0
LINE
  5
34B
330
A
100
AcDbEntity
  8
1.2WALLS
  6
Continuous
 48
24.0
370
     0
 62
     3
284
     3
100
AcDbLine
 10
11.57672997190221
 20
-124.4680136295297
 30
0.0
 11
11.57672997190221
 21
-128.4680212589242
 31
0.0
  0
LINE
  5
34C
330
A
100
AcDbEntity
  8
1.2WALLS
  6
Continuous
 48
24.0
370
     0
 62
     3
284
     3
100
AcDbLine
 10
11.57672997190221
 20
-124.4680136295297
 30
0.0
 11
10.07721825315221
 21
-124.4680136295297
 31
0.0
  0
LINE
  5
34D
330
A
100
AcDbEntity
  8
1.2WALLS
  6
Continuous
 48
24.0
370
     0
 62
     3
284
     3
100
AcDbLine
 10
7.577218253152209
 20
-124.4680136295297
 30
0.0
 11
5.701729971902209
 21
-124.4680136295297
 31
0.0
  0
LINE
  5
34E
330
A
100
AcDbEntity
  8
1.2WALLS
  6
Continuous
 48
24.0
370
     0
 62
     3
284
     3
100
AcDbLine
 10
7.577218253152209
 20
-123.7180136295297
 30
0.0
 11
7.577218253152209
 21
-124.4680136295297
 31
0.0
  0
LINE
  5
34F
330
A
100
AcDbEntity
  8
1.2WALLS
  6
Continuous
 48
24.0
370
     0
 62
     3
284
     3
100
AcDbLine
 10
10.07721825315221
 20
-123.7180136295297
 30
0.0
 11
10.07721825315221
 21
-124.4680136295297
 31
0.0
  0
LINE
  5
350
330
A
100
AcDbEntity
  8
1.2WALLS
  6
Continuous
 48
24.0
370
     0
 62
     3
284
     3
100
AcDbLine
 10
10.07721825315221
 20
-123.7180136295297
 30
0.0
 11
7.577218253152209
 21
-123.7180136295297
 31
0.0
  0
LINE
  5
351
330
A
100
AcDbEntity
  8
1.2WALLS
  6
Continuous
 48
12.0
370
     0
 62
     3
284
     3
100
AcDbLine
 10
11.57672997190221
 20
-128.4680212589242
 30
0.0
 11
10.95172997190221
 21
-128.4680212589242
 31
0.0
  0
LINE
  5
352
330
A
100
AcDbEntity
  8
1.2WALLS
  6
Continuous
 48
12.0
370
     0
 62
     3
284
     3
100
AcDbLine
 10
5.701729971902209
 20
-128.4680212589242
 30
0.0
 11
6.326729971902209
 21
-128.4680212589242
 31
0.0
  0
LINE
  5
353
330
A
100
AcDbEntity
  8
1.2WALLS
  6
Continuous
 48
24.0
370
     0
 62
     3
284
     3
100
AcDbLine
 10
5.701729971902207
 20
-88.52513490638513
 30
0.0
 11
5.701729971902207
 21
-92.52514253577966
 31
0.0
  0
LINE
  5
354
330
A
100
AcDbEntity
  8
1.2WALLS
  6
Continuous
 48
24.0
370
     0
 62
     3
284
     3
100
AcDbLine
 10
11.57672997190221
 20
-88.52513490638513
 30
0.0
 11
11.57672997190221
 21
-92.52514253577966
 31
0.0
  0
LINE
  5
355
330
A
100
AcDbEntity
  8
1.2WALLS
  6
Continuous
 48
24.0
370
     0
 62
     3
284
     3
100
AcDbLine
 10
11.57672997190221
 20
-92.52514253577966
 30
0.0
 11
10.07624169065221
 21
-92.52514253577966
 31
0.0
  0
LINE
  5
356
330
A
100
AcDbEntity
  8
1.2WALLS
  6
Continuous
 48
24.0
370
     0
 62
     3
284
     3
100
AcDbLine
 10
7.576241690652207
 20
-92.52514253577966
 30
0.0
 11
5.701729971902207
 21
-92.52514253577966
 31
0.0
  0
LINE
  5
357
330
A
100
AcDbEntity
  8
1.2WALLS
  6
Continuous
 48
24.0
370
     0
 62
     3
284
     3
100
AcDbLine
 10
7.576241690652207
 20
-92.52514253577966
 30
0.0
 11
7.576241690652207
 21
-93.27514253577966
 31
0.0
  0
LINE
  5
358
330
A
100
AcDbEntity
  8
1.2WALLS
  6
Continuous
 48
24.0
370
     0
 62
     3
284
     3
100
AcDbLine
 10
10.07624169065221
 20
-92.52514253577966
 30
0.0
 11
10.07624169065221
 21
-93.27514253577966
 31
0.0
  0
LINE
  5
359
330
A
100
AcDbEntity
  8
1.2WALLS
  6
Continuous
 48
24.0
370
     0
 62
     3
284
     3
100
AcDbLine
 10
10.07624169065221
 20
-93.27514253577966
 30
0.0
 11
7.576241690652207
 21
-93.27514253577966
 31
0.0
  0
LINE
  5
35A
330
A
100
AcDbEntity
  8
1.2WALLS
  6
Continuous
 48
12.0
370
     0
 62
     3
284
     3
100
AcDbLine
 10
11.57672997190221
 20
-88.52513490638513
 30
0.0
 11
10.95172997190221
 21
-88.52513490638513
 31
0.0
  0
LINE
  5
35B
330
A
100
AcDbEntity
  8
1.2WALLS
  6
Continuous
 48
12.0
370
     0
 62
     3
284
     3
100
AcDbLine
 10
5.701729971902207
 20
-88.52513490638513
 30
0.0
 11
6.326729971902207
 21
-88.52513490638513
 31
0.0
  0
ARC
  5
35C
330
A
100
AcDbEntity
  8
1.2WALLS
  6
Continuous
370
     0
 62
     1
284
     3
100
AcDbCircle
 10
11.57672997190221
 20
-92.5251501651742
 30
0.0
 40
31.94286346435547
100
AcDbArc
 50
270.0
 51
360.10275
  0
LINE
  5
35D
330
A
100
AcDbEntity
  8
1.2WALLS
  6
Continuous
 48
12.0
370
     0
 62
     5
284
     3
100
AcDbLine
 10
-41.29827002809785
 20
124.7248611450195
 30
0.0
 11
-41.29827002809785
 21
140.9748573303223
 31
0.0
  0
LINE
  5
35E
330
A
100
AcDbEntity
  8
1.2WALLS
  6
Continuous
 48
12.0
370
     0
 62
     5
284
     3
100
AcDbLine
 10
-41.29827002809784
 20
202.9748573303223
 30
0.0
 11
-41.29827002809784
 21
223.724853515625
 31
0.0
  0
LINE
  5
35F
330
A
100
AcDbEntity
  8
1.2WALLS
  6
Continuous
 48
12.0
370
     0
 62
     7
284
     3
100
AcDbLine
 10
-41.79827002809785
 20
124.2248611450195
 30
0.0
 11
-41.79827002809785
 21
140.9748573303223
 31
0.0
  0
LINE
  5
360
330
A
100
AcDbEntity
  8
1.2WALLS
  6
Continuous
 48
12.0
370
     0
 62
     7
284
     3
100
AcDbLine
 10
-41.79827002809784
 20
202.9748573303223
 30
0.0
 11
-41.79827002809784
 21
223.724853515625
 31
0.0
  0
LINE
  5
361
330
A
100
AcDbEntity
  8
1.2WALLS
  6
Continuous
 48
12.0
370
     0
 62
     5
284
     3
100
AcDbLine
 10
6.451729971902213
 20
20.72485746422038
 30
0.0
 11
6.451729971902219
 21
56.22486114501952
 31
0.0
  0
LINE
  5
362
330
A
100
AcDbEntity
  8
1.2WALLS
  6
Continuous
 48
12.0
370
     0
 62
     7
284
     3
100
AcDbLine
 10
6.951729971902207
 20
-91.52514253577966
 30
0.0
 11
6.951729971902219
 21
60.10995881733905
 31
0.0
  0
LINE
  5
363
330
A
100
AcDbEntity
  8
1.2WALLS
  6
Continuous
 48
12.0
370
     0
 62
     7
284
     3
100
AcDbLine
 10
10.45172997190221
 20
-79.52514253577965
 30
0.0
 11
10.45172997190222
 21
52.22486114501952
 31
0.0
  0
LINE
  5
364
330
A
100
AcDbEntity
  8
1.2WALLS
  6
Continuous
 48
12.0
370
     0
 62
     7
284
     3
100
AcDbLine
 10
10.45172997190222
 20
55.72486114501952
 30
0.0
 11
10.45172997190222
 21
60.10995881733903
 31
0.0
  0
LINE
  5
365
330
A
100
AcDbEntity
  8
1.2WALLS
  6
Continuous
 48
12.0
370
     0
 62
     5
284
     3
100
AcDbLine
 10
10.95172997190221
 20
-79.02514253577965
 30
0.0
 11
10.95172997190222
 21
51.72486114501953
 31
0.0
  0
LINE
  5
366
330
A
100
AcDbEntity
  8
1.2WALLS
  6
Continuous
 48
12.0
370
     0
 62
     5
284
     3
100
AcDbLine
 10
6.451729971902221
 20
56.22486114501952
 30
0.0
 11
6.451729971902221
 21
60.10995881733903
 31
0.0
  0
LINE
  5
367
330
A
100
AcDbEntity
  8
1.2WALLS
  6
Continuous
 48
12.0
370
     0
 62
     1
284
     3
100
AcDbLine
 10
34.45173001204763
 20
202.9748573303223
 30
0.0
 11
29.95173001204763
 21
202.9748573303223
 31
0.0
  0
LINE
  5
368
330
A
100
AcDbEntity
  8
1.2WALLS
  6
Continuous
 48
12.0
370
     0
 62
     1
284
     3
100
AcDbLine
 10
34.45173001204761
 20
140.9748573303223
 30
0.0
 11
29.95173001204761
 21
140.9748573303223
 31
0.0
  0
LINE
  5
369
330
A
100
AcDbEntity
  8
1.2WALLS
  6
Continuous
 48
12.0
370
     0
 62
     5
284
     3
100
AcDbLine
 10
34.45172997190218
 20
223.724853515625
 30
0.0
 11
34.45172997190218
 21
202.9748573303223
 31
0.0
  0
LINE
  5
36A
330
A
100
AcDbEntity
  8
1.2WALLS
  6
Continuous
 48
12.0
370
     0
 62
     5
284
     3
100
AcDbLine
 10
34.45172997190216
 20
140.9748573303223
 30
0.0
 11
34.45172997190218
 21
120.2248611450195
 31
0.0
  0
LINE
  5
36B
330
A
100
AcDbEntity
  8
1.2WALLS
  6
Continuous
 48
12.0
370
     0
 62
     7
284
     3
100
AcDbLine
 10
33.95172997190218
 20
224.224853515625
 30
0.0
 11
33.95172997190218
 21
202.9748573303223
 31
0.0
  0
LINE
  5
36C
330
A
100
AcDbEntity
  8
1.2WALLS
  6
Continuous
 48
12.0
370
     0
 62
     7
284
     3
100
AcDbLine
 10
33.95172997190216
 20
140.9748573303223
 30
0.0
 11
33.95172997190217
 21
120.7248611450195
 31
0.0
  0
LINE
  5
36D
330
A
100
AcDbEntity
  8
1.2WALLS
  6
Continuous
 48
12.0
370
     0
 62
     7
284
     3
100
AcDbLine
 10
30.45173021032076
 20
224.224853515625
 30
0.0
 11
30.45173021032076
 21
202.9748573303223
 31
0.0
  0
LINE
  5
36E
330
A
100
AcDbEntity
  8
1.2WALLS
  6
Continuous
 48
12.0
370
     0
 62
     7
284
     3
100
AcDbLine
 10
30.45173021032074
 20
140.9748573303223
 30
0.0
 11
30.45173021032075
 21
124.2248611450195
 31
0.0
  0
LINE
  5
36F
330
A
100
AcDbEntity
  8
1.2WALLS
  6
Continuous
 48
12.0
370
     0
 62
     5
284
     3
100
AcDbLine
 10
29.95173021032076
 20
223.724853515625
 30
0.0
 11
29.95173021032076
 21
202.9748573303223
 31
0.0
  0
LINE
  5
370
330
A
100
AcDbEntity
  8
1.2WALLS
  6
Continuous
 48
12.0
370
     0
 62
     5
284
     3
100
AcDbLine
 10
29.95173021032074
 20
140.9748573303223
 30
0.0
 11
29.95173021032075
 21
124.7248611450195
 31
0.0
  0
LINE
  5
371
330
A
100
AcDbEntity
  8
1.2WALLS
  6
Continuous
 48
12.0
370
     0
 62
     5
284
     3
100
AcDbLine
 10
34.45172997190218
 20
120.2248611450195
 30
0.0
 11
10.95172882080085
 21
120.2248611450196
 31
0.0
  0
LINE
  5
372
330
A
100
AcDbEntity
  8
1.2WALLS
  6
Continuous
 48
12.0
370
     0
 62
     5
284
     3
100
AcDbLine
 10
6.451730728149485
 20
120.2248611450196
 30
0.0
 11
-41.29827002809785
 21
120.2248611450195
 31
0.0
  0
LINE
  5
373
330
A
100
AcDbEntity
  8
1.2WALLS
  6
Continuous
 48
12.0
370
     0
 62
     5
284
     3
100
AcDbLine
 10
34.45172997190216
 20
124.7248611450195
 30
0.0
 11
34.45172997190217
 21
124.7248611450195
 31
0.0
  0
LINE
  5
374
330
A
100
AcDbEntity
  8
1.2WALLS
  6
Continuous
 48
12.0
370
     0
 62
     5
284
     3
100
AcDbLine
 10
29.95173021032075
 20
124.7248611450195
 30
0.0
 11
-3.423270147307121
 21
124.7248611450195
 31
0.0
  0
LINE
  5
375
330
A
100
AcDbEntity
  8
1.2WALLS
  6
Continuous
 48
12.0
370
     0
 62
     5
284
     3
100
AcDbLine
 10
-7.923270147307123
 20
124.7248611450195
 30
0.0
 11
-41.29827002809785
 21
124.7248611450195
 31
0.0
  0
LINE
  5
376
330
A
100
AcDbEntity
  8
1.2WALLS
  6
Continuous
 48
12.0
370
     0
 62
     1
284
     3
100
AcDbLine
 10
10.95172997190222
 20
60.10995881733903
 30
0.0
 11
6.451729971902221
 21
60.10995881733905
 31
0.0
  0
LINE
  5
377
330
A
100
AcDbEntity
  8
1.2WALLS
  6
Continuous
 48
12.0
370
     0
 62
     1
284
     3
100
AcDbLine
 10
10.95172997190223
 20
94.10995881733905
 30
0.0
 11
6.451729971902228
 21
94.10995881733905
 31
0.0
  0
LINE
  5
378
330
A
100
AcDbEntity
  8
1.2WALLS
  6
Continuous
 48
12.0
370
     0
 62
     1
284
     3
100
AcDbLine
 10
-117.889206038172
 20
-160.275146484375
 30
0.0
 11
-117.889206038172
 21
-155.775146484375
 31
0.0
  0
LINE
  5
379
330
A
100
AcDbEntity
  8
1.2WALLS
  6
Continuous
 48
12.0
370
     0
 62
     1
284
     3
100
AcDbLine
 10
-55.88920603817203
 20
-160.275146484375
 30
0.0
 11
-55.88920603817203
 21
-155.775146484375
 31
0.0
  0
LINE
  5
37A
330
A
100
AcDbEntity
  8
1.2WALLS
  6
Continuous
 48
12.0
370
     0
 62
     5
284
     3
100
AcDbLine
 10
-127.9801431993476
 20
-155.775146484375
 30
0.0
 11
-117.889206038172
 21
-155.775146484375
 31
0.0
  0
LINE
  5
37B
330
A
100
AcDbEntity
  8
1.2WALLS
  6
Continuous
 48
12.0
370
     0
 62
     7
284
     3
100
AcDbLine
 10
-128.4801420482462
 20
-156.275146484375
 30
0.0
 11
-117.889206038172
 21
-156.275146484375
 31
0.0
  0
LINE
  5
37C
330
A
100
AcDbEntity
  8
1.2WALLS
  6
Continuous
 48
12.0
370
     0
 62
     7
284
     3
100
AcDbLine
 10
-128.4801420482462
 20
-159.775146484375
 30
0.0
 11
-117.889206038172
 21
-159.775146484375
 31
0.0
  0
LINE
  5
37D
330
A
100
AcDbEntity
  8
1.2WALLS
  6
Continuous
 48
12.0
370
     0
 62
     5
284
     3
100
AcDbLine
 10
-127.9801420482462
 20
-160.275146484375
 30
0.0
 11
-117.889206038172
 21
-160.275146484375
 31
0.0
  0
LINE
  5
37E
330
A
100
AcDbEntity
  8
1.2WALLS
  6
Continuous
 48
12.0
370
     0
 62
     5
284
     3
100
AcDbLine
 10
-55.88920603817203
 20
-155.775146484375
 30
0.0
 11
-41.2982711791993
 21
-155.775146484375
 31
0.0
  0
LINE
  5
37F
330
A
100
AcDbEntity
  8
1.2WALLS
  6
Continuous
 48
12.0
370
     0
 62
     7
284
     3
100
AcDbLine
 10
-55.88920603817203
 20
-156.275146484375
 30
0.0
 11
-41.7982711791993
 21
-156.275146484375
 31
0.0
  0
LINE
  5
380
330
A
100
AcDbEntity
  8
1.2WALLS
  6
Continuous
 48
12.0
370
     0
 62
     7
284
     3
100
AcDbLine
 10
-55.88920603817203
 20
-159.775146484375
 30
0.0
 11
-45.29827117919928
 21
-159.775146484375
 31
0.0
  0
LINE
  5
381
330
A
100
AcDbEntity
  8
1.2WALLS
  6
Continuous
 48
12.0
370
     0
 62
     5
284
     3
100
AcDbLine
 10
-55.88920603817203
 20
-160.275146484375
 30
0.0
 11
-45.79827117919928
 21
-160.275146484375
 31
0.0
  0
LINE
  5
382
330
A
100
AcDbEntity
  8
1.2WALLS
  6
Continuous
 48
12.0
370
     0
 62
     5
284
     3
100
AcDbLine
 10
-185.298263699574
 20
40.40084487158504
 30
0.0
 11
-45.79827095016336
 21
40.40084487158503
 31
0.0
  0
LINE
  5
383
330
A
100
AcDbEntity
  8
1.2WALLS
  6
Continuous
 48
12.0
370
     0
 62
     7
284
     3
100
AcDbLine
 10
-185.7982637283485
 20
39.90084487158504
 30
0.0
 11
-45.29827095242708
 21
39.90084487158503
 31
0.0
  0
LINE
  5
384
330
A
100
AcDbEntity
  8
1.2WALLS
  6
Continuous
 48
12.0
370
     0
 62
     7
284
     3
100
AcDbLine
 10
-185.798263934476
 20
36.40084487158504
 30
0.0
 11
-73.79827123942282
 21
36.40084486748558
 31
0.0
  0
LINE
  5
385
330
A
100
AcDbEntity
  8
1.2WALLS
  6
Continuous
 48
12.0
370
     0
 62
     7
284
     3
100
AcDbLine
 10
-70.29827123942282
 20
36.40084486735748
 30
0.0
 11
-45.29827044054945
 21
36.40084486644241
 31
0.0
  0
LINE
  5
386
330
A
100
AcDbEntity
  8
1.2WALLS
  6
Continuous
 48
12.0
370
     0
 62
     5
284
     3
100
AcDbLine
 10
-185.2982639658052
 20
35.90084487158503
 30
0.0
 11
-74.29827123944003
 21
35.90084486776536
 31
0.0
  0
LINE
  5
387
330
A
100
AcDbEntity
  8
1.2WALLS
  6
Continuous
 48
12.0
370
     0
 62
     5
284
     3
100
AcDbLine
 10
-69.79827123944003
 20
35.9008448676105
 30
0.0
 11
-45.79827105526748
 21
35.90084486678463
 31
0.0
  0
LINE
  5
388
330
A
100
AcDbEntity
  8
1.2WALLS
  6
Continuous
 48
12.0
370
     0
 62
     1
284
     3
100
AcDbLine
 10
-45.79827002809785
 20
83.2769750335429
 30
0.0
 11
-41.29827002809785
 21
83.27697503354288
 31
0.0
  0
LINE
  5
389
330
A
100
AcDbEntity
  8
1.2WALLS
  6
Continuous
 48
12.0
370
     0
 62
     1
284
     3
100
AcDbLine
 10
-45.79827002809785
 20
117.2769750335429
 30
0.0
 11
-41.29827002809785
 21
117.2769750335429
 31
0.0
  0
LINE
  5
38A
330
A
100
AcDbEntity
  8
1.2WALLS
  6
Continuous
 48
12.0
370
     0
 62
     5
284
     3
100
AcDbLine
 10
-41.29827117762034
 20
83.27697503354288
 30
0.0
 11
-41.29827117919922
 21
83.2769750335429
 31
0.0
  0
LINE
  5
38B
330
A
100
AcDbEntity
  8
1.2WALLS
  6
Continuous
 48
12.0
370
     0
 62
     5
284
     3
100
AcDbLine
 10
-41.29827117919922
 20
117.2769750335429
 30
0.0
 11
-41.29827117919922
 21
120.2248611450195
 31
0.0
  0
LINE
  5
38C
330
A
100
AcDbEntity
  8
1.2WALLS
  6
Continuous
 48
12.0
370
     0
 62
     7
284
     3
100
AcDbLine
 10
-41.79827117919922
 20
117.2769750335429
 30
0.0
 11
-41.79827117919922
 21
120.7248611450195
 31
0.0
  0
LINE
  5
38D
330
A
100
AcDbEntity
  8
1.2WALLS
  6
Continuous
 48
12.0
370
     0
 62
     7
284
     3
100
AcDbLine
 10
-45.29827123338824
 20
-23.59915520419399
 30
0.0
 11
-45.29827122375474
 21
-4.599155171355678
 31
0.0
  0
LINE
  5
38E
330
A
100
AcDbEntity
  8
1.2WALLS
  6
Continuous
 48
12.0
370
     0
 62
     7
284
     3
100
AcDbLine
 10
-45.29827117919922
 20
117.2769750335429
 30
0.0
 11
-45.29827117919922
 21
140.9748573303223
 31
0.0
  0
LINE
  5
38F
330
A
100
AcDbEntity
  8
1.2WALLS
  6
Continuous
 48
12.0
370
     0
 62
     7
284
     3
100
AcDbLine
 10
-45.29827117919922
 20
202.9748573303222
 30
0.0
 11
-45.29827117919922
 21
223.724853515625
 31
0.0
  0
LINE
  5
390
330
A
100
AcDbEntity
  8
1.2WALLS
  6
Continuous
 48
12.0
370
     0
 62
     5
284
     3
100
AcDbLine
 10
-45.79827095016336
 20
40.40084487158503
 30
0.0
 11
-45.79827117919922
 21
83.2769750335429
 31
0.0
  0
LINE
  5
391
330
A
100
AcDbEntity
  8
1.2WALLS
  6
Continuous
 48
12.0
370
     0
 62
     5
284
     3
100
AcDbLine
 10
-45.79827117919922
 20
117.2769750335429
 30
0.0
 11
-45.79827117919922
 21
140.9748573303223
 31
0.0
  0
LINE
  5
392
330
A
100
AcDbEntity
  8
1.2WALLS
  6
Continuous
 48
12.0
370
     0
 62
     5
284
     3
100
AcDbLine
 10
-45.79827117919922
 20
202.9748573303223
 30
0.0
 11
-45.79827117919922
 21
223.724853515625
 31
0.0
  0
LINE
  5
393
330
A
100
AcDbEntity
  8
1.2WALLS
  6
Continuous
 48
12.0
370
     0
 62
     7
284
     3
100
AcDbLine
 10
-197.42110519581
 20
81.25570688544575
 30
0.0
 11
-34.34041268719992
 21
81.25570688544575
 31
0.0
  0
LINE
  5
394
330
A
100
AcDbEntity
  8
1.2WALLS
  6
Continuous
 48
12.0
370
     0
 62
     7
284
     3
100
AcDbLine
 10
-48.13954751318112
 20
70.11288745472511
 30
0.0
 11
98.78255991242301
 21
70.11288745472511
 31
0.0
  0
LINE
  5
395
330
A
100
AcDbEntity
  8
1.2WALLS
  6
Continuous
 48
12.0
370
     0
 62
     1
284
     3
100
AcDbLine
 10
-45.798271324208
 20
-30.52514645469043
 30
0.0
 11
-41.29827098874004
 21
-30.52514648437498
 31
0.0
  0
LINE
  5
396
330
A
100
AcDbEntity
  8
1.2WALLS
  6
Continuous
 48
12.0
370
     0
 62
     1
284
     3
100
AcDbLine
 10
-45.7982712892915
 20
-30.52514645469043
 30
0.0
 11
-41.29827095382354
 21
-30.52514648437498
 31
0.0
  0
LINE
  5
397
330
A
100
AcDbEntity
  8
1.2WALLS
  6
Continuous
 48
12.0
370
     0
 62
     1
284
     3
100
AcDbLine
 10
-185.2982700280978
 20
-139.025146484375
 30
0.0
 11
-191.7982669379676
 21
-139.0251463484303
 31
0.0
  0
LINE
  5
398
330
A
100
AcDbEntity
  8
1.2WALLS
  6
Continuous
 48
12.0
370
     0
 62
     1
284
     3
100
AcDbLine
 10
-185.2982700280978
 20
-101.025146484375
 30
0.0
 11
-191.7982661432135
 21
-101.0251463484303
 31
0.0
  0
LINE
  5
399
330
A
100
AcDbEntity
  8
1.2WALLS
  6
Continuous
 48
12.0
370
     0
 62
     7
284
     3
100
AcDbLine
 10
-191.2982635498047
 20
-286.275146484375
 30
0.0
 11
-191.2982635498047
 21
-139.025146484375
 31
0.0
  0
LINE
  5
39A
330
A
100
AcDbEntity
  8
1.2WALLS
  6
Continuous
 48
12.0
370
     0
 62
     5
284
     3
100
AcDbLine
 10
-185.2982788085938
 20
-155.775146484375
 30
0.0
 11
-185.2982788085938
 21
-139.025146484375
 31
0.0
  0
LINE
  5
39B
330
A
100
AcDbEntity
  8
1.2WALLS
  6
Continuous
 48
12.0
370
     0
 62
     5
284
     3
100
AcDbLine
 10
-185.2982814020025
 20
-101.0251463484303
 30
0.0
 11
-185.2982788085938
 21
-91.025146484375
 31
0.0
  0
LINE
  5
39C
330
A
100
AcDbEntity
  8
1.2WALLS
  6
Continuous
 48
12.0
370
     0
 62
     7
284
     3
100
AcDbLine
 10
-185.7982788085938
 20
-156.275146484375
 30
0.0
 11
-185.7982788085938
 21
-139.025146484375
 31
0.0
  0
LINE
  5
39D
330
A
100
AcDbEntity
  8
1.2WALLS
  6
Continuous
 48
12.0
370
     0
 62
     7
284
     3
100
AcDbLine
 10
-185.7982814020025
 20
-101.0251463484303
 30
0.0
 11
-185.7982788085938
 21
-90.525146484375
 31
0.0
  0
LINE
  5
39E
330
A
100
AcDbEntity
  8
1.2WALLS
  6
Continuous
 48
12.0
370
     0
 62
   132
284
     3
100
AcDbLine
 10
-191.7982635498047
 20
-286.775146484375
 30
0.0
 11
-191.7982635498047
 21
-139.025146484375
 31
0.0
  0
LINE
  5
39F
330
A
100
AcDbEntity
  8
1.2WALLS
  6
Continuous
 48
12.0
370
     0
 62
     7
284
     3
100
AcDbLine
 10
6.951729971902219
 20
55.7248611450195
 30
0.0
 11
6.951729971902221
 21
55.72486114501952
 31
0.0
  0
LINE
  5
3A0
330
A
100
AcDbEntity
  8
1.2WALLS
  6
Continuous
 48
2.0
370
     0
 62
    11
284
     3
100
AcDbLine
 10
7.799616813659668
 20
223.724853515625
 30
0.0
 11
7.799616813659669
 21
124.7248611450195
 31
0.0
  0
LINE
  5
3A1
330
A
100
AcDbEntity
  8
1.2WALLS
  6
Continuous
 48
2.0
370
     0
 62
    11
284
     3
100
AcDbLine
 10
3.299616813659668
 20
223.724853515625
 30
0.0
 11
3.299616813659668
 21
124.7248611450195
 31
0.0
  0
LINE
  5
3A2
330
A
100
AcDbEntity
  8
1.2WALLS
  6
Continuous
 48
12.0
370
     0
 62
     5
284
     3
100
AcDbLine
 10
-3.423270147307122
 20
223.724853515625
 30
0.0
 11
-3.423270147307121
 21
124.7248611450195
 31
0.0
  0
LINE
  5
3A3
330
A
100
AcDbEntity
  8
1.2WALLS
  6
Continuous
 48
12.0
370
     0
 62
     7
284
     3
100
AcDbLine
 10
-3.923270147307121
 20
224.2248535156251
 30
0.0
 11
-3.923270147307121
 21
124.2248611450195
 31
0.0
  0
LINE
  5
3A4
330
A
100
AcDbEntity
  8
1.2WALLS
  6
Continuous
 48
12.0
370
     0
 62
     7
284
     3
100
AcDbLine
 10
-7.423270147307122
 20
224.2248535156251
 30
0.0
 11
-7.423270147307122
 21
124.2248611450195
 31
0.0
  0
LINE
  5
3A5
330
A
100
AcDbEntity
  8
1.2WALLS
  6
Continuous
 48
12.0
370
     0
 62
     5
284
     3
100
AcDbLine
 10
-7.923270147307122
 20
223.724853515625
 30
0.0
 11
-7.923270147307123
 21
124.7248611450195
 31
0.0
  0
LINE
  5
3A6
330
A
100
AcDbEntity
  8
1.2WALLS
  6
Continuous
 48
12.0
370
     0
 62
     1
284
     3
100
AcDbLine
 10
-45.7982700682433
 20
202.9748573303223
 30
0.0
 11
-41.2982700682433
 21
202.9748573303223
 31
0.0
  0
LINE
  5
3A7
330
A
100
AcDbEntity
  8
1.2WALLS
  6
Continuous
 48
12.0
370
     0
 62
     1
284
     3
100
AcDbLine
 10
-45.79827006824329
 20
140.9748573303223
 30
0.0
 11
-41.29827006824329
 21
140.9748573303223
 31
0.0
  0
LINE
  5
3A8
330
A
100
AcDbEntity
  8
1.2WALLS
  6
Continuous
 48
12.0
370
     0
 62
     1
284
     3
100
AcDbLine
 10
185.7588653564453
 20
-79.02514253577965
 30
0.0
 11
185.7588653564453
 21
-83.52514253577965
 31
0.0
  0
LINE
  5
3A9
330
A
100
AcDbEntity
  8
1.2WALLS
  6
Continuous
 48
12.0
370
     0
 62
     1
284
     3
100
AcDbLine
 10
219.7588653564453
 20
-79.02514253577965
 30
0.0
 11
219.7588653564453
 21
-83.52514253577965
 31
0.0
  0
POINT
  5
3AA
330
A
100
AcDbEntity
  8
1.2WALLS
  6
Continuous
 48
12.0
370
     0
 62
     5
284
     3
100
AcDbPoint
 10
202.7302856445312
 20
-84.27513885498047
 30
0.0
 50
0.0
  0
LINE
  5
3AB
330
A
100
AcDbEntity
  8
1.2WALLS
  6
Continuous
 48
12.0
370
     0
 62
     1
284
     3
100
AcDbLine
 10
222.7017211914062
 20
-78.71263885498047
 30
0.0
 11
222.7017211914062
 21
-13.56884479522705
 31
0.0
  0
LINE
  5
3AC
330
A
100
AcDbEntity
  8
1.2WALLS
  6
Continuous
 48
12.0
370
     0
 62
     3
284
     3
100
AcDbLine
 10
222.7017211914062
 20
-13.56884479522705
 30
0.0
 11
258.7017248269406
 21
-13.56884479522698
 31
0.0
  0
LINE
  5
3AD
330
A
100
AcDbEntity
  8
1.2WALLS
  6
Continuous
 48
12.0
370
     0
 62
     3
284
     3
100
AcDbLine
 10
258.701724485989
 20
-18.06884835627419
 30
0.0
 11
227.2017211461414
 21
-18.0688483562742
 31
0.0
  0
LINE
  5
3AE
330
A
100
AcDbEntity
  8
1.2WALLS
  6
Continuous
 48
12.0
370
     0
 62
     1
284
     3
100
AcDbLine
 10
227.2017211461414
 20
-18.0688483562742
 30
0.0
 11
227.2017213415653
 21
-79.21263887270231
 31
0.0
  0
LINE
  5
3AF
330
A
100
AcDbEntity
  8
1.2WALLS
  6
Continuous
 48
12.0
370
     0
 62
     1
284
     3
100
AcDbLine
 10
233.0469240128659
 20
-76.0561716393492
 30
0.0
 11
227.2017211461414
 21
-18.0688483562742
 31
0.0
  0
LINE
  5
3B0
330
A
100
AcDbEntity
  8
1.2WALLS
  6
Continuous
 48
12.0
370
     0
 62
     1
284
     3
100
AcDbLine
 10
252.5640278075136
 20
-76.05617163934919
 30
0.0
 11
258.701724359076
 21
-18.06884835627419
 31
0.0
  0
LINE
  5
3B1
330
A
100
AcDbEntity
  8
1.2WALLS
  6
Continuous
 48
12.0
370
     0
 62
     3
284
     3
100
AcDbLine
 10
227.2017211461414
 20
-18.0688447952271
 30
0.0
 11
222.7017211746947
 21
-18.06884445427584
 31
0.0
  0
LINE
  5
3B2
330
A
100
AcDbEntity
  8
1.2WALLS
  6
Continuous
 48
12.0
370
     0
 62
     3
284
     3
100
AcDbLine
 10
222.7017211914062
 20
-13.5688447952271
 30
0.0
 11
222.7017211746947
 21
-18.06884445427584
 31
0.0
  0
LINE
  5
3B3
330
A
100
AcDbEntity
  8
1.2WALLS
  6
Continuous
 48
12.0
370
     0
 62
     1
284
     3
100
AcDbLine
 10
258.447146145809
 20
-15.86054975507254
 30
0.0
 11
223.8596574040954
 21
-15.86054975507255
 31
0.0
  0
LINE
  5
3B4
330
A
100
AcDbEntity
  8
1.2WALLS
  6
Continuous
 48
12.0
370
     0
 62
     1
284
     3
100
AcDbLine
 10
258.447146145809
 20
-16.36054975507254
 30
0.0
 11
223.8596574040954
 21
-16.36054975507255
 31
0.0
  0
LINE
  5
3B5
330
A
100
AcDbEntity
  8
1.2WALLS
  6
Continuous
 48
12.0
370
     0
 62
     1
284
     3
100
AcDbLine
 10
258.447146145809
 20
-15.86054975507254
 30
0.0
 11
258.447146145809
 21
-16.36054975507254
 31
0.0
  0
LINE
  5
3B6
330
A
100
AcDbEntity
  8
1.2WALLS
  6
Continuous
 48
12.0
370
     0
 62
     1
284
     3
100
AcDbLine
 10
223.8596574040954
 20
-15.86054975507255
 30
0.0
 11
223.8596574040954
 21
-16.36054975507255
 31
0.0
  0
LINE
  5
3B7
330
A
100
AcDbEntity
  8
1.2WALLS
  6
Continuous
 48
12.0
370
     0
 62
     1
284
     3
100
AcDbLine
 10
225.0134409143348
 20
-78.86763476549368
 30
0.0
 11
225.0134409143348
 21
-50.41443312720577
 31
0.0
  0
LINE
  5
3B8
330
A
100
AcDbEntity
  8
1.2WALLS
  6
Continuous
 48
12.0
370
     0
 62
     1
284
     3
100
AcDbLine
 10
224.5134409143348
 20
-78.86763476549368
 30
0.0
 11
224.5134409143348
 21
-50.41443312720577
 31
0.0
  0
LINE
  5
3B9
330
A
100
AcDbEntity
  8
1.2WALLS
  6
Continuous
 48
12.0
370
     0
 62
     1
284
     3
100
AcDbLine
 10
225.0134409143348
 20
-78.86763476549368
 30
0.0
 11
224.5134409143348
 21
-78.86763476549368
 31
0.0
  0
LINE
  5
3BA
330
A
100
AcDbEntity
  8
1.2WALLS
  6
Continuous
 48
12.0
370
     0
 62
     1
284
     3
100
AcDbLine
 10
225.0134409143348
 20
-50.41443312720577
 30
0.0
 11
224.5134409143348
 21
-50.41443312720577
 31
0.0
  0
LINE
  5
3BB
330
A
100
AcDbEntity
  8
1.2WALLS
  6
Continuous
 48
12.0
370
     0
 62
     1
284
     3
100
AcDbLine
 10
252.5640278075136
 20
-78.05617163934919
 30
0.0
 11
233.0469240128659
 21
-78.0561716393492
 31
0.0
  0
LINE
  5
3BC
330
A
100
AcDbEntity
  8
1.2WALLS
  6
Continuous
 48
12.0
370
     0
 62
     1
284
     3
100
AcDbLine
 10
252.5640278075136
 20
-76.05617163934919
 30
0.0
 11
233.0469240128659
 21
-76.0561716393492
 31
0.0
  0
LINE
  5
3BD
330
A
100
AcDbEntity
  8
1.2WALLS
  6
Continuous
 48
12.0
370
     0
 62
     1
284
     3
100
AcDbLine
 10
252.5640278075136
 20
-78.05617163934919
 30
0.0
 11
252.5640278075136
 21
-76.05617163934919
 31
0.0
  0
CIRCLE
  5
3BE
330
A
100
AcDbEntity
  8
1.2WALLS
  6
Continuous
 48
12.0
370
     0
 62
     1
284
     3
100
AcDbCircle
 10
242.8054759101897
 20
-73.18501236468329
 30
0.0
 40
4.378174480603292
  0
LINE
  5
3BF
330
A
100
AcDbEntity
  8
1.2WALLS
  6
Continuous
 48
12.0
370
     0
 62
     7
284
     3
100
AcDbLine
 10
-185.2982637537296
 20
-51.02514647874971
 30
0.0
 11
-191.7982673225067
 21
-51.02514655187783
 31
0.0
  0
LINE
  5
3C0
330
A
100
AcDbEntity
  8
1.2WALLS
  6
Continuous
 48
12.0
370
     0
 62
     7
284
     3
100
AcDbLine
 10
-185.2982638274197
 20
-85.02514647874975
 30
0.0
 11
-191.7982664534292
 21
-85.02514655187787
 31
0.0
  0
LINE
  5
3C1
330
A
100
AcDbEntity
  8
1.2WALLS
  6
Continuous
 48
12.0
370
     0
 62
     5
284
     3
100
AcDbLine
 10
-45.7982700280979
 20
-86.52514648437499
 30
0.0
 11
-185.2982635498047
 21
-86.525146484375
 31
0.0
  0
LINE
  5
3C2
330
A
100
AcDbEntity
  8
1.2WALLS
  6
Continuous
 48
12.0
370
     0
 62
     7
284
     3
100
AcDbLine
 10
-45.29827117919922
 20
-87.025146484375
 30
0.0
 11
-185.7982635498047
 21
-87.025146484375
 31
0.0
  0
LINE
  5
3C3
330
A
100
AcDbEntity
  8
1.2WALLS
  6
Continuous
 48
12.0
370
     0
 62
     7
284
     3
100
AcDbLine
 10
-41.79827117919922
 20
-90.525146484375
 30
0.0
 11
-185.7982788085938
 21
-90.525146484375
 31
0.0
  0
LINE
  5
3C4
330
A
100
AcDbEntity
  8
1.2WALLS
  6
Continuous
 48
12.0
370
     0
 62
     5
284
     3
100
AcDbLine
 10
-41.29827117919922
 20
-91.025146484375
 30
0.0
 11
-185.2982635498047
 21
-91.025146484375
 31
0.0
  0
LINE
  5
3C5
330
A
100
AcDbEntity
  8
1.2WALLS
  6
Continuous
 48
12.0
370
     0
 62
     5
284
     3
100
AcDbLine
 10
-185.2982635498047
 20
-86.525146484375
 30
0.0
 11
-185.2982638555953
 21
-85.02514647874978
 31
0.0
  0
LINE
  5
3C6
330
A
100
AcDbEntity
  8
1.2WALLS
  6
Continuous
 48
12.0
370
     0
 62
     5
284
     3
100
AcDbLine
 10
-185.2982637537296
 20
-51.02514647874971
 30
0.0
 11
-185.2982636948115
 21
-27.59915485208384
 31
0.0
  0
LINE
  5
3C7
330
A
100
AcDbEntity
  8
1.2WALLS
  6
Continuous
 48
12.0
370
     0
 62
     5
284
     3
100
AcDbLine
 10
-185.2982636784635
 20
-23.09915485208384
 30
0.0
 11
-185.2982636159646
 21
5.982645998115024
 31
0.0
  0
LINE
  5
3C8
330
A
100
AcDbEntity
  8
1.2WALLS
  6
Continuous
 48
12.0
370
     0
 62
     5
284
     3
100
AcDbLine
 10
-185.2982635574261
 20
33.22163296289141
 30
0.0
 11
-185.2982635516682
 21
35.90084500963012
 31
0.0
  0
LINE
  5
3C9
330
A
100
AcDbEntity
  8
1.2WALLS
  6
Continuous
 48
12.0
370
     0
 62
     7
284
     3
100
AcDbLine
 10
-185.7982635498047
 20
-87.025146484375
 30
0.0
 11
-185.7982638555953
 21
-85.02514647874978
 31
0.0
  0
LINE
  5
3CA
330
A
100
AcDbEntity
  8
1.2WALLS
  6
Continuous
 48
12.0
370
     0
 62
     7
284
     3
100
AcDbLine
 10
-185.7982637537296
 20
-51.02514647874971
 30
0.0
 11
-185.7982636983571
 21
-27.09915485082631
 31
0.0
  0
LINE
  5
3CB
330
A
100
AcDbEntity
  8
1.2WALLS
  6
Continuous
 48
12.0
370
     0
 62
     7
284
     3
100
AcDbLine
 10
-185.7982636856283
 20
-23.5991548508263
 30
0.0
 11
-185.7982636260672
 21
5.982645998145649
 31
0.0
  0
LINE
  5
3CC
330
A
100
AcDbEntity
  8
1.2WALLS
  6
Continuous
 48
12.0
370
     0
 62
     7
284
     3
100
AcDbLine
 10
-185.7982635712233
 20
33.22163296292204
 30
0.0
 11
-185.7982635516682
 21
42.93389554673949
 31
0.0
  0
LINE
  5
3CD
330
A
100
AcDbEntity
  8
1.2WALLS
  6
Continuous
 48
12.0
370
     0
 62
     7
284
     3
100
AcDbLine
 10
-191.2982635498047
 20
-101.025146484375
 30
0.0
 11
-191.2982638555953
 21
-85.02514647874978
 31
0.0
  0
LINE
  5
3CE
330
A
100
AcDbEntity
  8
1.2WALLS
  6
Continuous
 48
12.0
370
     0
 62
     7
284
     3
100
AcDbLine
 10
-191.2982637537296
 20
-51.02514647874971
 30
0.0
 11
-191.2982636311329
 21
5.982645998469549
 31
0.0
  0
LINE
  5
3CF
330
A
100
AcDbEntity
  8
1.2WALLS
  6
Continuous
 48
12.0
370
     0
 62
     7
284
     3
100
AcDbLine
 10
-191.2982635725547
 20
33.22163296324594
 30
0.0
 11
-191.2982635516682
 21
42.93389554673949
 31
0.0
  0
LINE
  5
3D0
330
A
100
AcDbEntity
  8
1.2WALLS
  6
Continuous
 48
12.0
370
     0
 62
   132
284
     3
100
AcDbLine
 10
-191.7982635498047
 20
-101.025146484375
 30
0.0
 11
-191.7982638555953
 21
-85.02514647874978
 31
0.0
  0
LINE
  5
3D1
330
A
100
AcDbEntity
  8
1.2WALLS
  6
Continuous
 48
12.0
370
     0
 62
   132
284
     3
100
AcDbLine
 10
-191.7982637537296
 20
-51.02514647874971
 30
0.0
 11
-191.7982636311329
 21
5.982645998161988
 31
0.0
  0
LINE
  5
3D2
330
A
100
AcDbEntity
  8
1.2WALLS
  6
Continuous
 48
12.0
370
     0
 62
   132
284
     3
100
AcDbLine
 10
-191.7982635725547
 20
33.22163296293838
 30
0.0
 11
-191.7982635516682
 21
42.93389554673949
 31
0.0
  0
LWPOLYLINE
  5
3D3
330
A
100
AcDbEntity
  8
1.2WALLS
  6
Continuous
 48
4.0
370
     0
 62
     7
284
     3
100
AcDbPolyline
 90
        4
 70
     1
 43
0.0
 10
-58.07504243686418
 20
-85.42972374754559
 10
-47.29894543786089
 20
-85.42972374754559
 10
-47.29894543786089
 20
-66.98583699716556
 10
-58.07504243686418
 20
-66.98583699716556
  0
LINE
  5
3D4
330
A
100
AcDbEntity
  8
1.2WALLS
  6
Continuous
 48
4.0
370
     0
 62
     7
284
     3
100
AcDbLine
 10
-47.29894543786089
 20
-66.98583699716555
 30
0.0
 11
-58.07504243686418
 21
-85.42972374754558
 31
0.0
  0
LINE
  5
3D5
330
A
100
AcDbEntity
  8
1.2WALLS
  6
Continuous
 48
12.0
370
     0
 62
     5
284
     3
100
AcDbLine
 10
80.19961903956273
 20
51.72486114501953
 30
0.0
 11
10.9517297744751
 21
51.72486114501953
 31
0.0
  0
LINE
  5
3D6
330
A
100
AcDbEntity
  8
1.2WALLS
  6
Continuous
 48
12.0
370
     0
 62
     7
284
     3
100
AcDbLine
 10
80.69961903956269
 20
52.22486114501953
 30
0.0
 11
10.4517297744751
 21
52.22486114501953
 31
0.0
  0
LINE
  5
3D7
330
A
100
AcDbEntity
  8
1.2WALLS
  6
Continuous
 48
12.0
370
     0
 62
     7
284
     3
100
AcDbLine
 10
211.2017364501953
 20
71.72486114501953
 30
0.0
 11
80.69961903956269
 21
71.72486114501953
 31
0.0
  0
LINE
  5
3D8
330
A
100
AcDbEntity
  8
1.2WALLS
  6
Continuous
 48
12.0
370
     0
 62
     7
284
     3
100
AcDbLine
 10
80.69961903956269
 20
55.72486114501955
 30
0.0
 11
10.45172882080085
 21
55.72486114501955
 31
0.0
  0
LINE
  5
3D9
330
A
100
AcDbEntity
  8
1.2WALLS
  6
Continuous
 48
12.0
370
     0
 62
     5
284
     3
100
AcDbLine
 10
10.95172882080085
 20
56.22486114501955
 30
0.0
 11
80.19961903956273
 21
56.22486114501955
 31
0.0
  0
LINE
  5
3DA
330
A
100
AcDbEntity
  8
1.2WALLS
  6
Continuous
 48
12.0
370
     0
 62
     5
284
     3
100
AcDbLine
 10
80.19961903956273
 20
72.22486114501953
 30
0.0
 11
210.7017364501953
 21
72.22486114501953
 31
0.0
  0
LINE
  5
3DB
330
A
100
AcDbEntity
  8
1.2WALLS
  6
Continuous
 48
12.0
370
     0
 62
     5
284
     3
100
AcDbLine
 10
6.451730728149482
 20
94.10996246337892
 30
0.0
 11
6.451730728149485
 21
120.2248611450196
 31
0.0
  0
LINE
  5
3DC
330
A
100
AcDbEntity
  8
1.2WALLS
  6
Continuous
 48
12.0
370
     0
 62
     7
284
     3
100
AcDbLine
 10
6.951730728149482
 20
94.10996246337892
 30
0.0
 11
6.951730728149485
 21
120.7248611450195
 31
0.0
  0
LINE
  5
3DD
330
A
100
AcDbEntity
  8
1.2WALLS
  6
Continuous
 48
12.0
370
     0
 62
     7
284
     3
100
AcDbLine
 10
10.45172882080085
 20
94.10996246337892
 30
0.0
 11
10.45172882080085
 21
120.7248611450196
 31
0.0
  0
LINE
  5
3DE
330
A
100
AcDbEntity
  8
1.2WALLS
  6
Continuous
 48
12.0
370
     0
 62
     5
284
     3
100
AcDbLine
 10
10.95172882080085
 20
94.10996246337892
 30
0.0
 11
10.95172882080085
 21
120.2248611450196
 31
0.0
  0
LINE
  5
3DF
330
A
100
AcDbEntity
  8
1.2WALLS
  6
Continuous
 48
12.0
370
     0
 62
     5
284
     3
100
AcDbLine
 10
80.19961903956273
 20
72.22486114501953
 30
0.0
 11
80.19961903956273
 21
56.22486114501955
 31
0.0
  0
LINE
  5
3E0
330
A
100
AcDbEntity
  8
1.2WALLS
  6
Continuous
 48
12.0
370
     0
 62
     7
284
     3
100
AcDbLine
 10
80.69961903956269
 20
71.72486114501953
 30
0.0
 11
80.69961903956269
 21
55.72486114501955
 31
0.0
  0
LINE
  5
3E1
330
A
100
AcDbEntity
  8
1.2WALLS
  6
Continuous
 48
12.0
370
     0
 62
     5
284
     3
100
AcDbLine
 10
80.19961903956273
 20
51.72486114501953
 30
0.0
 11
80.19961903956273
 21
31.22486114501961
 31
0.0
  0
LINE
  5
3E2
330
A
100
AcDbEntity
  8
1.2WALLS
  6
Continuous
 48
12.0
370
     0
 62
     7
284
     3
100
AcDbLine
 10
80.69961903956269
 20
52.22486114501953
 30
0.0
 11
80.69961903956269
 21
31.7248611450196
 31
0.0
  0
LINE
  5
3E3
330
A
100
AcDbEntity
  8
1.2WALLS
  6
Continuous
 48
12.0
370
     0
 62
     7
284
     3
100
AcDbLine
 10
86.19961903956269
 20
68.22486114501953
 30
0.0
 11
86.19961903956269
 21
35.22486114501959
 31
0.0
  0
LINE
  5
3E4
330
A
100
AcDbEntity
  8
1.2WALLS
  6
Continuous
 48
12.0
370
     0
 62
     5
284
     3
100
AcDbLine
 10
86.69961903956273
 20
67.72486114501956
 30
0.0
 11
86.69961903956273
 21
35.72486114501956
 31
0.0
  0
LINE
  5
3E5
330
A
100
AcDbEntity
  8
1.2WALLS
  6
Continuous
 48
12.0
370
     0
 62
     7
284
     3
100
AcDbLine
 10
99.07672997190213
 20
31.72486114501959
 30
0.0
 11
80.69961903956269
 21
31.7248611450196
 31
0.0
  0
LINE
  5
3E6
330
A
100
AcDbEntity
  8
1.2WALLS
  6
Continuous
 48
12.0
370
     0
 62
     5
284
     3
100
AcDbLine
 10
80.19961903956273
 20
31.22486114501961
 30
0.0
 11
98.57672997190217
 21
31.2248611450196
 31
0.0
  0
LINE
  5
3E7
330
A
100
AcDbEntity
  8
1.2WALLS
  6
Continuous
 48
12.0
370
     0
 62
     7
284
     3
100
AcDbLine
 10
102.5767299719021
 20
35.22486114501957
 30
0.0
 11
86.19961903956269
 21
35.22486114501959
 31
0.0
  0
LINE
  5
3E8
330
A
100
AcDbEntity
  8
1.2WALLS
  6
Continuous
 48
12.0
370
     0
 62
     5
284
     3
100
AcDbLine
 10
103.0767299719022
 20
35.72486114501956
 30
0.0
 11
86.69961903956273
 21
35.72486114501956
 31
0.0
  0
LINE
  5
3E9
330
A
100
AcDbEntity
  8
1.2WALLS
  6
Continuous
 48
12.0
370
     0
 62
     5
284
     3
100
AcDbLine
 10
103.0767299719022
 20
-40.56225761099574
 30
0.0
 11
128.9858311726449
 21
-40.56225761099574
 31
0.0
  0
LINE
  5
3EA
330
A
100
AcDbEntity
  8
1.2WALLS
  6
Continuous
 48
12.0
370
     0
 62
     7
284
     3
100
AcDbLine
 10
102.5767299719021
 20
-41.06225761099574
 30
0.0
 11
128.4858311726449
 21
-41.06225761099574
 31
0.0
  0
LINE
  5
3EB
330
A
100
AcDbEntity
  8
1.2WALLS
  6
Continuous
 48
12.0
370
     0
 62
     7
284
     3
100
AcDbLine
 10
102.5767299719021
 20
-44.56225761099575
 30
0.0
 11
124.9858311726449
 21
-44.56225761099575
 31
0.0
  0
LINE
  5
3EC
330
A
100
AcDbEntity
  8
1.2WALLS
  6
Continuous
 48
12.0
370
     0
 62
     5
284
     3
100
AcDbLine
 10
103.0767299719022
 20
-45.06225761099574
 30
0.0
 11
124.4858311726449
 21
-45.06225761099574
 31
0.0
  0
LINE
  5
3ED
330
A
100
AcDbEntity
  8
1.2WALLS
  6
Continuous
 48
12.0
370
     0
 62
     7
284
     3
100
AcDbLine
 10
128.9858311537135
 20
-72.79369858503215
 30
0.0
 11
124.4858311685405
 21
-72.79369858377839
 31
0.0
  0
LINE
  5
3EE
330
A
100
AcDbEntity
  8
1.2WALLS
  6
Continuous
 48
12.0
370
     0
 62
     7
284
     3
100
AcDbLine
 10
128.9858311689848
 20
-46.79369858503215
 30
0.0
 11
124.4858311685405
 21
-46.79369858377839
 31
0.0
  0
LINE
  5
3EF
330
A
100
AcDbEntity
  8
1.2WALLS
  6
Continuous
 48
12.0
370
     0
 62
     5
284
     3
100
AcDbLine
 10
128.9858245849609
 20
-40.562255859375
 30
0.0
 11
128.985824586984
 21
-46.7936985839177
 31
0.0
  0
LINE
  5
3F0
330
A
100
AcDbEntity
  8
1.2WALLS
  6
Continuous
 48
12.0
370
     0
 62
     5
284
     3
100
AcDbLine
 10
128.9858245849609
 20
-72.7936985839177
 30
0.0
 11
128.9858245849609
 21
-79.02513885498047
 31
0.0
  0
LINE
  5
3F1
330
A
100
AcDbEntity
  8
1.2WALLS
  6
Continuous
 48
12.0
370
     0
 62
     7
284
     3
100
AcDbLine
 10
128.4858245849609
 20
-41.062255859375
 30
0.0
 11
128.485824586984
 21
-46.7936985839177
 31
0.0
  0
LINE
  5
3F2
330
A
100
AcDbEntity
  8
1.2WALLS
  6
Continuous
 48
12.0
370
     0
 62
     7
284
     3
100
AcDbLine
 10
128.4858245849609
 20
-72.7936985839177
 30
0.0
 11
128.4858245849609
 21
-79.52513885498047
 31
0.0
  0
LINE
  5
3F3
330
A
100
AcDbEntity
  8
1.2WALLS
  6
Continuous
 48
12.0
370
     0
 62
     7
284
     3
100
AcDbLine
 10
124.9858322143555
 20
-44.562255859375
 30
0.0
 11
124.9858322163785
 21
-46.7936985839177
 31
0.0
  0
LINE
  5
3F4
330
A
100
AcDbEntity
  8
1.2WALLS
  6
Continuous
 48
12.0
370
     0
 62
     7
284
     3
100
AcDbLine
 10
124.9858322143555
 20
-72.7936985839177
 30
0.0
 11
124.9858322143555
 21
-79.52513885498047
 31
0.0
  0
LINE
  5
3F5
330
A
100
AcDbEntity
  8
1.2WALLS
  6
Continuous
 48
12.0
370
     0
 62
     5
284
     3
100
AcDbLine
 10
124.4858322143555
 20
-45.062255859375
 30
0.0
 11
124.4858322163785
 21
-46.7936985839177
 31
0.0
  0
LINE
  5
3F6
330
A
100
AcDbEntity
  8
1.2WALLS
  6
Continuous
 48
12.0
370
     0
 62
     5
284
     3
100
AcDbLine
 10
124.4858322143555
 20
-72.7936985839177
 30
0.0
 11
124.4858322143555
 21
-79.02513885498047
 31
0.0
  0
LINE
  5
3F7
330
A
100
AcDbEntity
  8
1.2WALLS
  6
Continuous
 48
12.0
370
     0
 62
     1
284
     3
100
AcDbLine
 10
233.0469240128659
 20
-76.0561716393492
 30
0.0
 11
233.0469240128659
 21
-78.0561716393492
 31
0.0
  0
LINE
  5
3F8
330
A
100
AcDbEntity
  8
1.2WALLS
  6
Continuous
 48
12.0
370
     0
 62
     5
284
     3
100
AcDbLine
 10
10.95172997190222
 20
56.22486114501955
 30
0.0
 11
10.95172997190222
 21
60.10995881733902
 31
0.0
  0
LINE
  5
3F9
330
A
100
AcDbEntity
  8
1.2WALLS
  6
Continuous
370
     0
 62
     7
284
     3
100
AcDbLine
 10
237.7596403898659
 20
37.02555443890094
 30
0.0
 11
208.8633160946136
 21
37.02555443890094
 31
0.0
  0
LINE
  5
3FA
330
A
100
AcDbEntity
  8
1.2WALLS
  6
Continuous
370
     0
 62
     7
284
     3
100
AcDbLine
 10
237.759640389866
 20
53.15055443890094
 30
0.0
 11
208.8633160946137
 21
53.15055443890094
 31
0.0
  0
LINE
  5
3FB
330
A
100
AcDbEntity
  8
1.2WALLS
  6
Continuous
370
     0
 62
    11
284
     3
100
AcDbLine
 10
237.9865333770615
 20
35.52555443890094
 30
0.0
 11
208.6364231074181
 21
35.52555443890094
 31
0.0
  0
ARC
  5
3FC
330
A
100
AcDbEntity
  8
1.2WALLS
  6
Continuous
370
     0
 62
     7
284
     3
100
AcDbCircle
 10
235.1495036128022
 20
45.08805443890094
 30
0.0
 40
8.474474629437539
100
AcDbArc
 50
287.9387324539548
 51
432.0612675460452
  0
ARC
  5
3FD
330
A
100
AcDbEntity
  8
1.2WALLS
  6
Continuous
370
     0
 62
    11
284
     3
100
AcDbCircle
 10
235.1495036128022
 20
45.08805443890094
 30
0.0
 40
9.974474629437539
100
AcDbArc
 50
286.5247197224101
 51
433.4752802775899
  0
ARC
  5
3FE
330
A
100
AcDbEntity
  8
1.2WALLS
  6
Continuous
370
     0
 62
    11
284
     3
100
AcDbCircle
 10
237.616274691931
 20
45.08805443890088
 30
0.0
 40
13.71269531249999
100
AcDbArc
 50
289.3574996307157
 51
430.6425003692843
  0
ARC
  5
3FF
330
A
100
AcDbEntity
  8
1.2WALLS
  6
Continuous
370
     0
 62
     3
284
     3
100
AcDbCircle
 10
237.616274691931
 20
45.08805443890088
 30
0.0
 40
14.71269531249999
100
AcDbArc
 50
288.6819688808584
 51
431.3180311191416
  0
LINE
  5
400
330
A
100
AcDbEntity
  8
1.2WALLS
  6
Continuous
370
     0
 62
     3
284
     3
100
AcDbLine
 10
242.328970004431
 20
31.15055443890088
 30
0.0
 11
204.1489889372112
 21
31.15055443890094
 31
0.0
  0
LINE
  5
401
330
A
100
AcDbEntity
  8
1.2WALLS
  6
Continuous
370
     0
 62
     3
284
     3
100
AcDbLine
 10
242.3289700044309
 20
59.02555443890094
 30
0.0
 11
204.1489889372113
 21
59.02555443890094
 31
0.0
  0
LINE
  5
402
330
A
100
AcDbEntity
  8
1.2WALLS
  6
Continuous
370
     0
 62
    11
284
     3
100
AcDbLine
 10
242.1615036722421
 20
32.15055443890088
 30
0.0
 11
204.3164552694001
 21
32.15055443890094
 31
0.0
  0
ARC
  5
403
330
A
100
AcDbEntity
  8
1.2WALLS
  6
Continuous
370
     0
 62
    11
284
     3
100
AcDbCircle
 10
208.8616842497112
 20
45.08805443890094
 30
0.0
 40
13.71269531249999
100
AcDbArc
 50
109.3574996307157
 51
250.6425003692843
  0
ARC
  5
404
330
A
100
AcDbEntity
  8
1.2WALLS
  6
Continuous
370
     0
 62
     3
284
     3
100
AcDbCircle
 10
208.8616842497112
 20
45.08805443890094
 30
0.0
 40
14.71269531249999
100
AcDbArc
 50
108.6819688808584
 51
251.3180311191416
  0
ARC
  5
405
330
A
100
AcDbEntity
  8
1.2WALLS
  6
Continuous
370
     0
 62
    11
284
     3
100
AcDbCircle
 10
211.4734528716774
 20
45.08805443890094
 30
0.0
 40
9.974474629437539
100
AcDbArc
 50
106.52471972241
 51
253.47528027759
  0
ARC
  5
406
330
A
100
AcDbEntity
  8
1.2WALLS
  6
Continuous
370
     0
 62
     7
284
     3
100
AcDbCircle
 10
211.4734528716774
 20
45.08805443890094
 30
0.0
 40
8.474474629437539
100
AcDbArc
 50
107.9387324539548
 51
252.0612675460452
  0
CIRCLE
  5
407
330
A
100
AcDbEntity
  8
1.2WALLS
  6
Continuous
370
     0
 62
     7
284
     3
100
AcDbCircle
 10
223.2739889372112
 20
44.65055443890094
 30
0.0
 40
1.279239036372928
  0
CIRCLE
  5
408
330
A
100
AcDbEntity
  8
1.2WALLS
  6
Continuous
370
     0
 62
    11
284
     3
100
AcDbCircle
 10
223.2739889372112
 20
44.65055443890094
 30
0.0
 40
1.959590400787022
  0
LINE
  5
409
330
A
100
AcDbEntity
  8
1.2WALLS
  6
Continuous
370
     0
 62
    11
284
     3
100
AcDbLine
 10
225.4438795843492
 20
42.44565432537274
 30
0.0
 11
221.0690888236832
 21
42.44565432537286
 31
0.0
  0
LINE
  5
40A
330
A
100
AcDbEntity
  8
1.2WALLS
  6
Continuous
370
     0
 62
    11
284
     3
100
AcDbLine
 10
221.0690888236831
 20
46.85545455242891
 30
0.0
 11
221.0690888236832
 21
42.44565432537286
 31
0.0
  0
LINE
  5
40B
330
A
100
AcDbEntity
  8
1.2WALLS
  6
Continuous
370
     0
 62
    11
284
     3
100
AcDbLine
 10
221.0690888236831
 20
46.85545455242891
 30
0.0
 11
225.4438795843492
 21
46.85545455242891
 31
0.0
  0
LINE
  5
40C
330
A
100
AcDbEntity
  8
1.2WALLS
  6
Continuous
370
     0
 62
    11
284
     3
100
AcDbLine
 10
225.4438795843492
 20
42.44565432537274
 30
0.0
 11
225.4438795843492
 21
46.85545455242891
 31
0.0
  0
LWPOLYLINE
  5
40D
330
A
100
AcDbEntity
  8
1.2WALLS
  6
Continuous
370
     0
 62
     7
284
     3
100
AcDbPolyline
 90
        4
 70
     1
 43
0.0
 39
-25147.98593736013
 10
218.3479832909527
 20
59.76593231446543
 10
220.1446892928712
 20
59.76593231446543
 10
220.1446892928712
 20
59.37945137332781
 10
218.3479832909527
 20
59.37945137332781
  0
LWPOLYLINE
  5
40E
330
A
100
AcDbEntity
  8
1.2WALLS
  6
Continuous
370
     0
 62
     7
284
     3
100
AcDbPolyline
 90
        4
 70
     1
 43
0.0
 39
-25147.98593736013
 10
227.4241270119841
 20
60.44687492504124
 10
219.0703702401776
 20
60.44687492504124
 10
219.0703702401776
 20
59.94997085786429
 10
227.4241270119841
 20
59.94997085786429
  0
LWPOLYLINE
  5
40F
330
A
100
AcDbEntity
  8
1.2WALLS
  6
Continuous
370
     0
 62
     7
284
     3
100
AcDbPolyline
 90
        4
 70
     1
 43
0.0
 39
-25147.98593736013
 10
223.6038114151214
 20
62.52651046544847
 10
222.8906858370403
 20
62.52651046544847
 10
222.8906858370403
 20
60.44687492504124
 10
223.6038114151214
 20
60.44687492504124
  0
LWPOLYLINE
  5
410
330
A
100
AcDbEntity
  8
1.2WALLS
  6
Continuous
370
     0
 62
     7
284
     3
100
AcDbPolyline
 90
        4
 70
     1
 43
0.0
 39
-25147.98593736013
 10
228.1465139612091
 20
59.76593231446543
 10
226.3498079592906
 20
59.76593231446543
 10
226.3498079592906
 20
59.37945137332781
 10
228.1465139612091
 20
59.37945137332781
  0
LWPOLYLINE
  5
411
330
A
100
AcDbEntity
  8
1.2WALLS
  6
Continuous
370
     0
 62
     7
284
     3
100
AcDbPolyline
 90
        4
 70
     1
 43
0.0
 39
-25147.98593736013
 10
223.8121922658593
 20
59.94997085786429
 10
222.6637822440146
 20
59.94997085786429
 10
222.6637822440146
 20
53.52702569324373
 10
223.8121922658593
 20
53.52702569324373
  0
CIRCLE
  5
412
330
A
100
AcDbEntity
  8
1.2WALLS
  6
Continuous
370
     0
 62
     7
284
     3
100
AcDbCircle
 10
223.2739889372112
 20
53.52555443890094
 30
0.0
 40
0.7769113737870157
  0
LINE
  5
413
330
A
100
AcDbEntity
  8
1.2WALLS
  6
Continuous
370
     0
 62
    11
284
     3
100
AcDbLine
 10
237.9865333770615
 20
54.65055443890094
 30
0.0
 11
208.6364231074181
 21
54.65055443890094
 31
0.0
  0
LINE
  5
414
330
A
100
AcDbEntity
  8
1.2WALLS
  6
Continuous
370
     0
 62
    11
284
     3
100
AcDbLine
 10
242.161503672242
 20
58.02555443890094
 30
0.0
 11
204.3164552694003
 21
58.02555443890094
 31
0.0
  0
POINT
  5
415
330
A
100
AcDbEntity
  8
1.2WALLS
  6
Continuous
370
     0
 62
     3
284
     3
100
AcDbPoint
 10
221.5383399807844
 20
34.77626820486159
 30
0.0
 50
0.0
  0
LINE
  5
416
330
A
100
AcDbEntity
  8
1.2WALLS
  6
Continuous
370
     0
 62
     7
284
     3
100
AcDbLine
 10
223.2739889372112
 20
70.15098914173365
 30
0.0
 11
223.2739889372111
 21
22.55902355874224
 31
0.0
  0
LINE
  5
417
330
A
100
AcDbEntity
  8
1.2WALLS
  6
Continuous
 48
12.0
370
     0
 62
     1
284
     3
100
AcDbLine
 10
-41.29827123124853
 20
-30.52514648437498
 30
0.0
 11
-45.79827132420801
 21
-30.52514645469043
 31
0.0
  0
LINE
  5
418
330
A
100
AcDbEntity
  8
1.2WALLS
  6
Continuous
 48
12.0
370
     0
 62
     1
284
     3
100
AcDbLine
 10
-41.29827112585362
 20
-60.52302979137853
 30
0.0
 11
-45.79827124135132
 21
-60.52302980303102
 31
0.0
  0
LINE
  5
419
330
A
100
AcDbEntity
  8
1.2WALLS
  6
Continuous
 48
12.0
370
     0
 62
     5
284
     3
100
AcDbLine
 10
-45.79827117919922
 20
-30.525146484375
 30
0.0
 11
-45.79827087654451
 21
-30.52302979137854
 31
0.0
  0
LINE
  5
41A
330
A
100
AcDbEntity
  8
1.2WALLS
  6
Continuous
 48
12.0
370
     0
 62
     5
284
     3
100
AcDbLine
 10
-45.79827117919922
 20
-60.52302979267326
 30
0.0
 11
-45.79827117919922
 21
-86.525146484375
 31
0.0
  0
LINE
  5
41B
330
A
100
AcDbEntity
  8
1.2WALLS
  6
Continuous
 48
2.0
370
     0
 62
     3
284
     3
100
AcDbLine
 10
-41.29827117919922
 20
-30.525146484375
 30
0.0
 11
-41.29827087654451
 21
-30.52302979137854
 31
0.0
  0
LINE
  5
41C
330
A
100
AcDbEntity
  8
1.2WALLS
  6
Continuous
 48
12.0
370
     0
 62
     5
284
     3
100
AcDbLine
 10
-41.29827117919922
 20
-60.52302979267326
 30
0.0
 11
-41.29827117919922
 21
-91.025146484375
 31
0.0
  0
LINE
  5
41D
330
A
100
AcDbEntity
  8
1.2WALLS
  6
Continuous
 48
12.0
370
     0
 62
     7
284
     3
100
AcDbLine
 10
-41.79827117919922
 20
-30.525146484375
 30
0.0
 11
-41.79827087654451
 21
-30.52302979137854
 31
0.0
  0
LINE
  5
41E
330
A
100
AcDbEntity
  8
1.2WALLS
  6
Continuous
 48
12.0
370
     0
 62
     7
284
     3
100
AcDbLine
 10
-41.79827117919922
 20
-60.52302979267326
 30
0.0
 11
-41.79827117919922
 21
-90.525146484375
 31
0.0
  0
LINE
  5
41F
330
A
100
AcDbEntity
  8
1.2WALLS
  6
Continuous
 48
12.0
370
     0
 62
     7
284
     3
100
AcDbLine
 10
-45.29827117919922
 20
-87.025146484375
 30
0.0
 11
-45.29827117919922
 21
-60.52302979267326
 31
0.0
  0
LINE
  5
420
330
A
100
AcDbEntity
  8
1.2WALLS
  6
Continuous
 48
12.0
370
     0
 62
     7
284
     3
100
AcDbLine
 10
-45.29827087654451
 20
-30.52302979137854
 30
0.0
 11
-45.29827117919922
 21
-30.525146484375
 31
0.0
  0
POINT
  5
421
330
A
100
AcDbEntity
  8
1.2WALLS
  6
Continuous
 48
12.0
370
     0
 62
     1
284
     3
100
AcDbPoint
 10
-41.29827102787186
 20
-46.52302979137853
 30
0.0
 50
0.0
  0
LINE
  5
422
330
A
100
AcDbEntity
  8
1.2WALLS
  6
Continuous
 48
12.0
370
     0
 62
     7
284
     3
100
AcDbLine
 10
-45.29827118648933
 20
-27.09915520419399
 30
0.0
 11
-45.29827119555333
 21
-30.5251464810767
 31
0.0
  0
LINE
  5
423
330
A
100
AcDbEntity
  8
1.2WALLS
  6
Continuous
 48
12.0
370
     0
 62
     5
284
     3
100
AcDbLine
 10
-45.79827117919922
 20
35.90084457397461
 30
0.0
 11
-45.79827039721638
 21
33.65084481679425
 31
0.0
  0
LINE
  5
424
330
A
100
AcDbEntity
  8
1.2WALLS
  6
Continuous
 48
12.0
370
     0
 62
     5
284
     3
100
AcDbLine
 10
-45.79827108704784
 20
1.650844850408362
 30
0.0
 11
-45.79827117919922
 21
-0.5991551876068115
 31
0.0
  0
LINE
  5
425
330
A
100
AcDbEntity
  8
1.2WALLS
  6
Continuous
 48
12.0
370
     0
 62
     5
284
     3
100
AcDbLine
 10
-41.29827117919922
 20
83.2769775390625
 30
0.0
 11
-41.29827039721638
 21
33.65084481679425
 31
0.0
  0
LINE
  5
426
330
A
100
AcDbEntity
  8
1.2WALLS
  6
Continuous
 48
12.0
370
     0
 62
     5
284
     3
100
AcDbLine
 10
-41.29827108704784
 20
1.650844850408362
 30
0.0
 11
-41.29827117919922
 21
-30.525146484375
 31
0.0
  0
LINE
  5
427
330
A
100
AcDbEntity
  8
1.2WALLS
  6
Continuous
 48
12.0
370
     0
 62
     7
284
     3
100
AcDbLine
 10
-41.79827117919922
 20
83.2769775390625
 30
0.0
 11
-41.79827039721638
 21
33.65084481679425
 31
0.0
  0
LINE
  5
428
330
A
100
AcDbEntity
  8
1.2WALLS
  6
Continuous
 48
12.0
370
     0
 62
     7
284
     3
100
AcDbLine
 10
-41.79827108704784
 20
1.650844850408362
 30
0.0
 11
-41.79827117919922
 21
-30.525146484375
 31
0.0
  0
LINE
  5
429
330
A
100
AcDbEntity
  8
1.2WALLS
  6
Continuous
 48
12.0
370
     0
 62
     7
284
     3
100
AcDbLine
 10
-45.29827117919922
 20
-1.099155187606812
 30
0.0
 11
-45.29827108704784
 21
1.650844850408362
 31
0.0
  0
LINE
  5
42A
330
A
100
AcDbEntity
  8
1.2WALLS
  6
Continuous
 48
12.0
370
     0
 62
     7
284
     3
100
AcDbLine
 10
-45.29827039721638
 20
33.65084481679425
 30
0.0
 11
-45.29827044054945
 21
36.40084486644241
 31
0.0
  0
LINE
  5
42B
330
A
100
AcDbEntity
  8
1.2WALLS
  6
Continuous
 48
12.0
370
     0
 62
     1
284
     3
100
AcDbLine
 10
-185.2982635516682
 20
42.82225951609728
 30
0.0
 11
-191.7982635516682
 21
42.82225951609728
 31
0.0
  0
LINE
  5
42C
330
A
100
AcDbEntity
  8
1.2WALLS
  6
Continuous
 48
12.0
370
     0
 62
     1
284
     3
100
AcDbLine
 10
-185.2982635516682
 20
5.982645998161988
 30
0.0
 11
-191.7982636311329
 21
5.982645998161988
 31
0.0
  0
LINE
  5
42D
330
A
100
AcDbEntity
  8
1.2DRWDWS
  6
Continuous
 48
24.0
370
     0
 62
     3
284
     3
100
AcDbLine
 10
-104.2982674984
 20
230.849859993918
 30
0.0
 11
-104.2982674984
 21
230.224859993918
 31
0.0
  0
LINE
  5
42E
330
A
100
AcDbEntity
  8
1.2DRWDWS
  6
Continuous
 48
12.0
370
     0
 62
     3
284
     3
100
AcDbLine
 10
-146.3194899079375
 20
225.7922428064181
 30
0.0
 11
-146.3194899079375
 21
227.5422428064181
 31
0.0
  0
LINE
  5
42F
330
A
100
AcDbEntity
  8
1.2DRWDWS
  6
Continuous
 48
12.0
370
     0
 62
     3
284
     3
100
AcDbLine
 10
-146.3194899079375
 20
225.7922428064181
 30
0.0
 11
-144.3194899079375
 21
225.7922428064181
 31
0.0
  0
LINE
  5
430
330
A
100
AcDbEntity
  8
1.2DRWDWS
  6
Continuous
 48
12.0
370
     0
 62
     3
284
     3
100
AcDbLine
 10
-146.3194899079375
 20
227.5422428064181
 30
0.0
 11
-144.3194899079375
 21
227.5422428064181
 31
0.0
  0
LINE
  5
431
330
A
100
AcDbEntity
  8
1.2DRWDWS
  6
Continuous
 48
12.0
370
     0
 62
     3
284
     3
100
AcDbLine
 10
-146.3194899079375
 20
226.6672428064181
 30
0.0
 11
-175.7812030401311
 21
226.6672428064181
 31
0.0
  0
LINE
  5
432
330
A
100
AcDbEntity
  8
1.2DRWDWS
  6
Continuous
 48
12.0
370
     0
 62
     3
284
     3
100
AcDbLine
 10
-175.7812030401311
 20
225.7922428064181
 30
0.0
 11
-175.7812030401311
 21
227.5422428064181
 31
0.0
  0
LINE
  5
433
330
A
100
AcDbEntity
  8
1.2DRWDWS
  6
Continuous
 48
12.0
370
     0
 62
     3
284
     3
100
AcDbLine
 10
-177.7812030401311
 20
225.7922428064181
 30
0.0
 11
-175.7812030401311
 21
225.7922428064181
 31
0.0
  0
LINE
  5
434
330
A
100
AcDbEntity
  8
1.2DRWDWS
  6
Continuous
 48
12.0
370
     0
 62
     3
284
     3
100
AcDbLine
 10
-177.7812030401311
 20
227.5422428064181
 30
0.0
 11
-175.7812030401311
 21
227.5422428064181
 31
0.0
  0
LINE
  5
435
330
A
100
AcDbEntity
  8
1.2DRWDWS
  6
Continuous
 48
12.0
370
     0
 62
     7
284
     3
100
AcDbLine
 10
-144.3194899079375
 20
223.0998599939181
 30
0.0
 11
-177.7812030401311
 21
223.0998599939181
 31
0.0
  0
LINE
  5
436
330
A
100
AcDbEntity
  8
1.2DRWDWS
  6
Continuous
 48
24.0
370
     0
 62
     3
284
     3
100
AcDbLine
 10
-144.3194899079375
 20
223.0998599939181
 30
0.0
 11
-142.5694899079375
 21
223.0998599939181
 31
0.0
  0
LINE
  5
437
330
A
100
AcDbEntity
  8
1.2DRWDWS
  6
Continuous
 48
24.0
370
     0
 62
     3
284
     3
100
AcDbLine
 10
-144.3194899079375
 20
223.0998599939181
 30
0.0
 11
-144.3194899079375
 21
224.2921207361056
 31
0.0
  0
LINE
  5
438
330
A
100
AcDbEntity
  8
1.2DRWDWS
  6
Continuous
 48
24.0
370
     0
 62
     3
284
     3
100
AcDbLine
 10
-145.0694899079375
 20
225.7921207361056
 30
0.0
 11
-144.3194899079375
 21
225.7921207361056
 31
0.0
  0
LINE
  5
439
330
A
100
AcDbEntity
  8
1.2DRWDWS
  6
Continuous
 48
24.0
370
     0
 62
     3
284
     3
100
AcDbLine
 10
-145.0694899079375
 20
224.2921207361056
 30
0.0
 11
-144.3194899079375
 21
224.2921207361056
 31
0.0
  0
LINE
  5
43A
330
A
100
AcDbEntity
  8
1.2DRWDWS
  6
Continuous
 48
24.0
370
     0
 62
     3
284
     3
100
AcDbLine
 10
-145.0694899079375
 20
224.2921207361056
 30
0.0
 11
-145.0694899079375
 21
225.7921207361056
 31
0.0
  0
LINE
  5
43B
330
A
100
AcDbEntity
  8
1.2DRWDWS
  6
Continuous
 48
24.0
370
     0
 62
     3
284
     3
100
AcDbLine
 10
-177.7812030401311
 20
230.8498599939181
 30
0.0
 11
-181.3699481573186
 21
230.8498599939181
 31
0.0
  0
LINE
  5
43C
330
A
100
AcDbEntity
  8
1.2DRWDWS
  6
Continuous
 48
24.0
370
     0
 62
     3
284
     3
100
AcDbLine
 10
-177.7812030401311
 20
223.0998599939181
 30
0.0
 11
-177.7812030401311
 21
224.2921207361056
 31
0.0
  0
LINE
  5
43D
330
A
100
AcDbEntity
  8
1.2DRWDWS
  6
Continuous
 48
24.0
370
     0
 62
     3
284
     3
100
AcDbLine
 10
-177.7812030401311
 20
225.7921207361056
 30
0.0
 11
-177.7812030401311
 21
230.8498599939181
 31
0.0
  0
LINE
  5
43E
330
A
100
AcDbEntity
  8
1.2DRWDWS
  6
Continuous
 48
24.0
370
     0
 62
     3
284
     3
100
AcDbLine
 10
-177.0312030401311
 20
225.7921207361056
 30
0.0
 11
-177.7812030401311
 21
225.7921207361056
 31
0.0
  0
LINE
  5
43F
330
A
100
AcDbEntity
  8
1.2DRWDWS
  6
Continuous
 48
24.0
370
     0
 62
     3
284
     3
100
AcDbLine
 10
-177.0312030401311
 20
224.2921207361056
 30
0.0
 11
-177.7812030401311
 21
224.2921207361056
 31
0.0
  0
LINE
  5
440
330
A
100
AcDbEntity
  8
1.2DRWDWS
  6
Continuous
 48
24.0
370
     0
 62
     3
284
     3
100
AcDbLine
 10
-177.0312030401311
 20
224.2921207361056
 30
0.0
 11
-177.0312030401311
 21
225.7921207361056
 31
0.0
  0
LINE
  5
441
330
A
100
AcDbEntity
  8
1.2DRWDWS
  6
Continuous
 48
24.0
370
     0
 62
    11
284
     3
100
AcDbLine
 10
-146.3194899079375
 20
225.7922428064181
 30
0.0
 11
-175.7812030401311
 21
225.7922428064181
 31
0.0
  0
LINE
  5
442
330
A
100
AcDbEntity
  8
1.2DRWDWS
  6
Continuous
 48
24.0
370
     0
 62
    11
284
     3
100
AcDbLine
 10
-146.3194899079375
 20
227.5422428064181
 30
0.0
 11
-175.7812030401311
 21
227.5422428064181
 31
0.0
  0
LINE
  5
443
330
A
100
AcDbEntity
  8
1.2DRWDWS
  6
Continuous
 48
12.0
370
     0
 62
     3
284
     3
100
AcDbLine
 10
-139.7687086579375
 20
225.7921817712618
 30
0.0
 11
-139.7687086579375
 21
227.5421817712618
 31
0.0
  0
LINE
  5
444
330
A
100
AcDbEntity
  8
1.2DRWDWS
  6
Continuous
 48
12.0
370
     0
 62
     3
284
     3
100
AcDbLine
 10
-139.7687086579375
 20
225.7921817712618
 30
0.0
 11
-141.7687086579375
 21
225.7921817712618
 31
0.0
  0
LINE
  5
445
330
A
100
AcDbEntity
  8
1.2DRWDWS
  6
Continuous
 48
12.0
370
     0
 62
     3
284
     3
100
AcDbLine
 10
-139.7687086579375
 20
227.5421817712618
 30
0.0
 11
-141.7687086579375
 21
227.5421817712618
 31
0.0
  0
LINE
  5
446
330
A
100
AcDbEntity
  8
1.2DRWDWS
  6
Continuous
 48
12.0
370
     0
 62
     3
284
     3
100
AcDbLine
 10
-139.7687086579375
 20
226.6671817712618
 30
0.0
 11
-109.7982674984
 21
226.6671817712618
 31
0.0
  0
LINE
  5
447
330
A
100
AcDbEntity
  8
1.2DRWDWS
  6
Continuous
 48
12.0
370
     0
 62
     3
284
     3
100
AcDbLine
 10
-109.7982674984
 20
225.7921817712618
 30
0.0
 11
-109.7982674984
 21
227.5421817712618
 31
0.0
  0
LINE
  5
448
330
A
100
AcDbEntity
  8
1.2DRWDWS
  6
Continuous
 48
12.0
370
     0
 62
     3
284
     3
100
AcDbLine
 10
-107.7982674984
 20
225.7921817712618
 30
0.0
 11
-109.7982674984
 21
225.7921817712618
 31
0.0
  0
LINE
  5
449
330
A
100
AcDbEntity
  8
1.2DRWDWS
  6
Continuous
 48
12.0
370
     0
 62
     3
284
     3
100
AcDbLine
 10
-107.7982674984
 20
227.5421817712618
 30
0.0
 11
-109.7982674984
 21
227.5421817712618
 31
0.0
  0
LINE
  5
44A
330
A
100
AcDbEntity
  8
1.2DRWDWS
  6
Continuous
 48
12.0
370
     0
 62
     7
284
     3
100
AcDbLine
 10
-141.7687086579375
 20
223.0998599939181
 30
0.0
 11
-107.7982674984
 21
223.099859993918
 31
0.0
  0
LINE
  5
44B
330
A
100
AcDbEntity
  8
1.2DRWDWS
  6
Continuous
 48
24.0
370
     0
 62
     3
284
     3
100
AcDbLine
 10
-141.7687086579375
 20
223.0998599939181
 30
0.0
 11
-142.5187086579375
 21
223.0998599939181
 31
0.0
  0
LINE
  5
44C
330
A
100
AcDbEntity
  8
1.2DRWDWS
  6
Continuous
 48
24.0
370
     0
 62
     3
284
     3
100
AcDbLine
 10
-141.7687086579375
 20
223.0998599939181
 30
0.0
 11
-141.7687086579375
 21
224.2921817712618
 31
0.0
  0
LINE
  5
44D
330
A
100
AcDbEntity
  8
1.2DRWDWS
  6
Continuous
 48
24.0
370
     0
 62
     3
284
     3
100
AcDbLine
 10
-141.0187086579375
 20
225.7921817712618
 30
0.0
 11
-141.7687086579375
 21
225.7921817712618
 31
0.0
  0
LINE
  5
44E
330
A
100
AcDbEntity
  8
1.2DRWDWS
  6
Continuous
 48
24.0
370
     0
 62
     3
284
     3
100
AcDbLine
 10
-141.0187086579375
 20
224.2921817712618
 30
0.0
 11
-141.7687086579375
 21
224.2921817712618
 31
0.0
  0
LINE
  5
44F
330
A
100
AcDbEntity
  8
1.2DRWDWS
  6
Continuous
 48
24.0
370
     0
 62
     3
284
     3
100
AcDbLine
 10
-141.0187086579375
 20
224.2921817712618
 30
0.0
 11
-141.0187086579375
 21
225.7921817712618
 31
0.0
  0
LINE
  5
450
330
A
100
AcDbEntity
  8
1.2DRWDWS
  6
Continuous
 48
24.0
370
     0
 62
     3
284
     3
100
AcDbLine
 10
-107.7982674984
 20
230.849859993918
 30
0.0
 11
-104.2982674984
 21
230.849859993918
 31
0.0
  0
LINE
  5
451
330
A
100
AcDbEntity
  8
1.2DRWDWS
  6
Continuous
 48
24.0
370
     0
 62
     3
284
     3
100
AcDbLine
 10
-107.7982674984
 20
223.099859993918
 30
0.0
 11
-107.7982674984
 21
224.2921817712618
 31
0.0
  0
LINE
  5
452
330
A
100
AcDbEntity
  8
1.2DRWDWS
  6
Continuous
 48
24.0
370
     0
 62
     3
284
     3
100
AcDbLine
 10
-107.7982674984
 20
225.7921817712618
 30
0.0
 11
-107.7982674984
 21
230.849859993918
 31
0.0
  0
LINE
  5
453
330
A
100
AcDbEntity
  8
1.2DRWDWS
  6
Continuous
 48
24.0
370
     0
 62
     3
284
     3
100
AcDbLine
 10
-108.5482674984
 20
225.7921817712618
 30
0.0
 11
-107.7982674984
 21
225.7921817712618
 31
0.0
  0
LINE
  5
454
330
A
100
AcDbEntity
  8
1.2DRWDWS
  6
Continuous
 48
24.0
370
     0
 62
     3
284
     3
100
AcDbLine
 10
-108.5482674984
 20
224.2921817712618
 30
0.0
 11
-107.7982674984
 21
224.2921817712618
 31
0.0
  0
LINE
  5
455
330
A
100
AcDbEntity
  8
1.2DRWDWS
  6
Continuous
 48
24.0
370
     0
 62
     3
284
     3
100
AcDbLine
 10
-108.5482674984
 20
224.2921817712618
 30
0.0
 11
-108.5482674984
 21
225.7921817712618
 31
0.0
  0
LINE
  5
456
330
A
100
AcDbEntity
  8
1.2DRWDWS
  6
Continuous
 48
12.0
370
     0
 62
     7
284
     3
100
AcDbLine
 10
-181.7136981573186
 20
231.2248599939181
 30
0.0
 11
-103.9545174984
 21
231.224859993918
 31
0.0
  0
LINE
  5
457
330
A
100
AcDbEntity
  8
1.2DRWDWS
  6
Continuous
 48
24.0
370
     0
 62
     7
284
     3
100
AcDbLine
 10
-103.9545174984
 20
231.224859993918
 30
0.0
 11
-103.9545174984
 21
230.224859993918
 31
0.0
  0
LINE
  5
458
330
A
100
AcDbEntity
  8
1.2DRWDWS
  6
Continuous
 48
24.0
370
     0
 62
    11
284
     3
100
AcDbLine
 10
-139.7687086579375
 20
225.7921817712618
 30
0.0
 11
-109.7982674984
 21
225.7921817712618
 31
0.0
  0
LINE
  5
459
330
A
100
AcDbEntity
  8
1.2DRWDWS
  6
Continuous
 48
24.0
370
     0
 62
    11
284
     3
100
AcDbLine
 10
-139.7687086579375
 20
227.5421817712618
 30
0.0
 11
-109.7982674984
 21
227.5421817712618
 31
0.0
  0
LINE
  5
45A
330
A
100
AcDbEntity
  8
1.2DRWDWS
  6
Continuous
 48
24.0
370
     0
 62
     7
284
     3
100
AcDbLine
 10
-181.7136981573186
 20
231.2248599939181
 30
0.0
 11
-181.7136981573186
 21
230.2248599939181
 31
0.0
  0
LINE
  5
45B
330
A
100
AcDbEntity
  8
1.2DRWDWS
  6
Continuous
 48
24.0
370
     0
 62
     3
284
     3
100
AcDbLine
 10
-181.3699481573186
 20
230.8498599939181
 30
0.0
 11
-181.3699481573186
 21
230.2248599939181
 31
0.0
  0
LINE
  5
45C
330
A
100
AcDbEntity
  8
1.2DRWDWS
  6
Continuous
 48
24.0
370
     0
 62
     3
284
     3
100
AcDbLine
 10
-141.7687086579375
 20
225.7921817712618
 30
0.0
 11
-141.7687086579375
 21
230.8498599939181
 31
0.0
  0
LINE
  5
45D
330
A
100
AcDbEntity
  8
1.2DRWDWS
  6
Continuous
 48
24.0
370
     0
 62
     3
284
     3
100
AcDbLine
 10
-144.3194899079375
 20
225.7921207361056
 30
0.0
 11
-144.3194899079375
 21
230.8498599939181
 31
0.0
  0
LINE
  5
45E
330
A
100
AcDbEntity
  8
1.2DRWDWS
  6
Continuous
 48
24.0
370
     0
 62
     3
284
     3
100
AcDbLine
 10
-141.7687086579375
 20
230.8498599939181
 30
0.0
 11
-144.3194899079375
 21
230.8498599939181
 31
0.0
  0
LINE
  5
45F
330
A
100
AcDbEntity
  8
1.2DRWDWS
  6
Continuous
 48
24.0
370
     0
 62
     3
284
     3
100
AcDbLine
 10
-107.7982674984
 20
223.099859993918
 30
0.0
 11
-104.2982674984
 21
223.099859993918
 31
0.0
  0
LINE
  5
460
330
A
100
AcDbEntity
  8
1.2DRWDWS
  6
Continuous
 48
24.0
370
     0
 62
     3
284
     3
100
AcDbLine
 10
-104.2982674984
 20
223.099859993918
 30
0.0
 11
-104.2982674984
 21
223.724859993918
 31
0.0
  0
LINE
  5
461
330
A
100
AcDbEntity
  8
1.2DRWDWS
  6
Continuous
 48
24.0
370
     0
 62
     3
284
     3
100
AcDbLine
 10
-177.7812030401311
 20
223.0998599939181
 30
0.0
 11
-181.3699481573186
 21
223.0998599939181
 31
0.0
  0
LINE
  5
462
330
A
100
AcDbEntity
  8
1.2DRWDWS
  6
Continuous
 48
24.0
370
     0
 62
     3
284
     3
100
AcDbLine
 10
-181.3699481573186
 20
223.0998599939181
 30
0.0
 11
-181.3699481573186
 21
223.7248599939181
 31
0.0
  0
POINT
  5
463
330
A
100
AcDbEntity
  8
1.2DRWDWS
  6
Continuous
370
     0
 62
    51
284
     3
100
AcDbPoint
 10
-106.7982674984003
 20
230.2248599939177
 30
0.0
 50
0.0
  0
LINE
  5
464
330
A
100
AcDbEntity
  8
1.2DRWDWS
  6
Continuous
 48
24.0
370
     0
 62
     3
284
     3
100
AcDbLine
 10
217.8267364501953
 20
208.2248574642202
 30
0.0
 11
217.2017364501953
 21
208.2248574642202
 31
0.0
  0
LINE
  5
465
330
A
100
AcDbEntity
  8
1.2DRWDWS
  6
Continuous
 48
12.0
370
     0
 62
     3
284
     3
100
AcDbLine
 10
212.7691218950922
 20
131.2120888315969
 30
0.0
 11
214.5191218950922
 21
131.2120888315969
 31
0.0
  0
LINE
  5
466
330
A
100
AcDbEntity
  8
1.2DRWDWS
  6
Continuous
 48
12.0
370
     0
 62
     3
284
     3
100
AcDbLine
 10
212.7691218950922
 20
131.2120888315969
 30
0.0
 11
212.7691218950922
 21
133.2120888315969
 31
0.0
  0
LINE
  5
467
330
A
100
AcDbEntity
  8
1.2DRWDWS
  6
Continuous
 48
12.0
370
     0
 62
     3
284
     3
100
AcDbLine
 10
214.5191218950922
 20
131.2120888315969
 30
0.0
 11
214.5191218950922
 21
133.2120888315969
 31
0.0
  0
LINE
  5
468
330
A
100
AcDbEntity
  8
1.2DRWDWS
  6
Continuous
 48
12.0
370
     0
 62
     3
284
     3
100
AcDbLine
 10
213.6441218950922
 20
131.2120888315969
 30
0.0
 11
213.6441232112907
 21
101.6875770738789
 31
0.0
  0
LINE
  5
469
330
A
100
AcDbEntity
  8
1.2DRWDWS
  6
Continuous
 48
12.0
370
     0
 62
     3
284
     3
100
AcDbLine
 10
212.7691232112907
 20
101.6875770738789
 30
0.0
 11
214.5191232112907
 21
101.6875770738789
 31
0.0
  0
LINE
  5
46A
330
A
100
AcDbEntity
  8
1.2DRWDWS
  6
Continuous
 48
12.0
370
     0
 62
     3
284
     3
100
AcDbLine
 10
212.7691232112907
 20
99.68757707387893
 30
0.0
 11
212.7691232112907
 21
101.6875770738789
 31
0.0
  0
LINE
  5
46B
330
A
100
AcDbEntity
  8
1.2DRWDWS
  6
Continuous
 48
12.0
370
     0
 62
     3
284
     3
100
AcDbLine
 10
214.5191232112907
 20
99.68757707387893
 30
0.0
 11
214.5191232112907
 21
101.6875770738789
 31
0.0
  0
LINE
  5
46C
330
A
100
AcDbEntity
  8
1.2DRWDWS
  6
Continuous
 48
12.0
370
     0
 62
     7
284
     3
100
AcDbLine
 10
210.0767390825922
 20
133.2120888315969
 30
0.0
 11
210.0767403987907
 21
99.68757707387893
 31
0.0
  0
LINE
  5
46D
330
A
100
AcDbEntity
  8
1.2DRWDWS
  6
Continuous
 48
24.0
370
     0
 62
     3
284
     3
100
AcDbLine
 10
210.0767390825922
 20
133.2120888315969
 30
0.0
 11
210.0767390825922
 21
134.9620888315969
 31
0.0
  0
LINE
  5
46E
330
A
100
AcDbEntity
  8
1.2DRWDWS
  6
Continuous
 48
24.0
370
     0
 62
     3
284
     3
100
AcDbLine
 10
210.0767390825922
 20
133.2120888315969
 30
0.0
 11
211.2689998247797
 21
133.2120888315969
 31
0.0
  0
LINE
  5
46F
330
A
100
AcDbEntity
  8
1.2DRWDWS
  6
Continuous
 48
24.0
370
     0
 62
     3
284
     3
100
AcDbLine
 10
212.7689998247797
 20
132.4620888315969
 30
0.0
 11
212.7689998247797
 21
133.2120888315969
 31
0.0
  0
LINE
  5
470
330
A
100
AcDbEntity
  8
1.2DRWDWS
  6
Continuous
 48
24.0
370
     0
 62
     3
284
     3
100
AcDbLine
 10
211.2689998247797
 20
132.4620888315969
 30
0.0
 11
211.2689998247797
 21
133.2120888315969
 31
0.0
  0
LINE
  5
471
330
A
100
AcDbEntity
  8
1.2DRWDWS
  6
Continuous
 48
24.0
370
     0
 62
     3
284
     3
100
AcDbLine
 10
211.2689998247797
 20
132.4620888315969
 30
0.0
 11
212.7689998247797
 21
132.4620888315969
 31
0.0
  0
LINE
  5
472
330
A
100
AcDbEntity
  8
1.2DRWDWS
  6
Continuous
 48
24.0
370
     0
 62
     3
284
     3
100
AcDbLine
 10
217.8267403987907
 20
99.68757707387893
 30
0.0
 11
217.8267403987907
 21
96.09883195669143
 31
0.0
  0
LINE
  5
473
330
A
100
AcDbEntity
  8
1.2DRWDWS
  6
Continuous
 48
24.0
370
     0
 62
     3
284
     3
100
AcDbLine
 10
210.0767403987907
 20
99.68757707387893
 30
0.0
 11
211.2690011409782
 21
99.68757707387893
 31
0.0
  0
LINE
  5
474
330
A
100
AcDbEntity
  8
1.2DRWDWS
  6
Continuous
 48
24.0
370
     0
 62
     3
284
     3
100
AcDbLine
 10
212.7690011409782
 20
99.68757707387893
 30
0.0
 11
217.8267403987907
 21
99.68757707387893
 31
0.0
  0
LINE
  5
475
330
A
100
AcDbEntity
  8
1.2DRWDWS
  6
Continuous
 48
24.0
370
     0
 62
     3
284
     3
100
AcDbLine
 10
212.7690011409782
 20
100.4375770738789
 30
0.0
 11
212.7690011409782
 21
99.68757707387893
 31
0.0
  0
LINE
  5
476
330
A
100
AcDbEntity
  8
1.2DRWDWS
  6
Continuous
 48
24.0
370
     0
 62
     3
284
     3
100
AcDbLine
 10
211.2690011409782
 20
100.4375770738789
 30
0.0
 11
211.2690011409782
 21
99.68757707387893
 31
0.0
  0
LINE
  5
477
330
A
100
AcDbEntity
  8
1.2DRWDWS
  6
Continuous
 48
24.0
370
     0
 62
     3
284
     3
100
AcDbLine
 10
211.2690011409782
 20
100.4375770738789
 30
0.0
 11
212.7690011409782
 21
100.4375770738789
 31
0.0
  0
LINE
  5
478
330
A
100
AcDbEntity
  8
1.2DRWDWS
  6
Continuous
 48
24.0
370
     0
 62
    11
284
     3
100
AcDbLine
 10
212.7691218950922
 20
131.2120888315969
 30
0.0
 11
212.7691232112907
 21
101.6875770738789
 31
0.0
  0
LINE
  5
479
330
A
100
AcDbEntity
  8
1.2DRWDWS
  6
Continuous
 48
24.0
370
     0
 62
    11
284
     3
100
AcDbLine
 10
214.5191218950922
 20
131.2120888315969
 30
0.0
 11
214.5191232112907
 21
101.6875770738789
 31
0.0
  0
LINE
  5
47A
330
A
100
AcDbEntity
  8
1.2DRWDWS
  6
Continuous
 48
12.0
370
     0
 62
     3
284
     3
100
AcDbLine
 10
212.769060859936
 20
137.7628700815969
 30
0.0
 11
214.519060859936
 21
137.7628700815969
 31
0.0
  0
LINE
  5
47B
330
A
100
AcDbEntity
  8
1.2DRWDWS
  6
Continuous
 48
12.0
370
     0
 62
     3
284
     3
100
AcDbLine
 10
212.769060859936
 20
137.7628700815969
 30
0.0
 11
212.769060859936
 21
135.7628700815969
 31
0.0
  0
LINE
  5
47C
330
A
100
AcDbEntity
  8
1.2DRWDWS
  6
Continuous
 48
12.0
370
     0
 62
     3
284
     3
100
AcDbLine
 10
214.519060859936
 20
137.7628700815969
 30
0.0
 11
214.519060859936
 21
135.7628700815969
 31
0.0
  0
LINE
  5
47D
330
A
100
AcDbEntity
  8
1.2DRWDWS
  6
Continuous
 48
12.0
370
     0
 62
     3
284
     3
100
AcDbLine
 10
213.644060859936
 20
137.7628700815969
 30
0.0
 11
213.6440596929822
 21
166.5608193393147
 31
0.0
  0
LINE
  5
47E
330
A
100
AcDbEntity
  8
1.2DRWDWS
  6
Continuous
 48
12.0
370
     0
 62
     3
284
     3
100
AcDbLine
 10
213.6440594275307
 20
173.1116005883205
 30
0.0
 11
213.6440582275391
 21
202.7248574642202
 31
0.0
  0
LINE
  5
47F
330
A
100
AcDbEntity
  8
1.2DRWDWS
  6
Continuous
 48
12.0
370
     0
 62
     3
284
     3
100
AcDbLine
 10
212.7690582275391
 20
202.7248574642202
 30
0.0
 11
214.5190582275391
 21
202.7248574642202
 31
0.0
  0
LINE
  5
480
330
A
100
AcDbEntity
  8
1.2DRWDWS
  6
Continuous
 48
12.0
370
     0
 62
     3
284
     3
100
AcDbLine
 10
212.7690582275391
 20
204.7248574642202
 30
0.0
 11
212.7690582275391
 21
202.7248574642202
 31
0.0
  0
LINE
  5
481
330
A
100
AcDbEntity
  8
1.2DRWDWS
  6
Continuous
 48
12.0
370
     0
 62
     3
284
     3
100
AcDbLine
 10
214.5190582275391
 20
204.7248574642202
 30
0.0
 11
214.5190582275391
 21
202.7248574642202
 31
0.0
  0
LINE
  5
482
330
A
100
AcDbEntity
  8
1.2DRWDWS
  6
Continuous
 48
12.0
370
     0
 62
     7
284
     3
100
AcDbLine
 10
210.0767390825922
 20
135.7628700815969
 30
0.0
 11
210.0767364501953
 21
204.7248574642202
 31
0.0
  0
LINE
  5
483
330
A
100
AcDbEntity
  8
1.2DRWDWS
  6
Continuous
 48
24.0
370
     0
 62
     3
284
     3
100
AcDbLine
 10
210.0767390825922
 20
135.7628700815969
 30
0.0
 11
210.0767390825922
 21
135.0128700815969
 31
0.0
  0
LINE
  5
484
330
A
100
AcDbEntity
  8
1.2DRWDWS
  6
Continuous
 48
24.0
370
     0
 62
     3
284
     3
100
AcDbLine
 10
210.0767390825922
 20
135.7628700815969
 30
0.0
 11
211.269060859936
 21
135.7628700815969
 31
0.0
  0
LINE
  5
485
330
A
100
AcDbEntity
  8
1.2DRWDWS
  6
Continuous
 48
24.0
370
     0
 62
     3
284
     3
100
AcDbLine
 10
212.769060859936
 20
136.5128700815969
 30
0.0
 11
212.769060859936
 21
135.7628700815969
 31
0.0
  0
LINE
  5
486
330
A
100
AcDbEntity
  8
1.2DRWDWS
  6
Continuous
 48
24.0
370
     0
 62
     3
284
     3
100
AcDbLine
 10
211.269060859936
 20
136.5128700815969
 30
0.0
 11
211.269060859936
 21
135.7628700815969
 31
0.0
  0
LINE
  5
487
330
A
100
AcDbEntity
  8
1.2DRWDWS
  6
Continuous
 48
24.0
370
     0
 62
     3
284
     3
100
AcDbLine
 10
211.269060859936
 20
136.5128700815969
 30
0.0
 11
212.769060859936
 21
136.5128700815969
 31
0.0
  0
LINE
  5
488
330
A
100
AcDbEntity
  8
1.2DRWDWS
  6
Continuous
 48
24.0
370
     0
 62
     3
284
     3
100
AcDbLine
 10
217.8267364501953
 20
204.7248574642202
 30
0.0
 11
217.8267364501953
 21
208.2248574642202
 31
0.0
  0
LINE
  5
489
330
A
100
AcDbEntity
  8
1.2DRWDWS
  6
Continuous
 48
24.0
370
     0
 62
     3
284
     3
100
AcDbLine
 10
210.0767364501953
 20
204.7248574642202
 30
0.0
 11
211.2690582275391
 21
204.7248574642202
 31
0.0
  0
LINE
  5
48A
330
A
100
AcDbEntity
  8
1.2DRWDWS
  6
Continuous
 48
24.0
370
     0
 62
     3
284
     3
100
AcDbLine
 10
212.7690582275391
 20
204.7248574642202
 30
0.0
 11
217.8267364501953
 21
204.7248574642202
 31
0.0
  0
LINE
  5
48B
330
A
100
AcDbEntity
  8
1.2DRWDWS
  6
Continuous
 48
24.0
370
     0
 62
     3
284
     3
100
AcDbLine
 10
212.7690582275391
 20
203.9748574642202
 30
0.0
 11
212.7690582275391
 21
204.7248574642202
 31
0.0
  0
LINE
  5
48C
330
A
100
AcDbEntity
  8
1.2DRWDWS
  6
Continuous
 48
24.0
370
     0
 62
     3
284
     3
100
AcDbLine
 10
211.2690582275391
 20
203.9748574642202
 30
0.0
 11
211.2690582275391
 21
204.7248574642202
 31
0.0
  0
LINE
  5
48D
330
A
100
AcDbEntity
  8
1.2DRWDWS
  6
Continuous
 48
24.0
370
     0
 62
     3
284
     3
100
AcDbLine
 10
211.2690582275391
 20
203.9748574642202
 30
0.0
 11
212.7690582275391
 21
203.9748574642202
 31
0.0
  0
LINE
  5
48E
330
A
100
AcDbEntity
  8
1.2DRWDWS
  6
Continuous
 48
12.0
370
     0
 62
     7
284
     3
100
AcDbLine
 10
218.2017403987907
 20
95.75508195669143
 30
0.0
 11
218.2017364501953
 21
208.5686074642202
 31
0.0
  0
LINE
  5
48F
330
A
100
AcDbEntity
  8
1.2DRWDWS
  6
Continuous
 48
24.0
370
     0
 62
     7
284
     3
100
AcDbLine
 10
218.2017364501953
 20
208.5686074642202
 30
0.0
 11
217.2017364501953
 21
208.5686074642202
 31
0.0
  0
LINE
  5
490
330
A
100
AcDbEntity
  8
1.2DRWDWS
  6
Continuous
 48
24.0
370
     0
 62
    11
284
     3
100
AcDbLine
 10
212.769060859936
 20
137.7628700815969
 30
0.0
 11
212.7690596929822
 21
166.5608193393147
 31
0.0
  0
LINE
  5
491
330
A
100
AcDbEntity
  8
1.2DRWDWS
  6
Continuous
 48
24.0
370
     0
 62
    11
284
     3
100
AcDbLine
 10
212.7690594275307
 20
173.1116005893122
 30
0.0
 11
212.7690582275391
 21
202.7248574642202
 31
0.0
  0
LINE
  5
492
330
A
100
AcDbEntity
  8
1.2DRWDWS
  6
Continuous
 48
24.0
370
     0
 62
    11
284
     3
100
AcDbLine
 10
214.519060859936
 20
137.7628700815969
 30
0.0
 11
214.5190596929822
 21
166.5608193393147
 31
0.0
  0
LINE
  5
493
330
A
100
AcDbEntity
  8
1.2DRWDWS
  6
Continuous
 48
24.0
370
     0
 62
    11
284
     3
100
AcDbLine
 10
214.5190594275307
 20
173.1116005893147
 30
0.0
 11
214.5190582275391
 21
202.7248574642202
 31
0.0
  0
LINE
  5
494
330
A
100
AcDbEntity
  8
1.2DRWDWS
  6
Continuous
 48
24.0
370
     0
 62
     7
284
     3
100
AcDbLine
 10
218.2017403987907
 20
95.75508195669143
 30
0.0
 11
217.2017403987907
 21
95.75508195669143
 31
0.0
  0
LINE
  5
495
330
A
100
AcDbEntity
  8
1.2DRWDWS
  6
Continuous
 48
24.0
370
     0
 62
     3
284
     3
100
AcDbLine
 10
217.8267403987907
 20
96.09883195669143
 30
0.0
 11
217.2017403987907
 21
96.09883195669143
 31
0.0
  0
LINE
  5
496
330
A
100
AcDbEntity
  8
1.2DRWDWS
  6
Continuous
 48
24.0
370
     0
 62
     3
284
     3
100
AcDbLine
 10
212.769060859936
 20
135.7628700815969
 30
0.0
 11
217.8267390825922
 21
135.7628700815969
 31
0.0
  0
LINE
  5
497
330
A
100
AcDbEntity
  8
1.2DRWDWS
  6
Continuous
 48
24.0
370
     0
 62
     3
284
     3
100
AcDbLine
 10
212.7689998247797
 20
133.2120888315969
 30
0.0
 11
217.8267390825922
 21
133.2120888315969
 31
0.0
  0
LINE
  5
498
330
A
100
AcDbEntity
  8
1.2DRWDWS
  6
Continuous
 48
24.0
370
     0
 62
     3
284
     3
100
AcDbLine
 10
217.8267390825922
 20
135.7628700815969
 30
0.0
 11
217.8267390825922
 21
133.2120888315969
 31
0.0
  0
LINE
  5
499
330
A
100
AcDbEntity
  8
1.2DRWDWS
  6
Continuous
 48
24.0
370
     0
 62
     3
284
     3
100
AcDbLine
 10
210.0767364501953
 20
204.7248574642202
 30
0.0
 11
210.0767364501953
 21
208.2248574642202
 31
0.0
  0
LINE
  5
49A
330
A
100
AcDbEntity
  8
1.2DRWDWS
  6
Continuous
 48
24.0
370
     0
 62
     3
284
     3
100
AcDbLine
 10
210.0767364501953
 20
208.2248574642202
 30
0.0
 11
210.7017364501953
 21
208.2248574642202
 31
0.0
  0
LINE
  5
49B
330
A
100
AcDbEntity
  8
1.2DRWDWS
  6
Continuous
 48
24.0
370
     0
 62
     3
284
     3
100
AcDbLine
 10
210.0767403987907
 20
99.68757707387893
 30
0.0
 11
210.0767403987907
 21
96.09883195669143
 31
0.0
  0
LINE
  5
49C
330
A
100
AcDbEntity
  8
1.2DRWDWS
  6
Continuous
 48
24.0
370
     0
 62
     3
284
     3
100
AcDbLine
 10
210.0767403987907
 20
96.09883195669143
 30
0.0
 11
210.7017403987907
 21
96.09883195669143
 31
0.0
  0
POINT
  5
49D
330
A
100
AcDbEntity
  8
1.2DRWDWS
  6
Continuous
370
     0
 62
    51
284
     3
100
AcDbPoint
 10
217.2017364501953
 20
205.7248574642203
 30
0.0
 50
0.0
  0
POINT
  5
49E
330
A
100
AcDbEntity
  8
1.2DRWDWS
  6
Continuous
 48
12.0
370
     0
 62
     3
284
     3
100
AcDbPoint
 10
210.0767390825922
 20
134.0870888315969
 30
0.0
 50
0.0
  0
POINT
  5
49F
330
A
100
AcDbEntity
  8
1.2DRWDWS
  6
Continuous
 48
12.0
370
     0
 62
     3
284
     3
100
AcDbPoint
 10
210.0767377663938
 20
170.2809731479085
 30
0.0
 50
0.0
  0
LINE
  5
4A0
330
A
100
AcDbEntity
  8
1.2DRWDWS
  6
Continuous
 48
12.0
370
     0
 62
     3
284
     3
100
AcDbLine
 10
212.7691218950922
 20
173.1116005893147
 30
0.0
 11
214.5191218950922
 21
173.1116005893147
 31
0.0
  0
LINE
  5
4A1
330
A
100
AcDbEntity
  8
1.2DRWDWS
  6
Continuous
 48
12.0
370
     0
 62
     3
284
     3
100
AcDbLine
 10
212.7691218950922
 20
173.1116005893147
 30
0.0
 11
212.7691218950922
 21
171.1116005893147
 31
0.0
  0
LINE
  5
4A2
330
A
100
AcDbEntity
  8
1.2DRWDWS
  6
Continuous
 48
12.0
370
     0
 62
     3
284
     3
100
AcDbLine
 10
214.5191218950922
 20
173.1116005893147
 30
0.0
 11
214.5191218950922
 21
171.1116005893147
 31
0.0
  0
LINE
  5
4A3
330
A
100
AcDbEntity
  8
1.2DRWDWS
  6
Continuous
 48
24.0
370
     0
 62
     3
284
     3
100
AcDbLine
 10
210.0767390825922
 20
171.1116005893147
 30
0.0
 11
210.0767390825922
 21
169.3616005893147
 31
0.0
  0
LINE
  5
4A4
330
A
100
AcDbEntity
  8
1.2DRWDWS
  6
Continuous
 48
24.0
370
     0
 62
     3
284
     3
100
AcDbLine
 10
210.0767390825922
 20
171.1116005893147
 30
0.0
 11
211.2689998247797
 21
171.1116005893147
 31
0.0
  0
LINE
  5
4A5
330
A
100
AcDbEntity
  8
1.2DRWDWS
  6
Continuous
 48
24.0
370
     0
 62
     3
284
     3
100
AcDbLine
 10
212.7689998247797
 20
171.8616005893147
 30
0.0
 11
212.7689998247797
 21
171.1116005893147
 31
0.0
  0
LINE
  5
4A6
330
A
100
AcDbEntity
  8
1.2DRWDWS
  6
Continuous
 48
24.0
370
     0
 62
     3
284
     3
100
AcDbLine
 10
211.2689998247797
 20
171.8616005893147
 30
0.0
 11
211.2689998247797
 21
171.1116005893147
 31
0.0
  0
LINE
  5
4A7
330
A
100
AcDbEntity
  8
1.2DRWDWS
  6
Continuous
 48
24.0
370
     0
 62
     3
284
     3
100
AcDbLine
 10
211.2689998247797
 20
171.8616005893147
 30
0.0
 11
212.7689998247797
 21
171.8616005893147
 31
0.0
  0
LINE
  5
4A8
330
A
100
AcDbEntity
  8
1.2DRWDWS
  6
Continuous
 48
12.0
370
     0
 62
     3
284
     3
100
AcDbLine
 10
212.769060859936
 20
166.5608193393147
 30
0.0
 11
214.519060859936
 21
166.5608193393147
 31
0.0
  0
LINE
  5
4A9
330
A
100
AcDbEntity
  8
1.2DRWDWS
  6
Continuous
 48
12.0
370
     0
 62
     3
284
     3
100
AcDbLine
 10
212.769060859936
 20
166.5608193393147
 30
0.0
 11
212.769060859936
 21
168.5608193393147
 31
0.0
  0
LINE
  5
4AA
330
A
100
AcDbEntity
  8
1.2DRWDWS
  6
Continuous
 48
12.0
370
     0
 62
     3
284
     3
100
AcDbLine
 10
214.519060859936
 20
166.5608193393147
 30
0.0
 11
214.519060859936
 21
168.5608193393147
 31
0.0
  0
LINE
  5
4AB
330
A
100
AcDbEntity
  8
1.2DRWDWS
  6
Continuous
 48
24.0
370
     0
 62
     3
284
     3
100
AcDbLine
 10
210.0767390825922
 20
168.5608193393147
 30
0.0
 11
210.0767390825922
 21
169.3108193393147
 31
0.0
  0
LINE
  5
4AC
330
A
100
AcDbEntity
  8
1.2DRWDWS
  6
Continuous
 48
24.0
370
     0
 62
     3
284
     3
100
AcDbLine
 10
210.0767390825922
 20
168.5608193393147
 30
0.0
 11
211.269060859936
 21
168.5608193393147
 31
0.0
  0
LINE
  5
4AD
330
A
100
AcDbEntity
  8
1.2DRWDWS
  6
Continuous
 48
24.0
370
     0
 62
     3
284
     3
100
AcDbLine
 10
212.769060859936
 20
167.8108193393147
 30
0.0
 11
212.769060859936
 21
168.5608193393147
 31
0.0
  0
LINE
  5
4AE
330
A
100
AcDbEntity
  8
1.2DRWDWS
  6
Continuous
 48
24.0
370
     0
 62
     3
284
     3
100
AcDbLine
 10
211.269060859936
 20
167.8108193393147
 30
0.0
 11
211.269060859936
 21
168.5608193393147
 31
0.0
  0
LINE
  5
4AF
330
A
100
AcDbEntity
  8
1.2DRWDWS
  6
Continuous
 48
24.0
370
     0
 62
     3
284
     3
100
AcDbLine
 10
211.269060859936
 20
167.8108193393147
 30
0.0
 11
212.769060859936
 21
167.8108193393147
 31
0.0
  0
LINE
  5
4B0
330
A
100
AcDbEntity
  8
1.2DRWDWS
  6
Continuous
 48
24.0
370
     0
 62
     3
284
     3
100
AcDbLine
 10
212.769060859936
 20
168.5608193393147
 30
0.0
 11
217.8267390825922
 21
168.5608193393147
 31
0.0
  0
LINE
  5
4B1
330
A
100
AcDbEntity
  8
1.2DRWDWS
  6
Continuous
 48
24.0
370
     0
 62
     3
284
     3
100
AcDbLine
 10
212.7689998247797
 20
171.1116005893147
 30
0.0
 11
217.8267390825922
 21
171.1116005893147
 31
0.0
  0
LINE
  5
4B2
330
A
100
AcDbEntity
  8
1.2DRWDWS
  6
Continuous
 48
24.0
370
     0
 62
     3
284
     3
100
AcDbLine
 10
217.8267390825922
 20
168.5608193393147
 30
0.0
 11
217.8267390825922
 21
171.1116005893147
 31
0.0
  0
POINT
  5
4B3
330
A
100
AcDbEntity
  8
1.2DRWDWS
  6
Continuous
 48
12.0
370
     0
 62
     3
284
     3
100
AcDbPoint
 10
210.0767390825922
 20
170.2366005893147
 30
0.0
 50
0.0
  0
LINE
  5
4B4
330
A
100
AcDbEntity
  8
1.2DRWDWS
  6
Continuous
 48
12.0
370
     0
 62
     3
284
     3
100
AcDbLine
 10
202.9220110296104
 20
226.5993499755859
 30
0.0
 11
202.9220110296104
 21
228.3493499755859
 31
0.0
  0
LINE
  5
4B5
330
A
100
AcDbEntity
  8
1.2DRWDWS
  6
Continuous
 48
12.0
370
     0
 62
     3
284
     3
100
AcDbLine
 10
202.9220110296104
 20
226.5993499755859
 30
0.0
 11
204.9220110296104
 21
226.5993499755859
 31
0.0
  0
LINE
  5
4B6
330
A
100
AcDbEntity
  8
1.2DRWDWS
  6
Continuous
 48
12.0
370
     0
 62
     3
284
     3
100
AcDbLine
 10
202.9220110296104
 20
228.3493499755859
 30
0.0
 11
204.9220110296104
 21
228.3493499755859
 31
0.0
  0
LINE
  5
4B7
330
A
100
AcDbEntity
  8
1.2DRWDWS
  6
Continuous
 48
12.0
370
     0
 62
     3
284
     3
100
AcDbLine
 10
202.9220110296104
 20
227.4743499755859
 30
0.0
 11
171.7017440795898
 21
227.4743499755859
 31
0.0
  0
LINE
  5
4B8
330
A
100
AcDbEntity
  8
1.2DRWDWS
  6
Continuous
 48
12.0
370
     0
 62
     3
284
     3
100
AcDbLine
 10
171.7017440795898
 20
226.5993499755859
 30
0.0
 11
171.7017288208008
 21
228.3493499755859
 31
0.0
  0
LINE
  5
4B9
330
A
100
AcDbEntity
  8
1.2DRWDWS
  6
Continuous
 48
12.0
370
     0
 62
     3
284
     3
100
AcDbLine
 10
169.7017440795898
 20
226.5993499755859
 30
0.0
 11
171.7017440795898
 21
226.5993499755859
 31
0.0
  0
LINE
  5
4BA
330
A
100
AcDbEntity
  8
1.2DRWDWS
  6
Continuous
 48
12.0
370
     0
 62
     3
284
     3
100
AcDbLine
 10
169.7017440795898
 20
228.3493499755859
 30
0.0
 11
171.7017288208008
 21
228.3493499755859
 31
0.0
  0
LINE
  5
4BB
330
A
100
AcDbEntity
  8
1.2DRWDWS
  6
Continuous
 48
12.0
370
     0
 62
     7
284
     3
100
AcDbLine
 10
204.9220262883995
 20
223.0997924804688
 30
0.0
 11
169.7017440795898
 21
223.0997924804688
 31
0.0
  0
LINE
  5
4BC
330
A
100
AcDbEntity
  8
1.2DRWDWS
  6
Continuous
 48
24.0
370
     0
 62
     3
284
     3
100
AcDbLine
 10
204.9220110296104
 20
230.8497772216797
 30
0.0
 11
208.4220110296104
 21
230.8497772216797
 31
0.0
  0
LINE
  5
4BD
330
A
100
AcDbEntity
  8
1.2DRWDWS
  6
Continuous
 48
24.0
370
     0
 62
     3
284
     3
100
AcDbLine
 10
208.4220110296104
 20
230.8497772216797
 30
0.0
 11
208.4220110296104
 21
230.2247772216797
 31
0.0
  0
LINE
  5
4BE
330
A
100
AcDbEntity
  8
1.2DRWDWS
  6
Continuous
 48
24.0
370
     0
 62
     3
284
     3
100
AcDbLine
 10
204.9220262883995
 20
223.0997924804688
 30
0.0
 11
208.4220110296104
 21
223.0997924804688
 31
0.0
  0
LINE
  5
4BF
330
A
100
AcDbEntity
  8
1.2DRWDWS
  6
Continuous
 48
24.0
370
     0
 62
     3
284
     3
100
AcDbLine
 10
208.4220110296104
 20
223.0997924804688
 30
0.0
 11
208.4220262883995
 21
223.724853515625
 31
0.0
  0
LINE
  5
4C0
330
A
100
AcDbEntity
  8
1.2DRWDWS
  6
Continuous
 48
24.0
370
     0
 62
     3
284
     3
100
AcDbLine
 10
204.9220262883995
 20
223.0997924804688
 30
0.0
 11
204.9220110296104
 21
225.0993499755859
 31
0.0
  0
LINE
  5
4C1
330
A
100
AcDbEntity
  8
1.2DRWDWS
  6
Continuous
 48
24.0
370
     0
 62
     3
284
     3
100
AcDbLine
 10
204.9220110296104
 20
226.5993499755859
 30
0.0
 11
204.9220110296104
 21
230.8497772216797
 31
0.0
  0
LINE
  5
4C2
330
A
100
AcDbEntity
  8
1.2DRWDWS
  6
Continuous
 48
24.0
370
     0
 62
     3
284
     3
100
AcDbLine
 10
204.1720110296104
 20
226.5993499755859
 30
0.0
 11
204.9220110296104
 21
226.5993499755859
 31
0.0
  0
LINE
  5
4C3
330
A
100
AcDbEntity
  8
1.2DRWDWS
  6
Continuous
 48
24.0
370
     0
 62
     3
284
     3
100
AcDbLine
 10
204.1720110296104
 20
225.0993499755859
 30
0.0
 11
204.9220110296104
 21
225.0993499755859
 31
0.0
  0
LINE
  5
4C4
330
A
100
AcDbEntity
  8
1.2DRWDWS
  6
Continuous
 48
24.0
370
     0
 62
     3
284
     3
100
AcDbLine
 10
204.1720110296104
 20
225.0993499755859
 30
0.0
 11
204.1720110296104
 21
226.5993499755859
 31
0.0
  0
LINE
  5
4C5
330
A
100
AcDbEntity
  8
1.2DRWDWS
  6
Continuous
 48
24.0
370
     0
 62
     3
284
     3
100
AcDbLine
 10
169.7017288208008
 20
230.8497772216797
 30
0.0
 11
166.2017288208008
 21
230.8497772216797
 31
0.0
  0
LINE
  5
4C6
330
A
100
AcDbEntity
  8
1.2DRWDWS
  6
Continuous
 48
24.0
370
     0
 62
     3
284
     3
100
AcDbLine
 10
166.2017288208008
 20
230.8497772216797
 30
0.0
 11
166.2017288208008
 21
230.2247772216797
 31
0.0
  0
LINE
  5
4C7
330
A
100
AcDbEntity
  8
1.2DRWDWS
  6
Continuous
 48
24.0
370
     0
 62
     3
284
     3
100
AcDbLine
 10
169.7017440795898
 20
223.0997924804688
 30
0.0
 11
166.2017440795898
 21
223.0997924804688
 31
0.0
  0
LINE
  5
4C8
330
A
100
AcDbEntity
  8
1.2DRWDWS
  6
Continuous
 48
24.0
370
     0
 62
     3
284
     3
100
AcDbLine
 10
166.2017440795898
 20
223.0997924804688
 30
0.0
 11
166.2017440795898
 21
223.724853515625
 31
0.0
  0
LINE
  5
4C9
330
A
100
AcDbEntity
  8
1.2DRWDWS
  6
Continuous
 48
24.0
370
     0
 62
     3
284
     3
100
AcDbLine
 10
169.7017440795898
 20
223.0997924804688
 30
0.0
 11
169.7017440795898
 21
225.0993499755859
 31
0.0
  0
LINE
  5
4CA
330
A
100
AcDbEntity
  8
1.2DRWDWS
  6
Continuous
 48
24.0
370
     0
 62
     3
284
     3
100
AcDbLine
 10
169.7017440795898
 20
226.5993499755859
 30
0.0
 11
169.7017288208008
 21
230.8497772216797
 31
0.0
  0
LINE
  5
4CB
330
A
100
AcDbEntity
  8
1.2DRWDWS
  6
Continuous
 48
24.0
370
     0
 62
     3
284
     3
100
AcDbLine
 10
170.4517440795898
 20
226.5993499755859
 30
0.0
 11
169.7017440795898
 21
226.5993499755859
 31
0.0
  0
LINE
  5
4CC
330
A
100
AcDbEntity
  8
1.2DRWDWS
  6
Continuous
 48
24.0
370
     0
 62
     3
284
     3
100
AcDbLine
 10
170.4517440795898
 20
225.0993499755859
 30
0.0
 11
169.7017440795898
 21
225.0993499755859
 31
0.0
  0
LINE
  5
4CD
330
A
100
AcDbEntity
  8
1.2DRWDWS
  6
Continuous
 48
24.0
370
     0
 62
     3
284
     3
100
AcDbLine
 10
170.4517440795898
 20
225.0993499755859
 30
0.0
 11
170.4517440795898
 21
226.5993499755859
 31
0.0
  0
LINE
  5
4CE
330
A
100
AcDbEntity
  8
1.2DRWDWS
  6
Continuous
 48
24.0
370
     0
 62
     7
284
     3
100
AcDbLine
 10
209.1720110296104
 20
231.2247772216797
 30
0.0
 11
209.1720110296104
 21
230.2247772216797
 31
0.0
  0
LINE
  5
4CF
330
A
100
AcDbEntity
  8
1.2DRWDWS
  6
Continuous
 48
12.0
370
     0
 62
     7
284
     3
100
AcDbLine
 10
209.1720110296104
 20
231.2247772216797
 30
0.0
 11
165.4517288208008
 21
231.2247772216797
 31
0.0
  0
LINE
  5
4D0
330
A
100
AcDbEntity
  8
1.2DRWDWS
  6
Continuous
 48
24.0
370
     0
 62
     7
284
     3
100
AcDbLine
 10
165.4517288208008
 20
231.2247772216797
 30
0.0
 11
165.4517288208008
 21
230.2247772216797
 31
0.0
  0
LINE
  5
4D1
330
A
100
AcDbEntity
  8
1.2DRWDWS
  6
Continuous
 48
24.0
370
     0
 62
    11
284
     3
100
AcDbLine
 10
202.9220110296104
 20
226.5993499755859
 30
0.0
 11
171.7017440795898
 21
226.5993499755859
 31
0.0
  0
LINE
  5
4D2
330
A
100
AcDbEntity
  8
1.2DRWDWS
  6
Continuous
 48
24.0
370
     0
 62
    11
284
     3
100
AcDbLine
 10
202.9220110296104
 20
228.3493499755859
 30
0.0
 11
171.7017288208008
 21
228.3493499755859
 31
0.0
  0
POINT
  5
4D3
330
A
100
AcDbEntity
  8
1.2DRWDWS
  6
Continuous
370
     0
 62
    51
284
     3
100
AcDbPoint
 10
168.7017364501953
 20
230.224853515625
 30
0.0
 50
0.0
  0
LINE
  5
4D4
330
A
100
AcDbEntity
  8
1.2DRWDWS
  6
Continuous
 48
12.0
370
     0
 62
     3
284
     3
100
AcDbLine
 10
51.48146187078027
 20
226.5993499755859
 30
0.0
 11
51.48146187078027
 21
228.3493499755859
 31
0.0
  0
LINE
  5
4D5
330
A
100
AcDbEntity
  8
1.2DRWDWS
  6
Continuous
 48
12.0
370
     0
 62
     3
284
     3
100
AcDbLine
 10
51.48146187078027
 20
226.5993499755859
 30
0.0
 11
49.48146187078027
 21
226.5993499755859
 31
0.0
  0
LINE
  5
4D6
330
A
100
AcDbEntity
  8
1.2DRWDWS
  6
Continuous
 48
12.0
370
     0
 62
     3
284
     3
100
AcDbLine
 10
51.48146187078027
 20
228.3493499755859
 30
0.0
 11
49.48146187078027
 21
228.3493499755859
 31
0.0
  0
LINE
  5
4D7
330
A
100
AcDbEntity
  8
1.2DRWDWS
  6
Continuous
 48
12.0
370
     0
 62
     3
284
     3
100
AcDbLine
 10
51.48146187078027
 20
227.4743499755859
 30
0.0
 11
82.70172882080084
 21
227.4743499755859
 31
0.0
  0
LINE
  5
4D8
330
A
100
AcDbEntity
  8
1.2DRWDWS
  6
Continuous
 48
12.0
370
     0
 62
     3
284
     3
100
AcDbLine
 10
82.70172882080084
 20
226.5993499755859
 30
0.0
 11
82.7017440795899
 21
228.3493499755859
 31
0.0
  0
LINE
  5
4D9
330
A
100
AcDbEntity
  8
1.2DRWDWS
  6
Continuous
 48
12.0
370
     0
 62
     3
284
     3
100
AcDbLine
 10
84.70172882080084
 20
226.5993499755859
 30
0.0
 11
82.70172882080084
 21
226.5993499755859
 31
0.0
  0
LINE
  5
4DA
330
A
100
AcDbEntity
  8
1.2DRWDWS
  6
Continuous
 48
12.0
370
     0
 62
     3
284
     3
100
AcDbLine
 10
84.70172882080084
 20
228.3493499755859
 30
0.0
 11
82.7017440795899
 21
228.3493499755859
 31
0.0
  0
LINE
  5
4DB
330
A
100
AcDbEntity
  8
1.2DRWDWS
  6
Continuous
 48
12.0
370
     0
 62
     7
284
     3
100
AcDbLine
 10
49.4814466119912
 20
223.0997924804688
 30
0.0
 11
84.70172882080084
 21
223.0997924804688
 31
0.0
  0
LINE
  5
4DC
330
A
100
AcDbEntity
  8
1.2DRWDWS
  6
Continuous
 48
24.0
370
     0
 62
     3
284
     3
100
AcDbLine
 10
49.48146187078027
 20
230.8497772216797
 30
0.0
 11
45.98146187078027
 21
230.8497772216797
 31
0.0
  0
LINE
  5
4DD
330
A
100
AcDbEntity
  8
1.2DRWDWS
  6
Continuous
 48
24.0
370
     0
 62
     3
284
     3
100
AcDbLine
 10
45.98146187078027
 20
230.8497772216797
 30
0.0
 11
45.98146187078027
 21
230.2247772216797
 31
0.0
  0
LINE
  5
4DE
330
A
100
AcDbEntity
  8
1.2DRWDWS
  6
Continuous
 48
24.0
370
     0
 62
     3
284
     3
100
AcDbLine
 10
49.4814466119912
 20
223.0997924804688
 30
0.0
 11
45.98146187078027
 21
223.0997924804688
 31
0.0
  0
LINE
  5
4DF
330
A
100
AcDbEntity
  8
1.2DRWDWS
  6
Continuous
 48
24.0
370
     0
 62
     3
284
     3
100
AcDbLine
 10
45.98146187078027
 20
223.0997924804688
 30
0.0
 11
45.9814466119912
 21
223.724853515625
 31
0.0
  0
LINE
  5
4E0
330
A
100
AcDbEntity
  8
1.2DRWDWS
  6
Continuous
 48
24.0
370
     0
 62
     3
284
     3
100
AcDbLine
 10
49.4814466119912
 20
223.0997924804688
 30
0.0
 11
49.48146187078027
 21
225.0993499755859
 31
0.0
  0
LINE
  5
4E1
330
A
100
AcDbEntity
  8
1.2DRWDWS
  6
Continuous
 48
24.0
370
     0
 62
     3
284
     3
100
AcDbLine
 10
49.48146187078027
 20
226.5993499755859
 30
0.0
 11
49.48146187078027
 21
230.8497772216797
 31
0.0
  0
LINE
  5
4E2
330
A
100
AcDbEntity
  8
1.2DRWDWS
  6
Continuous
 48
24.0
370
     0
 62
     3
284
     3
100
AcDbLine
 10
50.23146187078027
 20
226.5993499755859
 30
0.0
 11
49.48146187078027
 21
226.5993499755859
 31
0.0
  0
LINE
  5
4E3
330
A
100
AcDbEntity
  8
1.2DRWDWS
  6
Continuous
 48
24.0
370
     0
 62
     3
284
     3
100
AcDbLine
 10
50.23146187078027
 20
225.0993499755859
 30
0.0
 11
49.48146187078027
 21
225.0993499755859
 31
0.0
  0
LINE
  5
4E4
330
A
100
AcDbEntity
  8
1.2DRWDWS
  6
Continuous
 48
24.0
370
     0
 62
     3
284
     3
100
AcDbLine
 10
50.23146187078027
 20
225.0993499755859
 30
0.0
 11
50.23146187078027
 21
226.5993499755859
 31
0.0
  0
LINE
  5
4E5
330
A
100
AcDbEntity
  8
1.2DRWDWS
  6
Continuous
 48
24.0
370
     0
 62
     3
284
     3
100
AcDbLine
 10
84.7017440795899
 20
230.8497772216797
 30
0.0
 11
88.2017440795899
 21
230.8497772216797
 31
0.0
  0
LINE
  5
4E6
330
A
100
AcDbEntity
  8
1.2DRWDWS
  6
Continuous
 48
24.0
370
     0
 62
     3
284
     3
100
AcDbLine
 10
88.2017440795899
 20
230.8497772216797
 30
0.0
 11
88.2017440795899
 21
230.2247772216797
 31
0.0
  0
LINE
  5
4E7
330
A
100
AcDbEntity
  8
1.2DRWDWS
  6
Continuous
 48
24.0
370
     0
 62
     3
284
     3
100
AcDbLine
 10
84.70172882080084
 20
223.0997924804688
 30
0.0
 11
88.20172882080084
 21
223.0997924804688
 31
0.0
  0
LINE
  5
4E8
330
A
100
AcDbEntity
  8
1.2DRWDWS
  6
Continuous
 48
24.0
370
     0
 62
     3
284
     3
100
AcDbLine
 10
88.20172882080084
 20
223.0997924804688
 30
0.0
 11
88.20172882080084
 21
223.724853515625
 31
0.0
  0
LINE
  5
4E9
330
A
100
AcDbEntity
  8
1.2DRWDWS
  6
Continuous
 48
24.0
370
     0
 62
     3
284
     3
100
AcDbLine
 10
84.70172882080084
 20
223.0997924804688
 30
0.0
 11
84.70172882080084
 21
225.0993499755859
 31
0.0
  0
LINE
  5
4EA
330
A
100
AcDbEntity
  8
1.2DRWDWS
  6
Continuous
 48
24.0
370
     0
 62
     3
284
     3
100
AcDbLine
 10
84.70172882080084
 20
226.5993499755859
 30
0.0
 11
84.7017440795899
 21
230.8497772216797
 31
0.0
  0
LINE
  5
4EB
330
A
100
AcDbEntity
  8
1.2DRWDWS
  6
Continuous
 48
24.0
370
     0
 62
     3
284
     3
100
AcDbLine
 10
83.95172882080084
 20
226.5993499755859
 30
0.0
 11
84.70172882080084
 21
226.5993499755859
 31
0.0
  0
LINE
  5
4EC
330
A
100
AcDbEntity
  8
1.2DRWDWS
  6
Continuous
 48
24.0
370
     0
 62
     3
284
     3
100
AcDbLine
 10
83.95172882080084
 20
225.0993499755859
 30
0.0
 11
84.70172882080084
 21
225.0993499755859
 31
0.0
  0
LINE
  5
4ED
330
A
100
AcDbEntity
  8
1.2DRWDWS
  6
Continuous
 48
24.0
370
     0
 62
     3
284
     3
100
AcDbLine
 10
83.95172882080084
 20
225.0993499755859
 30
0.0
 11
83.95172882080084
 21
226.5993499755859
 31
0.0
  0
LINE
  5
4EE
330
A
100
AcDbEntity
  8
1.2DRWDWS
  6
Continuous
 48
24.0
370
     0
 62
     7
284
     3
100
AcDbLine
 10
45.23146187078027
 20
231.2247772216797
 30
0.0
 11
45.23146187078027
 21
230.2247772216797
 31
0.0
  0
LINE
  5
4EF
330
A
100
AcDbEntity
  8
1.2DRWDWS
  6
Continuous
 48
12.0
370
     0
 62
     7
284
     3
100
AcDbLine
 10
45.23146187078027
 20
231.2247772216797
 30
0.0
 11
88.9517440795899
 21
231.2247772216797
 31
0.0
  0
LINE
  5
4F0
330
A
100
AcDbEntity
  8
1.2DRWDWS
  6
Continuous
 48
24.0
370
     0
 62
     7
284
     3
100
AcDbLine
 10
88.9517440795899
 20
231.2247772216797
 30
0.0
 11
88.9517440795899
 21
230.2247772216797
 31
0.0
  0
LINE
  5
4F1
330
A
100
AcDbEntity
  8
1.2DRWDWS
  6
Continuous
 48
24.0
370
     0
 62
    11
284
     3
100
AcDbLine
 10
51.48146187078027
 20
226.5993499755859
 30
0.0
 11
82.70172882080084
 21
226.5993499755859
 31
0.0
  0
LINE
  5
4F2
330
A
100
AcDbEntity
  8
1.2DRWDWS
  6
Continuous
 48
24.0
370
     0
 62
    11
284
     3
100
AcDbLine
 10
51.48146187078027
 20
228.3493499755859
 30
0.0
 11
82.7017440795899
 21
228.3493499755859
 31
0.0
  0
POINT
  5
4F3
330
A
100
AcDbEntity
  8
1.2DRWDWS
  6
Continuous
370
     0
 62
    51
284
     3
100
AcDbPoint
 10
85.7017364501954
 20
230.224853515625
 30
0.0
 50
0.0
  0
POINT
  5
4F4
330
A
100
AcDbEntity
  8
1.2DRWDWS
  6
Continuous
 48
12.0
370
     0
 62
     1
284
     3
100
AcDbPoint
 10
258.0767299719023
 20
-1.247519704301929
 30
0.0
 50
0.0
  0
POINT
  5
4F5
330
A
100
AcDbEntity
  8
1.2DRWDWS
  6
Continuous
 48
2.000400066375732
370
     0
 62
     1
284
     3
100
AcDbPoint
 10
256.601984828317
 20
5.867503151165991
 30
0.0
 50
0.0
  0
LINE
  5
4F6
330
A
100
AcDbEntity
  8
1.2DRWDWS
  6
Continuous
 48
24.0
370
     0
 62
     3
284
     3
100
AcDbLine
 10
98.70172997190217
 20
-287.400146484375
 30
0.0
 11
98.70172997190217
 21
-286.775146484375
 31
0.0
  0
LINE
  5
4F7
330
A
100
AcDbEntity
  8
1.2DRWDWS
  6
Continuous
 48
12.0
370
     0
 62
     3
284
     3
100
AcDbLine
 10
62.65333513805962
 20
-282.342529296875
 30
0.0
 11
62.65333513805962
 21
-284.092529296875
 31
0.0
  0
LINE
  5
4F8
330
A
100
AcDbEntity
  8
1.2DRWDWS
  6
Continuous
 48
12.0
370
     0
 62
     3
284
     3
100
AcDbLine
 10
62.65333513805962
 20
-282.342529296875
 30
0.0
 11
64.65333513805962
 21
-282.342529296875
 31
0.0
  0
LINE
  5
4F9
330
A
100
AcDbEntity
  8
1.2DRWDWS
  6
Continuous
 48
12.0
370
     0
 62
     3
284
     3
100
AcDbLine
 10
62.65333513805962
 20
-284.092529296875
 30
0.0
 11
64.65333513805962
 21
-284.092529296875
 31
0.0
  0
LINE
  5
4FA
330
A
100
AcDbEntity
  8
1.2DRWDWS
  6
Continuous
 48
12.0
370
     0
 62
     3
284
     3
100
AcDbLine
 10
62.65333513805962
 20
-283.217529296875
 30
0.0
 11
39.16444958156081
 21
-283.217529296875
 31
0.0
  0
LINE
  5
4FB
330
A
100
AcDbEntity
  8
1.2DRWDWS
  6
Continuous
 48
12.0
370
     0
 62
     3
284
     3
100
AcDbLine
 10
39.16444958156081
 20
-282.342529296875
 30
0.0
 11
39.16444958156081
 21
-284.092529296875
 31
0.0
  0
LINE
  5
4FC
330
A
100
AcDbEntity
  8
1.2DRWDWS
  6
Continuous
 48
12.0
370
     0
 62
     3
284
     3
100
AcDbLine
 10
37.16444958156081
 20
-282.342529296875
 30
0.0
 11
39.16444958156081
 21
-282.342529296875
 31
0.0
  0
LINE
  5
4FD
330
A
100
AcDbEntity
  8
1.2DRWDWS
  6
Continuous
 48
12.0
370
     0
 62
     3
284
     3
100
AcDbLine
 10
37.16444958156081
 20
-284.092529296875
 30
0.0
 11
39.16444958156081
 21
-284.092529296875
 31
0.0
  0
LINE
  5
4FE
330
A
100
AcDbEntity
  8
1.2DRWDWS
  6
Continuous
 48
12.0
370
     0
 62
     7
284
     3
100
AcDbLine
 10
64.65333513805962
 20
-279.650146484375
 30
0.0
 11
37.16444958156081
 21
-279.650146484375
 31
0.0
  0
LINE
  5
4FF
330
A
100
AcDbEntity
  8
1.2DRWDWS
  6
Continuous
 48
24.0
370
     0
 62
     3
284
     3
100
AcDbLine
 10
64.65333513805962
 20
-279.650146484375
 30
0.0
 11
66.40333513805962
 21
-279.650146484375
 31
0.0
  0
LINE
  5
500
330
A
100
AcDbEntity
  8
1.2DRWDWS
  6
Continuous
 48
24.0
370
     0
 62
     3
284
     3
100
AcDbLine
 10
64.65333513805962
 20
-279.650146484375
 30
0.0
 11
64.65333513805962
 21
-280.8424072265625
 31
0.0
  0
LINE
  5
501
330
A
100
AcDbEntity
  8
1.2DRWDWS
  6
Continuous
 48
24.0
370
     0
 62
     3
284
     3
100
AcDbLine
 10
63.90333513805962
 20
-282.3424072265625
 30
0.0
 11
64.65333513805962
 21
-282.3424072265625
 31
0.0
  0
LINE
  5
502
330
A
100
AcDbEntity
  8
1.2DRWDWS
  6
Continuous
 48
24.0
370
     0
 62
     3
284
     3
100
AcDbLine
 10
63.90333513805962
 20
-280.8424072265625
 30
0.0
 11
64.65333513805962
 21
-280.8424072265625
 31
0.0
  0
LINE
  5
503
330
A
100
AcDbEntity
  8
1.2DRWDWS
  6
Continuous
 48
24.0
370
     0
 62
     3
284
     3
100
AcDbLine
 10
63.90333513805962
 20
-280.8424072265625
 30
0.0
 11
63.90333513805962
 21
-282.3424072265625
 31
0.0
  0
LINE
  5
504
330
A
100
AcDbEntity
  8
1.2DRWDWS
  6
Continuous
 48
24.0
370
     0
 62
     3
284
     3
100
AcDbLine
 10
37.16444958156081
 20
-287.400146484375
 30
0.0
 11
33.57570446437331
 21
-287.400146484375
 31
0.0
  0
LINE
  5
505
330
A
100
AcDbEntity
  8
1.2DRWDWS
  6
Continuous
 48
24.0
370
     0
 62
     3
284
     3
100
AcDbLine
 10
37.16444958156081
 20
-279.650146484375
 30
0.0
 11
37.16444958156081
 21
-280.8424072265625
 31
0.0
  0
LINE
  5
506
330
A
100
AcDbEntity
  8
1.2DRWDWS
  6
Continuous
 48
24.0
370
     0
 62
     3
284
     3
100
AcDbLine
 10
37.16444958156081
 20
-282.3424072265625
 30
0.0
 11
37.16444958156081
 21
-287.400146484375
 31
0.0
  0
LINE
  5
507
330
A
100
AcDbEntity
  8
1.2DRWDWS
  6
Continuous
 48
24.0
370
     0
 62
     3
284
     3
100
AcDbLine
 10
37.91444958156081
 20
-282.3424072265625
 30
0.0
 11
37.16444958156081
 21
-282.3424072265625
 31
0.0
  0
LINE
  5
508
330
A
100
AcDbEntity
  8
1.2DRWDWS
  6
Continuous
 48
24.0
370
     0
 62
     3
284
     3
100
AcDbLine
 10
37.91444958156081
 20
-280.8424072265625
 30
0.0
 11
37.16444958156081
 21
-280.8424072265625
 31
0.0
  0
LINE
  5
509
330
A
100
AcDbEntity
  8
1.2DRWDWS
  6
Continuous
 48
24.0
370
     0
 62
     3
284
     3
100
AcDbLine
 10
37.91444958156081
 20
-280.8424072265625
 30
0.0
 11
37.91444958156081
 21
-282.3424072265625
 31
0.0
  0
LINE
  5
50A
330
A
100
AcDbEntity
  8
1.2DRWDWS
  6
Continuous
 48
24.0
370
     0
 62
    11
284
     3
100
AcDbLine
 10
62.65333513805962
 20
-282.342529296875
 30
0.0
 11
39.16444958156081
 21
-282.342529296875
 31
0.0
  0
LINE
  5
50B
330
A
100
AcDbEntity
  8
1.2DRWDWS
  6
Continuous
 48
24.0
370
     0
 62
    11
284
     3
100
AcDbLine
 10
62.65333513805962
 20
-284.092529296875
 30
0.0
 11
39.16444958156081
 21
-284.092529296875
 31
0.0
  0
LINE
  5
50C
330
A
100
AcDbEntity
  8
1.2DRWDWS
  6
Continuous
 48
12.0
370
     0
 62
     3
284
     3
100
AcDbLine
 10
69.20411638805962
 20
-282.3424682617188
 30
0.0
 11
69.20411638805962
 21
-284.0924682617188
 31
0.0
  0
LINE
  5
50D
330
A
100
AcDbEntity
  8
1.2DRWDWS
  6
Continuous
 48
12.0
370
     0
 62
     3
284
     3
100
AcDbLine
 10
69.20411638805962
 20
-282.3424682617188
 30
0.0
 11
67.20411638805962
 21
-282.3424682617188
 31
0.0
  0
LINE
  5
50E
330
A
100
AcDbEntity
  8
1.2DRWDWS
  6
Continuous
 48
12.0
370
     0
 62
     3
284
     3
100
AcDbLine
 10
69.20411638805962
 20
-284.0924682617188
 30
0.0
 11
67.20411638805962
 21
-284.0924682617188
 31
0.0
  0
LINE
  5
50F
330
A
100
AcDbEntity
  8
1.2DRWDWS
  6
Continuous
 48
12.0
370
     0
 62
     3
284
     3
100
AcDbLine
 10
69.20411638805962
 20
-283.2174682617188
 30
0.0
 11
93.20172997190217
 21
-283.2174682617188
 31
0.0
  0
LINE
  5
510
330
A
100
AcDbEntity
  8
1.2DRWDWS
  6
Continuous
 48
12.0
370
     0
 62
     3
284
     3
100
AcDbLine
 10
93.20172997190217
 20
-282.3424682617188
 30
0.0
 11
93.20172997190217
 21
-284.0924682617188
 31
0.0
  0
LINE
  5
511
330
A
100
AcDbEntity
  8
1.2DRWDWS
  6
Continuous
 48
12.0
370
     0
 62
     3
284
     3
100
AcDbLine
 10
95.20172997190217
 20
-282.3424682617188
 30
0.0
 11
93.20172997190217
 21
-282.3424682617188
 31
0.0
  0
LINE
  5
512
330
A
100
AcDbEntity
  8
1.2DRWDWS
  6
Continuous
 48
12.0
370
     0
 62
     3
284
     3
100
AcDbLine
 10
95.20172997190217
 20
-284.0924682617188
 30
0.0
 11
93.20172997190217
 21
-284.0924682617188
 31
0.0
  0
LINE
  5
513
330
A
100
AcDbEntity
  8
1.2DRWDWS
  6
Continuous
 48
12.0
370
     0
 62
     7
284
     3
100
AcDbLine
 10
67.20411638805962
 20
-279.650146484375
 30
0.0
 11
95.20172997190217
 21
-279.650146484375
 31
0.0
  0
LINE
  5
514
330
A
100
AcDbEntity
  8
1.2DRWDWS
  6
Continuous
 48
24.0
370
     0
 62
     3
284
     3
100
AcDbLine
 10
67.20411638805962
 20
-279.650146484375
 30
0.0
 11
66.45411638805962
 21
-279.650146484375
 31
0.0
  0
LINE
  5
515
330
A
100
AcDbEntity
  8
1.2DRWDWS
  6
Continuous
 48
24.0
370
     0
 62
     3
284
     3
100
AcDbLine
 10
67.20411638805962
 20
-279.650146484375
 30
0.0
 11
67.20411638805962
 21
-280.8424682617188
 31
0.0
  0
LINE
  5
516
330
A
100
AcDbEntity
  8
1.2DRWDWS
  6
Continuous
 48
24.0
370
     0
 62
     3
284
     3
100
AcDbLine
 10
67.95411638805962
 20
-282.3424682617188
 30
0.0
 11
67.20411638805962
 21
-282.3424682617188
 31
0.0
  0
LINE
  5
517
330
A
100
AcDbEntity
  8
1.2DRWDWS
  6
Continuous
 48
24.0
370
     0
 62
     3
284
     3
100
AcDbLine
 10
67.95411638805962
 20
-280.8424682617188
 30
0.0
 11
67.20411638805962
 21
-280.8424682617188
 31
0.0
  0
LINE
  5
518
330
A
100
AcDbEntity
  8
1.2DRWDWS
  6
Continuous
 48
24.0
370
     0
 62
     3
284
     3
100
AcDbLine
 10
67.95411638805962
 20
-280.8424682617188
 30
0.0
 11
67.95411638805962
 21
-282.3424682617188
 31
0.0
  0
LINE
  5
519
330
A
100
AcDbEntity
  8
1.2DRWDWS
  6
Continuous
 48
24.0
370
     0
 62
     3
284
     3
100
AcDbLine
 10
95.20172997190217
 20
-287.400146484375
 30
0.0
 11
98.70172997190217
 21
-287.400146484375
 31
0.0
  0
LINE
  5
51A
330
A
100
AcDbEntity
  8
1.2DRWDWS
  6
Continuous
 48
24.0
370
     0
 62
     3
284
     3
100
AcDbLine
 10
95.20172997190217
 20
-279.650146484375
 30
0.0
 11
95.20172997190217
 21
-280.8424682617188
 31
0.0
  0
LINE
  5
51B
330
A
100
AcDbEntity
  8
1.2DRWDWS
  6
Continuous
 48
24.0
370
     0
 62
     3
284
     3
100
AcDbLine
 10
95.20172997190217
 20
-282.3424682617188
 30
0.0
 11
95.20172997190217
 21
-287.400146484375
 31
0.0
  0
LINE
  5
51C
330
A
100
AcDbEntity
  8
1.2DRWDWS
  6
Continuous
 48
24.0
370
     0
 62
     3
284
     3
100
AcDbLine
 10
94.45172997190217
 20
-282.3424682617188
 30
0.0
 11
95.20172997190217
 21
-282.3424682617188
 31
0.0
  0
LINE
  5
51D
330
A
100
AcDbEntity
  8
1.2DRWDWS
  6
Continuous
 48
24.0
370
     0
 62
     3
284
     3
100
AcDbLine
 10
94.45172997190217
 20
-280.8424682617188
 30
0.0
 11
95.20172997190217
 21
-280.8424682617188
 31
0.0
  0
LINE
  5
51E
330
A
100
AcDbEntity
  8
1.2DRWDWS
  6
Continuous
 48
24.0
370
     0
 62
     3
284
     3
100
AcDbLine
 10
94.45172997190217
 20
-280.8424682617188
 30
0.0
 11
94.45172997190217
 21
-282.3424682617188
 31
0.0
  0
LINE
  5
51F
330
A
100
AcDbEntity
  8
1.2DRWDWS
  6
Continuous
 48
12.0
370
     0
 62
     7
284
     3
100
AcDbLine
 10
33.23195446437331
 20
-287.775146484375
 30
0.0
 11
99.04547997190217
 21
-287.775146484375
 31
0.0
  0
LINE
  5
520
330
A
100
AcDbEntity
  8
1.2DRWDWS
  6
Continuous
 48
24.0
370
     0
 62
     7
284
     3
100
AcDbLine
 10
99.04547997190217
 20
-287.775146484375
 30
0.0
 11
99.04547997190217
 21
-286.775146484375
 31
0.0
  0
LINE
  5
521
330
A
100
AcDbEntity
  8
1.2DRWDWS
  6
Continuous
 48
24.0
370
     0
 62
    11
284
     3
100
AcDbLine
 10
69.20411638805962
 20
-282.3424682617188
 30
0.0
 11
93.20172997190217
 21
-282.3424682617188
 31
0.0
  0
LINE
  5
522
330
A
100
AcDbEntity
  8
1.2DRWDWS
  6
Continuous
 48
24.0
370
     0
 62
    11
284
     3
100
AcDbLine
 10
69.20411638805962
 20
-284.0924682617188
 30
0.0
 11
93.20172997190217
 21
-284.0924682617188
 31
0.0
  0
LINE
  5
523
330
A
100
AcDbEntity
  8
1.2DRWDWS
  6
Continuous
 48
24.0
370
     0
 62
     7
284
     3
100
AcDbLine
 10
33.23195446437331
 20
-287.775146484375
 30
0.0
 11
33.23195446437331
 21
-286.775146484375
 31
0.0
  0
LINE
  5
524
330
A
100
AcDbEntity
  8
1.2DRWDWS
  6
Continuous
 48
24.0
370
     0
 62
     3
284
     3
100
AcDbLine
 10
33.57570446437331
 20
-287.400146484375
 30
0.0
 11
33.57570446437331
 21
-286.775146484375
 31
0.0
  0
LINE
  5
525
330
A
100
AcDbEntity
  8
1.2DRWDWS
  6
Continuous
 48
24.0
370
     0
 62
     3
284
     3
100
AcDbLine
 10
67.20411638805962
 20
-282.3424682617188
 30
0.0
 11
67.20411638805962
 21
-287.400146484375
 31
0.0
  0
LINE
  5
526
330
A
100
AcDbEntity
  8
1.2DRWDWS
  6
Continuous
 48
24.0
370
     0
 62
     3
284
     3
100
AcDbLine
 10
64.65333513805962
 20
-282.3424072265625
 30
0.0
 11
64.65333513805962
 21
-287.400146484375
 31
0.0
  0
LINE
  5
527
330
A
100
AcDbEntity
  8
1.2DRWDWS
  6
Continuous
 48
24.0
370
     0
 62
     3
284
     3
100
AcDbLine
 10
67.20411638805962
 20
-287.400146484375
 30
0.0
 11
64.65333513805962
 21
-287.400146484375
 31
0.0
  0
LINE
  5
528
330
A
100
AcDbEntity
  8
1.2DRWDWS
  6
Continuous
 48
24.0
370
     0
 62
     3
284
     3
100
AcDbLine
 10
95.20172997190217
 20
-279.650146484375
 30
0.0
 11
98.70172997190217
 21
-279.650146484375
 31
0.0
  0
LINE
  5
529
330
A
100
AcDbEntity
  8
1.2DRWDWS
  6
Continuous
 48
24.0
370
     0
 62
     3
284
     3
100
AcDbLine
 10
98.70172997190217
 20
-279.650146484375
 30
0.0
 11
98.70172997190217
 21
-280.275146484375
 31
0.0
  0
LINE
  5
52A
330
A
100
AcDbEntity
  8
1.2DRWDWS
  6
Continuous
 48
24.0
370
     0
 62
     3
284
     3
100
AcDbLine
 10
37.16444958156081
 20
-279.650146484375
 30
0.0
 11
33.57570446437331
 21
-279.650146484375
 31
0.0
  0
LINE
  5
52B
330
A
100
AcDbEntity
  8
1.2DRWDWS
  6
Continuous
 48
24.0
370
     0
 62
     3
284
     3
100
AcDbLine
 10
33.57570446437331
 20
-279.650146484375
 30
0.0
 11
33.57570446437331
 21
-280.275146484375
 31
0.0
  0
POINT
  5
52C
330
A
100
AcDbEntity
  8
1.2DRWDWS
  6
Continuous
370
     0
 62
    51
284
     3
100
AcDbPoint
 10
96.20172997190217
 20
-286.775146484375
 30
0.0
 50
0.0
  0
LINE
  5
52D
330
A
100
AcDbEntity
  8
1.2DRWDWS
  6
Continuous
 48
24.0
370
     0
 62
     3
284
     3
100
AcDbLine
 10
184.7017211914062
 20
-287.400146484375
 30
0.0
 11
184.7017211914062
 21
-286.775146484375
 31
0.0
  0
LINE
  5
52E
330
A
100
AcDbEntity
  8
1.2DRWDWS
  6
Continuous
 48
12.0
370
     0
 62
     3
284
     3
100
AcDbLine
 10
220.7501160252488
 20
-282.342529296875
 30
0.0
 11
220.7501160252488
 21
-284.092529296875
 31
0.0
  0
LINE
  5
52F
330
A
100
AcDbEntity
  8
1.2DRWDWS
  6
Continuous
 48
12.0
370
     0
 62
     3
284
     3
100
AcDbLine
 10
220.7501160252488
 20
-282.342529296875
 30
0.0
 11
218.7501160252488
 21
-282.342529296875
 31
0.0
  0
LINE
  5
530
330
A
100
AcDbEntity
  8
1.2DRWDWS
  6
Continuous
 48
12.0
370
     0
 62
     3
284
     3
100
AcDbLine
 10
220.7501160252488
 20
-284.092529296875
 30
0.0
 11
218.7501160252488
 21
-284.092529296875
 31
0.0
  0
LINE
  5
531
330
A
100
AcDbEntity
  8
1.2DRWDWS
  6
Continuous
 48
12.0
370
     0
 62
     3
284
     3
100
AcDbLine
 10
220.7501160252488
 20
-283.217529296875
 30
0.0
 11
244.2390015817476
 21
-283.217529296875
 31
0.0
  0
LINE
  5
532
330
A
100
AcDbEntity
  8
1.2DRWDWS
  6
Continuous
 48
12.0
370
     0
 62
     3
284
     3
100
AcDbLine
 10
244.2390015817476
 20
-282.342529296875
 30
0.0
 11
244.2390015817476
 21
-284.092529296875
 31
0.0
  0
LINE
  5
533
330
A
100
AcDbEntity
  8
1.2DRWDWS
  6
Continuous
 48
12.0
370
     0
 62
     3
284
     3
100
AcDbLine
 10
246.2390015817476
 20
-282.342529296875
 30
0.0
 11
244.2390015817476
 21
-282.342529296875
 31
0.0
  0
LINE
  5
534
330
A
100
AcDbEntity
  8
1.2DRWDWS
  6
Continuous
 48
12.0
370
     0
 62
     3
284
     3
100
AcDbLine
 10
246.2390015817476
 20
-284.092529296875
 30
0.0
 11
244.2390015817476
 21
-284.092529296875
 31
0.0
  0
LINE
  5
535
330
A
100
AcDbEntity
  8
1.2DRWDWS
  6
Continuous
 48
12.0
370
     0
 62
     7
284
     3
100
AcDbLine
 10
218.7501160252488
 20
-279.650146484375
 30
0.0
 11
246.2390015817476
 21
-279.650146484375
 31
0.0
  0
LINE
  5
536
330
A
100
AcDbEntity
  8
1.2DRWDWS
  6
Continuous
 48
24.0
370
     0
 62
     3
284
     3
100
AcDbLine
 10
218.7501160252488
 20
-279.650146484375
 30
0.0
 11
217.0001160252488
 21
-279.650146484375
 31
0.0
  0
LINE
  5
537
330
A
100
AcDbEntity
  8
1.2DRWDWS
  6
Continuous
 48
24.0
370
     0
 62
     3
284
     3
100
AcDbLine
 10
218.7501160252488
 20
-279.650146484375
 30
0.0
 11
218.7501160252488
 21
-280.8424072265625
 31
0.0
  0
LINE
  5
538
330
A
100
AcDbEntity
  8
1.2DRWDWS
  6
Continuous
 48
24.0
370
     0
 62
     3
284
     3
100
AcDbLine
 10
219.5001160252488
 20
-282.3424072265625
 30
0.0
 11
218.7501160252488
 21
-282.3424072265625
 31
0.0
  0
LINE
  5
539
330
A
100
AcDbEntity
  8
1.2DRWDWS
  6
Continuous
 48
24.0
370
     0
 62
     3
284
     3
100
AcDbLine
 10
219.5001160252488
 20
-280.8424072265625
 30
0.0
 11
218.7501160252488
 21
-280.8424072265625
 31
0.0
  0
LINE
  5
53A
330
A
100
AcDbEntity
  8
1.2DRWDWS
  6
Continuous
 48
24.0
370
     0
 62
     3
284
     3
100
AcDbLine
 10
219.5001160252488
 20
-280.8424072265625
 30
0.0
 11
219.5001160252488
 21
-282.3424072265625
 31
0.0
  0
LINE
  5
53B
330
A
100
AcDbEntity
  8
1.2DRWDWS
  6
Continuous
 48
24.0
370
     0
 62
     3
284
     3
100
AcDbLine
 10
246.2390015817476
 20
-287.400146484375
 30
0.0
 11
249.8277466989351
 21
-287.400146484375
 31
0.0
  0
LINE
  5
53C
330
A
100
AcDbEntity
  8
1.2DRWDWS
  6
Continuous
 48
24.0
370
     0
 62
     3
284
     3
100
AcDbLine
 10
246.2390015817476
 20
-279.650146484375
 30
0.0
 11
246.2390015817476
 21
-280.8424072265625
 31
0.0
  0
LINE
  5
53D
330
A
100
AcDbEntity
  8
1.2DRWDWS
  6
Continuous
 48
24.0
370
     0
 62
     3
284
     3
100
AcDbLine
 10
246.2390015817476
 20
-282.3424072265625
 30
0.0
 11
246.2390015817476
 21
-287.400146484375
 31
0.0
  0
LINE
  5
53E
330
A
100
AcDbEntity
  8
1.2DRWDWS
  6
Continuous
 48
24.0
370
     0
 62
     3
284
     3
100
AcDbLine
 10
245.4890015817476
 20
-282.3424072265625
 30
0.0
 11
246.2390015817476
 21
-282.3424072265625
 31
0.0
  0
LINE
  5
53F
330
A
100
AcDbEntity
  8
1.2DRWDWS
  6
Continuous
 48
24.0
370
     0
 62
     3
284
     3
100
AcDbLine
 10
245.4890015817476
 20
-280.8424072265625
 30
0.0
 11
246.2390015817476
 21
-280.8424072265625
 31
0.0
  0
LINE
  5
540
330
A
100
AcDbEntity
  8
1.2DRWDWS
  6
Continuous
 48
24.0
370
     0
 62
     3
284
     3
100
AcDbLine
 10
245.4890015817476
 20
-280.8424072265625
 30
0.0
 11
245.4890015817476
 21
-282.3424072265625
 31
0.0
  0
LINE
  5
541
330
A
100
AcDbEntity
  8
1.2DRWDWS
  6
Continuous
 48
24.0
370
     0
 62
    11
284
     3
100
AcDbLine
 10
220.7501160252488
 20
-282.342529296875
 30
0.0
 11
244.2390015817476
 21
-282.342529296875
 31
0.0
  0
LINE
  5
542
330
A
100
AcDbEntity
  8
1.2DRWDWS
  6
Continuous
 48
24.0
370
     0
 62
    11
284
     3
100
AcDbLine
 10
220.7501160252488
 20
-284.092529296875
 30
0.0
 11
244.2390015817476
 21
-284.092529296875
 31
0.0
  0
LINE
  5
543
330
A
100
AcDbEntity
  8
1.2DRWDWS
  6
Continuous
 48
12.0
370
     0
 62
     3
284
     3
100
AcDbLine
 10
214.1993347752488
 20
-282.3424682617188
 30
0.0
 11
214.1993347752488
 21
-284.0924682617188
 31
0.0
  0
LINE
  5
544
330
A
100
AcDbEntity
  8
1.2DRWDWS
  6
Continuous
 48
12.0
370
     0
 62
     3
284
     3
100
AcDbLine
 10
214.1993347752488
 20
-282.3424682617188
 30
0.0
 11
216.1993347752488
 21
-282.3424682617188
 31
0.0
  0
LINE
  5
545
330
A
100
AcDbEntity
  8
1.2DRWDWS
  6
Continuous
 48
12.0
370
     0
 62
     3
284
     3
100
AcDbLine
 10
214.1993347752488
 20
-284.0924682617188
 30
0.0
 11
216.1993347752488
 21
-284.0924682617188
 31
0.0
  0
LINE
  5
546
330
A
100
AcDbEntity
  8
1.2DRWDWS
  6
Continuous
 48
12.0
370
     0
 62
     3
284
     3
100
AcDbLine
 10
214.1993347752488
 20
-283.2174682617188
 30
0.0
 11
190.2017211914062
 21
-283.2174682617188
 31
0.0
  0
LINE
  5
547
330
A
100
AcDbEntity
  8
1.2DRWDWS
  6
Continuous
 48
12.0
370
     0
 62
     3
284
     3
100
AcDbLine
 10
190.2017211914062
 20
-282.3424682617188
 30
0.0
 11
190.2017211914062
 21
-284.0924682617188
 31
0.0
  0
LINE
  5
548
330
A
100
AcDbEntity
  8
1.2DRWDWS
  6
Continuous
 48
12.0
370
     0
 62
     3
284
     3
100
AcDbLine
 10
188.2017211914062
 20
-282.3424682617188
 30
0.0
 11
190.2017211914062
 21
-282.3424682617188
 31
0.0
  0
LINE
  5
549
330
A
100
AcDbEntity
  8
1.2DRWDWS
  6
Continuous
 48
12.0
370
     0
 62
     3
284
     3
100
AcDbLine
 10
188.2017211914062
 20
-284.0924682617188
 30
0.0
 11
190.2017211914062
 21
-284.0924682617188
 31
0.0
  0
LINE
  5
54A
330
A
100
AcDbEntity
  8
1.2DRWDWS
  6
Continuous
 48
12.0
370
     0
 62
     7
284
     3
100
AcDbLine
 10
216.1993347752488
 20
-279.650146484375
 30
0.0
 11
188.2017211914062
 21
-279.650146484375
 31
0.0
  0
LINE
  5
54B
330
A
100
AcDbEntity
  8
1.2DRWDWS
  6
Continuous
 48
24.0
370
     0
 62
     3
284
     3
100
AcDbLine
 10
216.1993347752488
 20
-279.650146484375
 30
0.0
 11
216.9493347752488
 21
-279.650146484375
 31
0.0
  0
LINE
  5
54C
330
A
100
AcDbEntity
  8
1.2DRWDWS
  6
Continuous
 48
24.0
370
     0
 62
     3
284
     3
100
AcDbLine
 10
216.1993347752488
 20
-279.650146484375
 30
0.0
 11
216.1993347752488
 21
-280.8424682617188
 31
0.0
  0
LINE
  5
54D
330
A
100
AcDbEntity
  8
1.2DRWDWS
  6
Continuous
 48
24.0
370
     0
 62
     3
284
     3
100
AcDbLine
 10
215.4493347752488
 20
-282.3424682617188
 30
0.0
 11
216.1993347752488
 21
-282.3424682617188
 31
0.0
  0
LINE
  5
54E
330
A
100
AcDbEntity
  8
1.2DRWDWS
  6
Continuous
 48
24.0
370
     0
 62
     3
284
     3
100
AcDbLine
 10
215.4493347752488
 20
-280.8424682617188
 30
0.0
 11
216.1993347752488
 21
-280.8424682617188
 31
0.0
  0
LINE
  5
54F
330
A
100
AcDbEntity
  8
1.2DRWDWS
  6
Continuous
 48
24.0
370
     0
 62
     3
284
     3
100
AcDbLine
 10
215.4493347752488
 20
-280.8424682617188
 30
0.0
 11
215.4493347752488
 21
-282.3424682617188
 31
0.0
  0
LINE
  5
550
330
A
100
AcDbEntity
  8
1.2DRWDWS
  6
Continuous
 48
24.0
370
     0
 62
     3
284
     3
100
AcDbLine
 10
188.2017211914062
 20
-287.400146484375
 30
0.0
 11
184.7017211914062
 21
-287.400146484375
 31
0.0
  0
LINE
  5
551
330
A
100
AcDbEntity
  8
1.2DRWDWS
  6
Continuous
 48
24.0
370
     0
 62
     3
284
     3
100
AcDbLine
 10
188.2017211914062
 20
-279.650146484375
 30
0.0
 11
188.2017211914062
 21
-280.8424682617188
 31
0.0
  0
LINE
  5
552
330
A
100
AcDbEntity
  8
1.2DRWDWS
  6
Continuous
 48
24.0
370
     0
 62
     3
284
     3
100
AcDbLine
 10
188.2017211914062
 20
-282.3424682617188
 30
0.0
 11
188.2017211914062
 21
-287.400146484375
 31
0.0
  0
LINE
  5
553
330
A
100
AcDbEntity
  8
1.2DRWDWS
  6
Continuous
 48
24.0
370
     0
 62
     3
284
     3
100
AcDbLine
 10
188.9517211914062
 20
-282.3424682617188
 30
0.0
 11
188.2017211914062
 21
-282.3424682617188
 31
0.0
  0
LINE
  5
554
330
A
100
AcDbEntity
  8
1.2DRWDWS
  6
Continuous
 48
24.0
370
     0
 62
     3
284
     3
100
AcDbLine
 10
188.9517211914062
 20
-280.8424682617188
 30
0.0
 11
188.2017211914062
 21
-280.8424682617188
 31
0.0
  0
LINE
  5
555
330
A
100
AcDbEntity
  8
1.2DRWDWS
  6
Continuous
 48
24.0
370
     0
 62
     3
284
     3
100
AcDbLine
 10
188.9517211914062
 20
-280.8424682617188
 30
0.0
 11
188.9517211914062
 21
-282.3424682617188
 31
0.0
  0
LINE
  5
556
330
A
100
AcDbEntity
  8
1.2DRWDWS
  6
Continuous
 48
12.0
370
     0
 62
     7
284
     3
100
AcDbLine
 10
250.1714966989351
 20
-287.775146484375
 30
0.0
 11
184.3579711914062
 21
-287.775146484375
 31
0.0
  0
LINE
  5
557
330
A
100
AcDbEntity
  8
1.2DRWDWS
  6
Continuous
 48
24.0
370
     0
 62
     7
284
     3
100
AcDbLine
 10
184.3579711914062
 20
-287.775146484375
 30
0.0
 11
184.3579711914062
 21
-286.775146484375
 31
0.0
  0
LINE
  5
558
330
A
100
AcDbEntity
  8
1.2DRWDWS
  6
Continuous
 48
24.0
370
     0
 62
    11
284
     3
100
AcDbLine
 10
214.1993347752488
 20
-282.3424682617188
 30
0.0
 11
190.2017211914062
 21
-282.3424682617188
 31
0.0
  0
LINE
  5
559
330
A
100
AcDbEntity
  8
1.2DRWDWS
  6
Continuous
 48
24.0
370
     0
 62
    11
284
     3
100
AcDbLine
 10
214.1993347752488
 20
-284.0924682617188
 30
0.0
 11
190.2017211914062
 21
-284.0924682617188
 31
0.0
  0
LINE
  5
55A
330
A
100
AcDbEntity
  8
1.2DRWDWS
  6
Continuous
 48
24.0
370
     0
 62
     7
284
     3
100
AcDbLine
 10
250.1714966989351
 20
-287.775146484375
 30
0.0
 11
250.1714966989351
 21
-286.775146484375
 31
0.0
  0
LINE
  5
55B
330
A
100
AcDbEntity
  8
1.2DRWDWS
  6
Continuous
 48
24.0
370
     0
 62
     3
284
     3
100
AcDbLine
 10
249.8277466989351
 20
-287.400146484375
 30
0.0
 11
249.8277466989351
 21
-286.775146484375
 31
0.0
  0
LINE
  5
55C
330
A
100
AcDbEntity
  8
1.2DRWDWS
  6
Continuous
 48
24.0
370
     0
 62
     3
284
     3
100
AcDbLine
 10
216.1993347752488
 20
-282.3424682617188
 30
0.0
 11
216.1993347752488
 21
-287.400146484375
 31
0.0
  0
LINE
  5
55D
330
A
100
AcDbEntity
  8
1.2DRWDWS
  6
Continuous
 48
24.0
370
     0
 62
     3
284
     3
100
AcDbLine
 10
218.7501160252488
 20
-282.3424072265625
 30
0.0
 11
218.7501160252488
 21
-287.400146484375
 31
0.0
  0
LINE
  5
55E
330
A
100
AcDbEntity
  8
1.2DRWDWS
  6
Continuous
 48
24.0
370
     0
 62
     3
284
     3
100
AcDbLine
 10
216.1993347752488
 20
-287.400146484375
 30
0.0
 11
218.7501160252488
 21
-287.400146484375
 31
0.0
  0
LINE
  5
55F
330
A
100
AcDbEntity
  8
1.2DRWDWS
  6
Continuous
 48
24.0
370
     0
 62
     3
284
     3
100
AcDbLine
 10
188.2017211914062
 20
-279.650146484375
 30
0.0
 11
184.7017211914062
 21
-279.650146484375
 31
0.0
  0
LINE
  5
560
330
A
100
AcDbEntity
  8
1.2DRWDWS
  6
Continuous
 48
24.0
370
     0
 62
     3
284
     3
100
AcDbLine
 10
184.7017211914062
 20
-279.650146484375
 30
0.0
 11
184.7017211914062
 21
-280.275146484375
 31
0.0
  0
LINE
  5
561
330
A
100
AcDbEntity
  8
1.2DRWDWS
  6
Continuous
 48
24.0
370
     0
 62
     3
284
     3
100
AcDbLine
 10
246.2390015817476
 20
-279.650146484375
 30
0.0
 11
249.8277466989351
 21
-279.650146484375
 31
0.0
  0
LINE
  5
562
330
A
100
AcDbEntity
  8
1.2DRWDWS
  6
Continuous
 48
24.0
370
     0
 62
     3
284
     3
100
AcDbLine
 10
249.8277466989351
 20
-279.650146484375
 30
0.0
 11
249.8277466989351
 21
-280.275146484375
 31
0.0
  0
POINT
  5
563
330
A
100
AcDbEntity
  8
1.2DRWDWS
  6
Continuous
370
     0
 62
    51
284
     3
100
AcDbPoint
 10
187.2017211914062
 20
-286.775146484375
 30
0.0
 50
0.0
  0
LINE
  5
564
330
A
100
AcDbEntity
  8
1.2DRWDWS
  6
Continuous
 48
12.0
370
     0
 62
     1
284
     3
100
AcDbLine
 10
-83.14962526083153
 20
-277.2751425357797
 30
0.0
 11
-142.680811246216
 21
-277.2751425357796
 31
0.0
  0
LINE
  5
565
330
A
100
AcDbEntity
  8
1.2DRWDWS
  6
Continuous
 48
12.0
370
     0
 62
     1
284
     3
100
AcDbLine
 10
-84.6496252608315
 20
-278.7751425357796
 30
0.0
 11
-141.1808112462161
 21
-278.7751425357795
 31
0.0
  0
LINE
  5
566
330
A
100
AcDbEntity
  8
1.2DRWDWS
  6
Continuous
 48
12.0
370
     0
 62
     1
284
     3
100
AcDbLine
 10
-83.14962526083153
 20
-277.2751425357797
 30
0.0
 11
-83.14962526083148
 21
-280.275146484375
 31
0.0
  0
LINE
  5
567
330
A
100
AcDbEntity
  8
1.2DRWDWS
  6
Continuous
 48
12.0
370
     0
 62
     1
284
     3
100
AcDbLine
 10
-84.64962526083148
 20
-278.7751425357795
 30
0.0
 11
-84.64962526083148
 21
-280.275146484375
 31
0.0
  0
LINE
  5
568
330
A
100
AcDbEntity
  8
1.2DRWDWS
  6
Continuous
 48
12.0
370
     0
 62
     3
284
     3
100
AcDbLine
 10
-120.7561155754834
 20
-277.2751425357796
 30
0.0
 11
-120.7561155754834
 21
-234.5251385871842
 31
0.0
  0
LINE
  5
569
330
A
100
AcDbEntity
  8
1.2DRWDWS
  6
Continuous
 48
12.0
370
     0
 62
     3
284
     3
100
AcDbLine
 10
-110.7561155754834
 20
-277.2751425357796
 30
0.0
 11
-110.7561155754834
 21
-234.5251385871842
 31
0.0
  0
LINE
  5
56A
330
A
100
AcDbEntity
  8
1.2DRWDWS
  6
Continuous
 48
12.0
370
     0
 62
     3
284
     3
100
AcDbLine
 10
-100.7561155754834
 20
-277.2751425357796
 30
0.0
 11
-100.7561155754834
 21
-234.5251385871842
 31
0.0
  0
LINE
  5
56B
330
A
100
AcDbEntity
  8
1.2DRWDWS
  6
Continuous
 48
12.0
370
     0
 62
     3
284
     3
100
AcDbLine
 10
-90.75611557548343
 20
-277.2751425357796
 30
0.0
 11
-90.75611557548343
 21
-234.5251385871842
 31
0.0
  0
LINE
  5
56C
330
A
100
AcDbEntity
  8
1.2DRWDWS
  6
Continuous
 48
24.0
370
     0
 62
     3
284
     3
100
AcDbLine
 10
-192.4232700280978
 20
142.7248574642203
 30
0.0
 11
-191.7982700280978
 21
142.7248574642203
 31
0.0
  0
LINE
  5
56D
330
A
100
AcDbEntity
  8
1.2DRWDWS
  6
Continuous
 48
12.0
370
     0
 62
     3
284
     3
100
AcDbLine
 10
-187.3656528405978
 20
184.7460798737578
 30
0.0
 11
-189.1156528405978
 21
184.7460798737578
 31
0.0
  0
LINE
  5
56E
330
A
100
AcDbEntity
  8
1.2DRWDWS
  6
Continuous
 48
12.0
370
     0
 62
     3
284
     3
100
AcDbLine
 10
-187.3656528405978
 20
184.7460798737578
 30
0.0
 11
-187.3656528405978
 21
182.7460798737578
 31
0.0
  0
LINE
  5
56F
330
A
100
AcDbEntity
  8
1.2DRWDWS
  6
Continuous
 48
12.0
370
     0
 62
     3
284
     3
100
AcDbLine
 10
-189.1156528405978
 20
184.7460798737578
 30
0.0
 11
-189.1156528405978
 21
182.7460798737578
 31
0.0
  0
LINE
  5
570
330
A
100
AcDbEntity
  8
1.2DRWDWS
  6
Continuous
 48
12.0
370
     0
 62
     3
284
     3
100
AcDbLine
 10
-188.2406528405978
 20
184.7460798737578
 30
0.0
 11
-188.2406528405978
 21
214.2077930059514
 31
0.0
  0
LINE
  5
571
330
A
100
AcDbEntity
  8
1.2DRWDWS
  6
Continuous
 48
12.0
370
     0
 62
     3
284
     3
100
AcDbLine
 10
-187.3656528405978
 20
214.2077930059514
 30
0.0
 11
-189.1156528405978
 21
214.2077930059514
 31
0.0
  0
LINE
  5
572
330
A
100
AcDbEntity
  8
1.2DRWDWS
  6
Continuous
 48
12.0
370
     0
 62
     3
284
     3
100
AcDbLine
 10
-187.3656528405978
 20
216.2077930059514
 30
0.0
 11
-187.3656528405978
 21
214.2077930059514
 31
0.0
  0
LINE
  5
573
330
A
100
AcDbEntity
  8
1.2DRWDWS
  6
Continuous
 48
12.0
370
     0
 62
     3
284
     3
100
AcDbLine
 10
-189.1156528405978
 20
216.2077930059514
 30
0.0
 11
-189.1156528405978
 21
214.2077930059514
 31
0.0
  0
LINE
  5
574
330
A
100
AcDbEntity
  8
1.2DRWDWS
  6
Continuous
 48
12.0
370
     0
 62
     7
284
     3
100
AcDbLine
 10
-184.6732700280978
 20
182.7460798737578
 30
0.0
 11
-184.6732700280978
 21
216.2077930059514
 31
0.0
  0
LINE
  5
575
330
A
100
AcDbEntity
  8
1.2DRWDWS
  6
Continuous
 48
24.0
370
     0
 62
     3
284
     3
100
AcDbLine
 10
-184.6732700280978
 20
182.7460798737578
 30
0.0
 11
-184.6732700280978
 21
180.9960798737578
 31
0.0
  0
LINE
  5
576
330
A
100
AcDbEntity
  8
1.2DRWDWS
  6
Continuous
 48
24.0
370
     0
 62
     3
284
     3
100
AcDbLine
 10
-184.6732700280978
 20
182.7460798737578
 30
0.0
 11
-185.8655307702853
 21
182.7460798737578
 31
0.0
  0
LINE
  5
577
330
A
100
AcDbEntity
  8
1.2DRWDWS
  6
Continuous
 48
24.0
370
     0
 62
     3
284
     3
100
AcDbLine
 10
-187.3655307702853
 20
183.4960798737578
 30
0.0
 11
-187.3655307702853
 21
182.7460798737578
 31
0.0
  0
LINE
  5
578
330
A
100
AcDbEntity
  8
1.2DRWDWS
  6
Continuous
 48
24.0
370
     0
 62
     3
284
     3
100
AcDbLine
 10
-185.8655307702853
 20
183.4960798737578
 30
0.0
 11
-185.8655307702853
 21
182.7460798737578
 31
0.0
  0
LINE
  5
579
330
A
100
AcDbEntity
  8
1.2DRWDWS
  6
Continuous
 48
24.0
370
     0
 62
     3
284
     3
100
AcDbLine
 10
-185.8655307702853
 20
183.4960798737578
 30
0.0
 11
-187.3655307702853
 21
183.4960798737578
 31
0.0
  0
LINE
  5
57A
330
A
100
AcDbEntity
  8
1.2DRWDWS
  6
Continuous
 48
24.0
370
     0
 62
     3
284
     3
100
AcDbLine
 10
-192.4232700280978
 20
216.2077930059514
 30
0.0
 11
-192.4232700280978
 21
219.7965381231389
 31
0.0
  0
LINE
  5
57B
330
A
100
AcDbEntity
  8
1.2DRWDWS
  6
Continuous
 48
24.0
370
     0
 62
     3
284
     3
100
AcDbLine
 10
-184.6732700280978
 20
216.2077930059514
 30
0.0
 11
-185.8655307702853
 21
216.2077930059514
 31
0.0
  0
LINE
  5
57C
330
A
100
AcDbEntity
  8
1.2DRWDWS
  6
Continuous
 48
24.0
370
     0
 62
     3
284
     3
100
AcDbLine
 10
-187.3655307702853
 20
216.2077930059514
 30
0.0
 11
-192.4232700280978
 21
216.2077930059514
 31
0.0
  0
LINE
  5
57D
330
A
100
AcDbEntity
  8
1.2DRWDWS
  6
Continuous
 48
24.0
370
     0
 62
     3
284
     3
100
AcDbLine
 10
-187.3655307702853
 20
215.4577930059514
 30
0.0
 11
-187.3655307702853
 21
216.2077930059514
 31
0.0
  0
LINE
  5
57E
330
A
100
AcDbEntity
  8
1.2DRWDWS
  6
Continuous
 48
24.0
370
     0
 62
     3
284
     3
100
AcDbLine
 10
-185.8655307702853
 20
215.4577930059514
 30
0.0
 11
-185.8655307702853
 21
216.2077930059514
 31
0.0
  0
LINE
  5
57F
330
A
100
AcDbEntity
  8
1.2DRWDWS
  6
Continuous
 48
24.0
370
     0
 62
     3
284
     3
100
AcDbLine
 10
-185.8655307702853
 20
215.4577930059514
 30
0.0
 11
-187.3655307702853
 21
215.4577930059514
 31
0.0
  0
LINE
  5
580
330
A
100
AcDbEntity
  8
1.2DRWDWS
  6
Continuous
 48
24.0
370
     0
 62
    11
284
     3
100
AcDbLine
 10
-187.3656528405978
 20
184.7460798737578
 30
0.0
 11
-187.3656528405978
 21
214.2077930059514
 31
0.0
  0
LINE
  5
581
330
A
100
AcDbEntity
  8
1.2DRWDWS
  6
Continuous
 48
24.0
370
     0
 62
    11
284
     3
100
AcDbLine
 10
-189.1156528405978
 20
184.7460798737578
 30
0.0
 11
-189.1156528405978
 21
214.2077930059514
 31
0.0
  0
LINE
  5
582
330
A
100
AcDbEntity
  8
1.2DRWDWS
  6
Continuous
 48
12.0
370
     0
 62
     3
284
     3
100
AcDbLine
 10
-187.3655918054416
 20
178.1952986237578
 30
0.0
 11
-189.1155918054416
 21
178.1952986237578
 31
0.0
  0
LINE
  5
583
330
A
100
AcDbEntity
  8
1.2DRWDWS
  6
Continuous
 48
12.0
370
     0
 62
     3
284
     3
100
AcDbLine
 10
-187.3655918054416
 20
178.1952986237578
 30
0.0
 11
-187.3655918054416
 21
180.1952986237578
 31
0.0
  0
LINE
  5
584
330
A
100
AcDbEntity
  8
1.2DRWDWS
  6
Continuous
 48
12.0
370
     0
 62
     3
284
     3
100
AcDbLine
 10
-189.1155918054416
 20
178.1952986237578
 30
0.0
 11
-189.1155918054416
 21
180.1952986237578
 31
0.0
  0
LINE
  5
585
330
A
100
AcDbEntity
  8
1.2DRWDWS
  6
Continuous
 48
12.0
370
     0
 62
     3
284
     3
100
AcDbLine
 10
-188.2405918054416
 20
178.1952986237578
 30
0.0
 11
-188.2405918054416
 21
148.2248574642203
 31
0.0
  0
LINE
  5
586
330
A
100
AcDbEntity
  8
1.2DRWDWS
  6
Continuous
 48
12.0
370
     0
 62
     3
284
     3
100
AcDbLine
 10
-187.3655918054416
 20
148.2248574642203
 30
0.0
 11
-189.1155918054416
 21
148.2248574642203
 31
0.0
  0
LINE
  5
587
330
A
100
AcDbEntity
  8
1.2DRWDWS
  6
Continuous
 48
12.0
370
     0
 62
     3
284
     3
100
AcDbLine
 10
-187.3655918054416
 20
146.2248574642203
 30
0.0
 11
-187.3655918054416
 21
148.2248574642203
 31
0.0
  0
LINE
  5
588
330
A
100
AcDbEntity
  8
1.2DRWDWS
  6
Continuous
 48
12.0
370
     0
 62
     3
284
     3
100
AcDbLine
 10
-189.1155918054416
 20
146.2248574642203
 30
0.0
 11
-189.1155918054416
 21
148.2248574642203
 31
0.0
  0
LINE
  5
589
330
A
100
AcDbEntity
  8
1.2DRWDWS
  6
Continuous
 48
12.0
370
     0
 62
     7
284
     3
100
AcDbLine
 10
-184.6732700280978
 20
180.1952986237578
 30
0.0
 11
-184.6732700280978
 21
146.2248574642203
 31
0.0
  0
LINE
  5
58A
330
A
100
AcDbEntity
  8
1.2DRWDWS
  6
Continuous
 48
24.0
370
     0
 62
     3
284
     3
100
AcDbLine
 10
-184.6732700280978
 20
180.1952986237578
 30
0.0
 11
-184.6732700280978
 21
180.9452986237578
 31
0.0
  0
LINE
  5
58B
330
A
100
AcDbEntity
  8
1.2DRWDWS
  6
Continuous
 48
24.0
370
     0
 62
     3
284
     3
100
AcDbLine
 10
-184.6732700280978
 20
180.1952986237578
 30
0.0
 11
-185.8655918054416
 21
180.1952986237578
 31
0.0
  0
LINE
  5
58C
330
A
100
AcDbEntity
  8
1.2DRWDWS
  6
Continuous
 48
24.0
370
     0
 62
     3
284
     3
100
AcDbLine
 10
-187.3655918054416
 20
179.4452986237578
 30
0.0
 11
-187.3655918054416
 21
180.1952986237578
 31
0.0
  0
LINE
  5
58D
330
A
100
AcDbEntity
  8
1.2DRWDWS
  6
Continuous
 48
24.0
370
     0
 62
     3
284
     3
100
AcDbLine
 10
-185.8655918054416
 20
179.4452986237578
 30
0.0
 11
-185.8655918054416
 21
180.1952986237578
 31
0.0
  0
LINE
  5
58E
330
A
100
AcDbEntity
  8
1.2DRWDWS
  6
Continuous
 48
24.0
370
     0
 62
     3
284
     3
100
AcDbLine
 10
-185.8655918054416
 20
179.4452986237578
 30
0.0
 11
-187.3655918054416
 21
179.4452986237578
 31
0.0
  0
LINE
  5
58F
330
A
100
AcDbEntity
  8
1.2DRWDWS
  6
Continuous
 48
24.0
370
     0
 62
     3
284
     3
100
AcDbLine
 10
-192.4232700280978
 20
146.2248574642203
 30
0.0
 11
-192.4232700280978
 21
142.7248574642203
 31
0.0
  0
LINE
  5
590
330
A
100
AcDbEntity
  8
1.2DRWDWS
  6
Continuous
 48
24.0
370
     0
 62
     3
284
     3
100
AcDbLine
 10
-184.6732700280978
 20
146.2248574642203
 30
0.0
 11
-185.8655918054416
 21
146.2248574642203
 31
0.0
  0
LINE
  5
591
330
A
100
AcDbEntity
  8
1.2DRWDWS
  6
Continuous
 48
24.0
370
     0
 62
     3
284
     3
100
AcDbLine
 10
-187.3655918054416
 20
146.2248574642203
 30
0.0
 11
-192.4232700280978
 21
146.2248574642203
 31
0.0
  0
LINE
  5
592
330
A
100
AcDbEntity
  8
1.2DRWDWS
  6
Continuous
 48
24.0
370
     0
 62
     3
284
     3
100
AcDbLine
 10
-187.3655918054416
 20
146.9748574642203
 30
0.0
 11
-187.3655918054416
 21
146.2248574642203
 31
0.0
  0
LINE
  5
593
330
A
100
AcDbEntity
  8
1.2DRWDWS
  6
Continuous
 48
24.0
370
     0
 62
     3
284
     3
100
AcDbLine
 10
-185.8655918054416
 20
146.9748574642203
 30
0.0
 11
-185.8655918054416
 21
146.2248574642203
 31
0.0
  0
LINE
  5
594
330
A
100
AcDbEntity
  8
1.2DRWDWS
  6
Continuous
 48
24.0
370
     0
 62
     3
284
     3
100
AcDbLine
 10
-185.8655918054416
 20
146.9748574642203
 30
0.0
 11
-187.3655918054416
 21
146.9748574642203
 31
0.0
  0
LINE
  5
595
330
A
100
AcDbEntity
  8
1.2DRWDWS
  6
Continuous
 48
12.0
370
     0
 62
     7
284
     3
100
AcDbLine
 10
-192.7982700280978
 20
220.1402881231389
 30
0.0
 11
-192.7982700280978
 21
142.3811074642203
 31
0.0
  0
LINE
  5
596
330
A
100
AcDbEntity
  8
1.2DRWDWS
  6
Continuous
 48
24.0
370
     0
 62
     7
284
     3
100
AcDbLine
 10
-192.7982700280978
 20
142.3811074642203
 30
0.0
 11
-191.7982700280978
 21
142.3811074642203
 31
0.0
  0
LINE
  5
597
330
A
100
AcDbEntity
  8
1.2DRWDWS
  6
Continuous
 48
24.0
370
     0
 62
    11
284
     3
100
AcDbLine
 10
-187.3655918054416
 20
178.1952986237578
 30
0.0
 11
-187.3655918054416
 21
148.2248574642203
 31
0.0
  0
LINE
  5
598
330
A
100
AcDbEntity
  8
1.2DRWDWS
  6
Continuous
 48
24.0
370
     0
 62
    11
284
     3
100
AcDbLine
 10
-189.1155918054416
 20
178.1952986237578
 30
0.0
 11
-189.1155918054416
 21
148.2248574642203
 31
0.0
  0
LINE
  5
599
330
A
100
AcDbEntity
  8
1.2DRWDWS
  6
Continuous
 48
24.0
370
     0
 62
     7
284
     3
100
AcDbLine
 10
-192.7982700280978
 20
220.1402881231389
 30
0.0
 11
-191.7982700280978
 21
220.1402881231389
 31
0.0
  0
LINE
  5
59A
330
A
100
AcDbEntity
  8
1.2DRWDWS
  6
Continuous
 48
24.0
370
     0
 62
     3
284
     3
100
AcDbLine
 10
-192.4232700280978
 20
219.7965381231389
 30
0.0
 11
-191.7982700280978
 21
219.7965381231389
 31
0.0
  0
LINE
  5
59B
330
A
100
AcDbEntity
  8
1.2DRWDWS
  6
Continuous
 48
24.0
370
     0
 62
     3
284
     3
100
AcDbLine
 10
-187.3655918054416
 20
180.1952986237578
 30
0.0
 11
-192.4232700280978
 21
180.1952986237578
 31
0.0
  0
LINE
  5
59C
330
A
100
AcDbEntity
  8
1.2DRWDWS
  6
Continuous
 48
24.0
370
     0
 62
     3
284
     3
100
AcDbLine
 10
-187.3655307702853
 20
182.7460798737578
 30
0.0
 11
-192.4232700280978
 21
182.7460798737578
 31
0.0
  0
LINE
  5
59D
330
A
100
AcDbEntity
  8
1.2DRWDWS
  6
Continuous
 48
24.0
370
     0
 62
     3
284
     3
100
AcDbLine
 10
-192.4232700280978
 20
180.1952986237578
 30
0.0
 11
-192.4232700280978
 21
182.7460798737578
 31
0.0
  0
LINE
  5
59E
330
A
100
AcDbEntity
  8
1.2DRWDWS
  6
Continuous
 48
24.0
370
     0
 62
     3
284
     3
100
AcDbLine
 10
-184.6732700280978
 20
146.2248574642203
 30
0.0
 11
-184.6732700280979
 21
142.7248574642203
 31
0.0
  0
LINE
  5
59F
330
A
100
AcDbEntity
  8
1.2DRWDWS
  6
Continuous
 48
24.0
370
     0
 62
     3
284
     3
100
AcDbLine
 10
-184.6732700280979
 20
142.7248574642203
 30
0.0
 11
-185.2982700280978
 21
142.7248574642203
 31
0.0
  0
LINE
  5
5A0
330
A
100
AcDbEntity
  8
1.2DRWDWS
  6
Continuous
 48
24.0
370
     0
 62
     3
284
     3
100
AcDbLine
 10
-184.6732700280978
 20
216.2077930059514
 30
0.0
 11
-184.6732700280978
 21
219.7965381231389
 31
0.0
  0
LINE
  5
5A1
330
A
100
AcDbEntity
  8
1.2DRWDWS
  6
Continuous
 48
24.0
370
     0
 62
     3
284
     3
100
AcDbLine
 10
-184.6732700280978
 20
219.7965381231389
 30
0.0
 11
-185.2982700280978
 21
219.7965381231389
 31
0.0
  0
POINT
  5
5A2
330
A
100
AcDbEntity
  8
1.2DRWDWS
  6
Continuous
370
     0
 62
    51
284
     3
100
AcDbPoint
 10
-191.7982700280977
 20
145.2248574642203
 30
0.0
 50
0.0
  0
LINE
  5
5A3
330
A
100
AcDbEntity
  8
1.2DRWDWS
  6
Continuous
 48
24.0
370
     0
 62
     3
284
     3
100
AcDbLine
 10
-78.2982700280978
 20
-287.400146484375
 30
0.0
 11
-78.2982700280978
 21
-286.775146484375
 31
0.0
  0
LINE
  5
5A4
330
A
100
AcDbEntity
  8
1.2DRWDWS
  6
Continuous
 48
12.0
370
     0
 62
     3
284
     3
100
AcDbLine
 10
-42.24987519425525
 20
-282.342529296875
 30
0.0
 11
-42.24987519425525
 21
-284.092529296875
 31
0.0
  0
LINE
  5
5A5
330
A
100
AcDbEntity
  8
1.2DRWDWS
  6
Continuous
 48
12.0
370
     0
 62
     3
284
     3
100
AcDbLine
 10
-42.24987519425525
 20
-282.342529296875
 30
0.0
 11
-44.24987519425525
 21
-282.342529296875
 31
0.0
  0
LINE
  5
5A6
330
A
100
AcDbEntity
  8
1.2DRWDWS
  6
Continuous
 48
12.0
370
     0
 62
     3
284
     3
100
AcDbLine
 10
-42.24987519425525
 20
-284.092529296875
 30
0.0
 11
-44.24987519425525
 21
-284.092529296875
 31
0.0
  0
LINE
  5
5A7
330
A
100
AcDbEntity
  8
1.2DRWDWS
  6
Continuous
 48
12.0
370
     0
 62
     3
284
     3
100
AcDbLine
 10
-42.24987519425525
 20
-283.217529296875
 30
0.0
 11
-18.76098963775645
 21
-283.217529296875
 31
0.0
  0
LINE
  5
5A8
330
A
100
AcDbEntity
  8
1.2DRWDWS
  6
Continuous
 48
12.0
370
     0
 62
     3
284
     3
100
AcDbLine
 10
-18.76098963775645
 20
-282.342529296875
 30
0.0
 11
-18.76098963775645
 21
-284.092529296875
 31
0.0
  0
LINE
  5
5A9
330
A
100
AcDbEntity
  8
1.2DRWDWS
  6
Continuous
 48
12.0
370
     0
 62
     3
284
     3
100
AcDbLine
 10
-16.76098963775645
 20
-282.342529296875
 30
0.0
 11
-18.76098963775645
 21
-282.342529296875
 31
0.0
  0
LINE
  5
5AA
330
A
100
AcDbEntity
  8
1.2DRWDWS
  6
Continuous
 48
12.0
370
     0
 62
     3
284
     3
100
AcDbLine
 10
-16.76098963775645
 20
-284.092529296875
 30
0.0
 11
-18.76098963775645
 21
-284.092529296875
 31
0.0
  0
LINE
  5
5AB
330
A
100
AcDbEntity
  8
1.2DRWDWS
  6
Continuous
 48
12.0
370
     0
 62
     7
284
     3
100
AcDbLine
 10
-44.24987519425525
 20
-279.650146484375
 30
0.0
 11
-16.76098963775645
 21
-279.650146484375
 31
0.0
  0
LINE
  5
5AC
330
A
100
AcDbEntity
  8
1.2DRWDWS
  6
Continuous
 48
24.0
370
     0
 62
     3
284
     3
100
AcDbLine
 10
-44.24987519425525
 20
-279.650146484375
 30
0.0
 11
-45.99987519425525
 21
-279.650146484375
 31
0.0
  0
LINE
  5
5AD
330
A
100
AcDbEntity
  8
1.2DRWDWS
  6
Continuous
 48
24.0
370
     0
 62
     3
284
     3
100
AcDbLine
 10
-44.24987519425525
 20
-279.650146484375
 30
0.0
 11
-44.24987519425525
 21
-280.8424072265625
 31
0.0
  0
LINE
  5
5AE
330
A
100
AcDbEntity
  8
1.2DRWDWS
  6
Continuous
 48
24.0
370
     0
 62
     3
284
     3
100
AcDbLine
 10
-43.49987519425525
 20
-282.3424072265625
 30
0.0
 11
-44.24987519425525
 21
-282.3424072265625
 31
0.0
  0
LINE
  5
5AF
330
A
100
AcDbEntity
  8
1.2DRWDWS
  6
Continuous
 48
24.0
370
     0
 62
     3
284
     3
100
AcDbLine
 10
-43.49987519425525
 20
-280.8424072265625
 30
0.0
 11
-44.24987519425525
 21
-280.8424072265625
 31
0.0
  0
LINE
  5
5B0
330
A
100
AcDbEntity
  8
1.2DRWDWS
  6
Continuous
 48
24.0
370
     0
 62
     3
284
     3
100
AcDbLine
 10
-43.49987519425525
 20
-280.8424072265625
 30
0.0
 11
-43.49987519425525
 21
-282.3424072265625
 31
0.0
  0
LINE
  5
5B1
330
A
100
AcDbEntity
  8
1.2DRWDWS
  6
Continuous
 48
24.0
370
     0
 62
     3
284
     3
100
AcDbLine
 10
-16.76098963775645
 20
-287.400146484375
 30
0.0
 11
-13.17224452056895
 21
-287.400146484375
 31
0.0
  0
LINE
  5
5B2
330
A
100
AcDbEntity
  8
1.2DRWDWS
  6
Continuous
 48
24.0
370
     0
 62
     3
284
     3
100
AcDbLine
 10
-16.76098963775645
 20
-279.650146484375
 30
0.0
 11
-16.76098963775645
 21
-280.8424072265625
 31
0.0
  0
LINE
  5
5B3
330
A
100
AcDbEntity
  8
1.2DRWDWS
  6
Continuous
 48
24.0
370
     0
 62
     3
284
     3
100
AcDbLine
 10
-16.76098963775645
 20
-282.3424072265625
 30
0.0
 11
-16.76098963775645
 21
-287.400146484375
 31
0.0
  0
LINE
  5
5B4
330
A
100
AcDbEntity
  8
1.2DRWDWS
  6
Continuous
 48
24.0
370
     0
 62
     3
284
     3
100
AcDbLine
 10
-17.51098963775645
 20
-282.3424072265625
 30
0.0
 11
-16.76098963775645
 21
-282.3424072265625
 31
0.0
  0
LINE
  5
5B5
330
A
100
AcDbEntity
  8
1.2DRWDWS
  6
Continuous
 48
24.0
370
     0
 62
     3
284
     3
100
AcDbLine
 10
-17.51098963775645
 20
-280.8424072265625
 30
0.0
 11
-16.76098963775645
 21
-280.8424072265625
 31
0.0
  0
LINE
  5
5B6
330
A
100
AcDbEntity
  8
1.2DRWDWS
  6
Continuous
 48
24.0
370
     0
 62
     3
284
     3
100
AcDbLine
 10
-17.51098963775645
 20
-280.8424072265625
 30
0.0
 11
-17.51098963775645
 21
-282.3424072265625
 31
0.0
  0
LINE
  5
5B7
330
A
100
AcDbEntity
  8
1.2DRWDWS
  6
Continuous
 48
24.0
370
     0
 62
    11
284
     3
100
AcDbLine
 10
-42.24987519425525
 20
-282.342529296875
 30
0.0
 11
-18.76098963775645
 21
-282.342529296875
 31
0.0
  0
LINE
  5
5B8
330
A
100
AcDbEntity
  8
1.2DRWDWS
  6
Continuous
 48
24.0
370
     0
 62
    11
284
     3
100
AcDbLine
 10
-42.24987519425525
 20
-284.092529296875
 30
0.0
 11
-18.76098963775645
 21
-284.092529296875
 31
0.0
  0
LINE
  5
5B9
330
A
100
AcDbEntity
  8
1.2DRWDWS
  6
Continuous
 48
12.0
370
     0
 62
     3
284
     3
100
AcDbLine
 10
-48.80065644425525
 20
-282.3424682617188
 30
0.0
 11
-48.80065644425525
 21
-284.0924682617188
 31
0.0
  0
LINE
  5
5BA
330
A
100
AcDbEntity
  8
1.2DRWDWS
  6
Continuous
 48
12.0
370
     0
 62
     3
284
     3
100
AcDbLine
 10
-48.80065644425525
 20
-282.3424682617188
 30
0.0
 11
-46.80065644425525
 21
-282.3424682617188
 31
0.0
  0
LINE
  5
5BB
330
A
100
AcDbEntity
  8
1.2DRWDWS
  6
Continuous
 48
12.0
370
     0
 62
     3
284
     3
100
AcDbLine
 10
-48.80065644425525
 20
-284.0924682617188
 30
0.0
 11
-46.80065644425525
 21
-284.0924682617188
 31
0.0
  0
LINE
  5
5BC
330
A
100
AcDbEntity
  8
1.2DRWDWS
  6
Continuous
 48
12.0
370
     0
 62
     3
284
     3
100
AcDbLine
 10
-48.80065644425525
 20
-283.2174682617188
 30
0.0
 11
-72.7982700280978
 21
-283.2174682617188
 31
0.0
  0
LINE
  5
5BD
330
A
100
AcDbEntity
  8
1.2DRWDWS
  6
Continuous
 48
12.0
370
     0
 62
     3
284
     3
100
AcDbLine
 10
-72.7982700280978
 20
-282.3424682617188
 30
0.0
 11
-72.7982700280978
 21
-284.0924682617188
 31
0.0
  0
LINE
  5
5BE
330
A
100
AcDbEntity
  8
1.2DRWDWS
  6
Continuous
 48
12.0
370
     0
 62
     3
284
     3
100
AcDbLine
 10
-74.7982700280978
 20
-282.3424682617188
 30
0.0
 11
-72.7982700280978
 21
-282.3424682617188
 31
0.0
  0
LINE
  5
5BF
330
A
100
AcDbEntity
  8
1.2DRWDWS
  6
Continuous
 48
12.0
370
     0
 62
     3
284
     3
100
AcDbLine
 10
-74.7982700280978
 20
-284.0924682617188
 30
0.0
 11
-72.7982700280978
 21
-284.0924682617188
 31
0.0
  0
LINE
  5
5C0
330
A
100
AcDbEntity
  8
1.2DRWDWS
  6
Continuous
 48
12.0
370
     0
 62
     7
284
     3
100
AcDbLine
 10
-46.80065644425525
 20
-279.650146484375
 30
0.0
 11
-74.7982700280978
 21
-279.650146484375
 31
0.0
  0
LINE
  5
5C1
330
A
100
AcDbEntity
  8
1.2DRWDWS
  6
Continuous
 48
24.0
370
     0
 62
     3
284
     3
100
AcDbLine
 10
-46.80065644425525
 20
-279.650146484375
 30
0.0
 11
-46.05065644425525
 21
-279.650146484375
 31
0.0
  0
LINE
  5
5C2
330
A
100
AcDbEntity
  8
1.2DRWDWS
  6
Continuous
 48
24.0
370
     0
 62
     3
284
     3
100
AcDbLine
 10
-46.80065644425525
 20
-279.650146484375
 30
0.0
 11
-46.80065644425525
 21
-280.8424682617188
 31
0.0
  0
LINE
  5
5C3
330
A
100
AcDbEntity
  8
1.2DRWDWS
  6
Continuous
 48
24.0
370
     0
 62
     3
284
     3
100
AcDbLine
 10
-47.55065644425525
 20
-282.3424682617188
 30
0.0
 11
-46.80065644425525
 21
-282.3424682617188
 31
0.0
  0
LINE
  5
5C4
330
A
100
AcDbEntity
  8
1.2DRWDWS
  6
Continuous
 48
24.0
370
     0
 62
     3
284
     3
100
AcDbLine
 10
-47.55065644425525
 20
-280.8424682617188
 30
0.0
 11
-46.80065644425525
 21
-280.8424682617188
 31
0.0
  0
LINE
  5
5C5
330
A
100
AcDbEntity
  8
1.2DRWDWS
  6
Continuous
 48
24.0
370
     0
 62
     3
284
     3
100
AcDbLine
 10
-47.55065644425525
 20
-280.8424682617188
 30
0.0
 11
-47.55065644425525
 21
-282.3424682617188
 31
0.0
  0
LINE
  5
5C6
330
A
100
AcDbEntity
  8
1.2DRWDWS
  6
Continuous
 48
24.0
370
     0
 62
     3
284
     3
100
AcDbLine
 10
-74.7982700280978
 20
-287.400146484375
 30
0.0
 11
-78.2982700280978
 21
-287.400146484375
 31
0.0
  0
LINE
  5
5C7
330
A
100
AcDbEntity
  8
1.2DRWDWS
  6
Continuous
 48
24.0
370
     0
 62
     3
284
     3
100
AcDbLine
 10
-74.7982700280978
 20
-279.650146484375
 30
0.0
 11
-74.7982700280978
 21
-280.8424682617188
 31
0.0
  0
LINE
  5
5C8
330
A
100
AcDbEntity
  8
1.2DRWDWS
  6
Continuous
 48
24.0
370
     0
 62
     3
284
     3
100
AcDbLine
 10
-74.7982700280978
 20
-282.3424682617188
 30
0.0
 11
-74.7982700280978
 21
-287.400146484375
 31
0.0
  0
LINE
  5
5C9
330
A
100
AcDbEntity
  8
1.2DRWDWS
  6
Continuous
 48
24.0
370
     0
 62
     3
284
     3
100
AcDbLine
 10
-74.0482700280978
 20
-282.3424682617188
 30
0.0
 11
-74.7982700280978
 21
-282.3424682617188
 31
0.0
  0
LINE
  5
5CA
330
A
100
AcDbEntity
  8
1.2DRWDWS
  6
Continuous
 48
24.0
370
     0
 62
     3
284
     3
100
AcDbLine
 10
-74.0482700280978
 20
-280.8424682617188
 30
0.0
 11
-74.7982700280978
 21
-280.8424682617188
 31
0.0
  0
LINE
  5
5CB
330
A
100
AcDbEntity
  8
1.2DRWDWS
  6
Continuous
 48
24.0
370
     0
 62
     3
284
     3
100
AcDbLine
 10
-74.0482700280978
 20
-280.8424682617188
 30
0.0
 11
-74.0482700280978
 21
-282.3424682617188
 31
0.0
  0
LINE
  5
5CC
330
A
100
AcDbEntity
  8
1.2DRWDWS
  6
Continuous
 48
12.0
370
     0
 62
     7
284
     3
100
AcDbLine
 10
-12.82849452056895
 20
-287.775146484375
 30
0.0
 11
-78.6420200280978
 21
-287.775146484375
 31
0.0
  0
LINE
  5
5CD
330
A
100
AcDbEntity
  8
1.2DRWDWS
  6
Continuous
 48
24.0
370
     0
 62
     7
284
     3
100
AcDbLine
 10
-78.6420200280978
 20
-287.775146484375
 30
0.0
 11
-78.6420200280978
 21
-286.775146484375
 31
0.0
  0
LINE
  5
5CE
330
A
100
AcDbEntity
  8
1.2DRWDWS
  6
Continuous
 48
24.0
370
     0
 62
    11
284
     3
100
AcDbLine
 10
-48.80065644425525
 20
-282.3424682617188
 30
0.0
 11
-72.7982700280978
 21
-282.3424682617188
 31
0.0
  0
LINE
  5
5CF
330
A
100
AcDbEntity
  8
1.2DRWDWS
  6
Continuous
 48
24.0
370
     0
 62
    11
284
     3
100
AcDbLine
 10
-48.80065644425525
 20
-284.0924682617188
 30
0.0
 11
-72.7982700280978
 21
-284.0924682617188
 31
0.0
  0
LINE
  5
5D0
330
A
100
AcDbEntity
  8
1.2DRWDWS
  6
Continuous
 48
24.0
370
     0
 62
     7
284
     3
100
AcDbLine
 10
-12.82849452056895
 20
-287.775146484375
 30
0.0
 11
-12.82849452056895
 21
-286.775146484375
 31
0.0
  0
LINE
  5
5D1
330
A
100
AcDbEntity
  8
1.2DRWDWS
  6
Continuous
 48
24.0
370
     0
 62
     3
284
     3
100
AcDbLine
 10
-13.17224452056895
 20
-287.400146484375
 30
0.0
 11
-13.17224452056895
 21
-286.775146484375
 31
0.0
  0
LINE
  5
5D2
330
A
100
AcDbEntity
  8
1.2DRWDWS
  6
Continuous
 48
24.0
370
     0
 62
     3
284
     3
100
AcDbLine
 10
-46.80065644425525
 20
-282.3424682617188
 30
0.0
 11
-46.80065644425525
 21
-287.400146484375
 31
0.0
  0
LINE
  5
5D3
330
A
100
AcDbEntity
  8
1.2DRWDWS
  6
Continuous
 48
24.0
370
     0
 62
     3
284
     3
100
AcDbLine
 10
-44.24987519425525
 20
-282.3424072265625
 30
0.0
 11
-44.24987519425525
 21
-287.400146484375
 31
0.0
  0
LINE
  5
5D4
330
A
100
AcDbEntity
  8
1.2DRWDWS
  6
Continuous
 48
24.0
370
     0
 62
     3
284
     3
100
AcDbLine
 10
-46.80065644425525
 20
-287.400146484375
 30
0.0
 11
-44.24987519425525
 21
-287.400146484375
 31
0.0
  0
LINE
  5
5D5
330
A
100
AcDbEntity
  8
1.2DRWDWS
  6
Continuous
 48
24.0
370
     0
 62
     3
284
     3
100
AcDbLine
 10
-74.7982700280978
 20
-279.650146484375
 30
0.0
 11
-78.2982700280978
 21
-279.650146484375
 31
0.0
  0
LINE
  5
5D6
330
A
100
AcDbEntity
  8
1.2DRWDWS
  6
Continuous
 48
24.0
370
     0
 62
     3
284
     3
100
AcDbLine
 10
-78.2982700280978
 20
-279.650146484375
 30
0.0
 11
-78.2982700280978
 21
-280.275146484375
 31
0.0
  0
LINE
  5
5D7
330
A
100
AcDbEntity
  8
1.2DRWDWS
  6
Continuous
 48
24.0
370
     0
 62
     3
284
     3
100
AcDbLine
 10
-16.76098963775645
 20
-279.650146484375
 30
0.0
 11
-13.17224452056895
 21
-279.650146484375
 31
0.0
  0
LINE
  5
5D8
330
A
100
AcDbEntity
  8
1.2DRWDWS
  6
Continuous
 48
24.0
370
     0
 62
     3
284
     3
100
AcDbLine
 10
-13.17224452056895
 20
-279.650146484375
 30
0.0
 11
-13.17224452056895
 21
-280.275146484375
 31
0.0
  0
POINT
  5
5D9
330
A
100
AcDbEntity
  8
1.2DRWDWS
  6
Continuous
370
     0
 62
    51
284
     3
100
AcDbPoint
 10
-75.79827002809785
 20
-286.775146484375
 30
0.0
 50
0.0
  0
LINE
  5
5DA
330
A
100
AcDbEntity
  8
1.2DRWDWS
  6
Continuous
 48
12.0
370
     0
 62
     3
284
     3
100
AcDbLine
 10
-80.75611557548343
 20
-280.275146484375
 30
0.0
 11
-80.75611557548343
 21
-234.5251385871842
 31
0.0
  0
LINE
  5
5DB
330
A
100
AcDbEntity
  8
1.2DRWDWS
  6
Continuous
 48
12.0
370
     0
 62
     1
284
     3
100
AcDbLine
 10
-141.1808112462161
 20
-278.7751425357795
 30
0.0
 11
-141.180811246216
 21
-279.6500854492188
 31
0.0
  0
LINE
  5
5DC
330
A
100
AcDbEntity
  8
1.2DRWDWS
  6
Continuous
 48
12.0
370
     0
 62
     1
284
     3
100
AcDbLine
 10
-142.680811246216
 20
-277.2751425357796
 30
0.0
 11
-142.680811246216
 21
-279.6500854492188
 31
0.0
  0
LINE
  5
5DD
330
A
100
AcDbEntity
  8
1.2DRWDWS
  6
Continuous
 48
24.0
370
     0
 62
     3
284
     3
100
AcDbLine
 10
265.8267299719023
 20
36.10986856251468
 30
0.0
 11
265.2017299719023
 21
36.10986856251468
 31
0.0
  0
LINE
  5
5DE
330
A
100
AcDbEntity
  8
1.2DRWDWS
  6
Continuous
 48
12.0
370
     0
 62
     3
284
     3
100
AcDbLine
 10
263.394051749246
 20
30.60986856251468
 30
0.0
 11
263.3941127844023
 21
2.811329659099499
 31
0.0
  0
LINE
  5
5DF
330
A
100
AcDbEntity
  8
1.2DRWDWS
  6
Continuous
 48
12.0
370
     0
 62
     3
284
     3
100
AcDbLine
 10
262.5191127844023
 20
2.811329659099499
 30
0.0
 11
264.2691127844023
 21
2.811329659099499
 31
0.0
  0
LINE
  5
5E0
330
A
100
AcDbEntity
  8
1.2DRWDWS
  6
Continuous
 48
12.0
370
     0
 62
     3
284
     3
100
AcDbLine
 10
262.5191127844023
 20
0.8113296590994992
 30
0.0
 11
262.5191127844023
 21
2.811329659099499
 31
0.0
  0
LINE
  5
5E1
330
A
100
AcDbEntity
  8
1.2DRWDWS
  6
Continuous
 48
12.0
370
     0
 62
     3
284
     3
100
AcDbLine
 10
264.2691127844023
 20
0.8113296590994992
 30
0.0
 11
264.2691127844023
 21
2.811329659099499
 31
0.0
  0
LINE
  5
5E2
330
A
100
AcDbEntity
  8
1.2DRWDWS
  6
Continuous
 48
24.0
370
     0
 62
     3
284
     3
100
AcDbLine
 10
265.8267299719023
 20
0.8113296590994992
 30
0.0
 11
265.8267299719023
 21
-2.777415458088001
 31
0.0
  0
LINE
  5
5E3
330
A
100
AcDbEntity
  8
1.2DRWDWS
  6
Continuous
 48
24.0
370
     0
 62
     3
284
     3
100
AcDbLine
 10
258.0767299719023
 20
0.8113296590994992
 30
0.0
 11
261.0189907140898
 21
0.8113296590994992
 31
0.0
  0
LINE
  5
5E4
330
A
100
AcDbEntity
  8
1.2DRWDWS
  6
Continuous
 48
24.0
370
     0
 62
     3
284
     3
100
AcDbLine
 10
262.5189907140898
 20
0.8113296590994992
 30
0.0
 11
265.8267299719023
 21
0.8113296590994992
 31
0.0
  0
LINE
  5
5E5
330
A
100
AcDbEntity
  8
1.2DRWDWS
  6
Continuous
 48
24.0
370
     0
 62
     3
284
     3
100
AcDbLine
 10
262.5189907140898
 20
1.561329659099499
 30
0.0
 11
262.5189907140898
 21
0.8113296590994992
 31
0.0
  0
LINE
  5
5E6
330
A
100
AcDbEntity
  8
1.2DRWDWS
  6
Continuous
 48
24.0
370
     0
 62
     3
284
     3
100
AcDbLine
 10
261.0189907140898
 20
1.561329659099499
 30
0.0
 11
261.0189907140898
 21
0.8113296590994992
 31
0.0
  0
LINE
  5
5E7
330
A
100
AcDbEntity
  8
1.2DRWDWS
  6
Continuous
 48
24.0
370
     0
 62
     3
284
     3
100
AcDbLine
 10
261.0189907140898
 20
1.561329659099499
 30
0.0
 11
262.5189907140898
 21
1.561329659099499
 31
0.0
  0
LINE
  5
5E8
330
A
100
AcDbEntity
  8
1.2DRWDWS
  6
Continuous
 48
12.0
370
     0
 62
     3
284
     3
100
AcDbLine
 10
262.519051749246
 20
30.60986856251468
 30
0.0
 11
264.269051749246
 21
30.60986856251468
 31
0.0
  0
LINE
  5
5E9
330
A
100
AcDbEntity
  8
1.2DRWDWS
  6
Continuous
 48
12.0
370
     0
 62
     3
284
     3
100
AcDbLine
 10
262.519051749246
 20
32.60986856251468
 30
0.0
 11
262.519051749246
 21
30.60986856251468
 31
0.0
  0
LINE
  5
5EA
330
A
100
AcDbEntity
  8
1.2DRWDWS
  6
Continuous
 48
12.0
370
     0
 62
     3
284
     3
100
AcDbLine
 10
264.269051749246
 20
32.60986856251468
 30
0.0
 11
264.269051749246
 21
30.60986856251468
 31
0.0
  0
LINE
  5
5EB
330
A
100
AcDbEntity
  8
1.2DRWDWS
  6
Continuous
 48
12.0
370
     0
 62
     7
284
     3
100
AcDbLine
 10
258.0767299719023
 20
0.8113296590994992
 30
0.0
 11
258.0767299719023
 21
32.60986856251468
 31
0.0
  0
LINE
  5
5EC
330
A
100
AcDbEntity
  8
1.2DRWDWS
  6
Continuous
 48
24.0
370
     0
 62
     3
284
     3
100
AcDbLine
 10
265.8267299719023
 20
32.60986856251468
 30
0.0
 11
265.8267299719023
 21
36.10986856251468
 31
0.0
  0
LINE
  5
5ED
330
A
100
AcDbEntity
  8
1.2DRWDWS
  6
Continuous
 48
24.0
370
     0
 62
     3
284
     3
100
AcDbLine
 10
258.0767299719023
 20
32.60986856251468
 30
0.0
 11
261.019051749246
 21
32.60986856251468
 31
0.0
  0
LINE
  5
5EE
330
A
100
AcDbEntity
  8
1.2DRWDWS
  6
Continuous
 48
24.0
370
     0
 62
     3
284
     3
100
AcDbLine
 10
262.519051749246
 20
32.60986856251468
 30
0.0
 11
265.8267299719023
 21
32.60986856251468
 31
0.0
  0
LINE
  5
5EF
330
A
100
AcDbEntity
  8
1.2DRWDWS
  6
Continuous
 48
24.0
370
     0
 62
     3
284
     3
100
AcDbLine
 10
262.519051749246
 20
31.85986856251468
 30
0.0
 11
262.519051749246
 21
32.60986856251468
 31
0.0
  0
LINE
  5
5F0
330
A
100
AcDbEntity
  8
1.2DRWDWS
  6
Continuous
 48
24.0
370
     0
 62
     3
284
     3
100
AcDbLine
 10
261.019051749246
 20
31.85986856251468
 30
0.0
 11
261.019051749246
 21
32.60986856251468
 31
0.0
  0
LINE
  5
5F1
330
A
100
AcDbEntity
  8
1.2DRWDWS
  6
Continuous
 48
24.0
370
     0
 62
     3
284
     3
100
AcDbLine
 10
261.019051749246
 20
31.85986856251468
 30
0.0
 11
262.519051749246
 21
31.85986856251468
 31
0.0
  0
LINE
  5
5F2
330
A
100
AcDbEntity
  8
1.2DRWDWS
  6
Continuous
 48
12.0
370
     0
 62
     7
284
     3
100
AcDbLine
 10
266.2017299719023
 20
-3.121165458088001
 30
0.0
 11
266.2017299719023
 21
36.45361856251468
 31
0.0
  0
LINE
  5
5F3
330
A
100
AcDbEntity
  8
1.2DRWDWS
  6
Continuous
 48
24.0
370
     0
 62
     7
284
     3
100
AcDbLine
 10
266.2017299719023
 20
36.45361856251468
 30
0.0
 11
265.2017299719023
 21
36.45361856251468
 31
0.0
  0
LINE
  5
5F4
330
A
100
AcDbEntity
  8
1.2DRWDWS
  6
Continuous
 48
24.0
370
     0
 62
    11
284
     3
100
AcDbLine
 10
262.5191127844023
 20
2.811329659099499
 30
0.0
 11
262.519051749246
 21
30.60986856251468
 31
0.0
  0
LINE
  5
5F5
330
A
100
AcDbEntity
  8
1.2DRWDWS
  6
Continuous
 48
24.0
370
     0
 62
    11
284
     3
100
AcDbLine
 10
264.2691127844023
 20
2.811329659099499
 30
0.0
 11
264.269051749246
 21
30.60986856251468
 31
0.0
  0
LINE
  5
5F6
330
A
100
AcDbEntity
  8
1.2DRWDWS
  6
Continuous
 48
24.0
370
     0
 62
     7
284
     3
100
AcDbLine
 10
266.2017299719023
 20
-3.121165458088001
 30
0.0
 11
265.2017299719023
 21
-3.121165458088001
 31
0.0
  0
LINE
  5
5F7
330
A
100
AcDbEntity
  8
1.2DRWDWS
  6
Continuous
 48
24.0
370
     0
 62
     3
284
     3
100
AcDbLine
 10
265.8267299719023
 20
-2.777415458088001
 30
0.0
 11
265.2017299719023
 21
-2.777415458088001
 31
0.0
  0
LINE
  5
5F8
330
A
100
AcDbEntity
  8
1.2DRWDWS
  6
Continuous
 48
24.0
370
     0
 62
     3
284
     3
100
AcDbLine
 10
258.0767299719023
 20
32.60986856251468
 30
0.0
 11
258.0767299719023
 21
36.10986856251468
 31
0.0
  0
LINE
  5
5F9
330
A
100
AcDbEntity
  8
1.2DRWDWS
  6
Continuous
 48
24.0
370
     0
 62
     3
284
     3
100
AcDbLine
 10
258.0767299719023
 20
36.10986856251468
 30
0.0
 11
258.7017299719023
 21
36.10986856251468
 31
0.0
  0
LINE
  5
5FA
330
A
100
AcDbEntity
  8
1.2DRWDWS
  6
Continuous
 48
24.0
370
     0
 62
     3
284
     3
100
AcDbLine
 10
258.0767299719023
 20
0.8113296590994992
 30
0.0
 11
258.0767299719023
 21
-2.777415458088001
 31
0.0
  0
LINE
  5
5FB
330
A
100
AcDbEntity
  8
1.2DRWDWS
  6
Continuous
 48
24.0
370
     0
 62
     3
284
     3
100
AcDbLine
 10
258.0767299719023
 20
-2.777415458088001
 30
0.0
 11
258.7017299719023
 21
-2.777415458088001
 31
0.0
  0
POINT
  5
5FC
330
A
100
AcDbEntity
  8
1.2DRWDWS
  6
Continuous
370
     0
 62
    51
284
     3
100
AcDbPoint
 10
265.2017299719023
 20
33.60986856251468
 30
0.0
 50
0.0
  0
LINE
  5
5FD
330
A
100
AcDbEntity
  8
1.2DRWDWS
  6
Continuous
 48
24.0
370
     0
 62
     3
284
     3
100
AcDbLine
 10
265.8267299719023
 20
-96.77514253577962
 30
0.0
 11
265.2017299719023
 21
-96.77514253577962
 31
0.0
  0
LINE
  5
5FE
330
A
100
AcDbEntity
  8
1.2DRWDWS
  6
Continuous
 48
12.0
370
     0
 62
     3
284
     3
100
AcDbLine
 10
263.394051749246
 20
-102.2751425357796
 30
0.0
 11
263.3941127844023
 21
-132.3036592426062
 31
0.0
  0
LINE
  5
5FF
330
A
100
AcDbEntity
  8
1.2DRWDWS
  6
Continuous
 48
12.0
370
     0
 62
     3
284
     3
100
AcDbLine
 10
262.5191127844023
 20
-132.3036592426062
 30
0.0
 11
264.2691127844023
 21
-132.3036592426062
 31
0.0
  0
LINE
  5
600
330
A
100
AcDbEntity
  8
1.2DRWDWS
  6
Continuous
 48
12.0
370
     0
 62
     3
284
     3
100
AcDbLine
 10
262.5191127844023
 20
-134.3036592426062
 30
0.0
 11
262.5191127844023
 21
-132.3036592426062
 31
0.0
  0
LINE
  5
601
330
A
100
AcDbEntity
  8
1.2DRWDWS
  6
Continuous
 48
12.0
370
     0
 62
     3
284
     3
100
AcDbLine
 10
264.2691127844023
 20
-134.3036592426062
 30
0.0
 11
264.2691127844023
 21
-132.3036592426062
 31
0.0
  0
LINE
  5
602
330
A
100
AcDbEntity
  8
1.2DRWDWS
  6
Continuous
 48
24.0
370
     0
 62
     3
284
     3
100
AcDbLine
 10
265.8267299719023
 20
-134.3036592426062
 30
0.0
 11
265.8267299719023
 21
-137.8924043597937
 31
0.0
  0
LINE
  5
603
330
A
100
AcDbEntity
  8
1.2DRWDWS
  6
Continuous
 48
24.0
370
     0
 62
     3
284
     3
100
AcDbLine
 10
258.0767299719023
 20
-134.3036592426062
 30
0.0
 11
261.0189907140898
 21
-134.3036592426062
 31
0.0
  0
LINE
  5
604
330
A
100
AcDbEntity
  8
1.2DRWDWS
  6
Continuous
 48
24.0
370
     0
 62
     3
284
     3
100
AcDbLine
 10
262.5189907140898
 20
-134.3036592426062
 30
0.0
 11
265.8267299719023
 21
-134.3036592426062
 31
0.0
  0
LINE
  5
605
330
A
100
AcDbEntity
  8
1.2DRWDWS
  6
Continuous
 48
24.0
370
     0
 62
     3
284
     3
100
AcDbLine
 10
262.5189907140898
 20
-133.5536592426062
 30
0.0
 11
262.5189907140898
 21
-134.3036592426062
 31
0.0
  0
LINE
  5
606
330
A
100
AcDbEntity
  8
1.2DRWDWS
  6
Continuous
 48
24.0
370
     0
 62
     3
284
     3
100
AcDbLine
 10
261.0189907140898
 20
-133.5536592426062
 30
0.0
 11
261.0189907140898
 21
-134.3036592426062
 31
0.0
  0
LINE
  5
607
330
A
100
AcDbEntity
  8
1.2DRWDWS
  6
Continuous
 48
24.0
370
     0
 62
     3
284
     3
100
AcDbLine
 10
261.0189907140898
 20
-133.5536592426062
 30
0.0
 11
262.5189907140898
 21
-133.5536592426062
 31
0.0
  0
LINE
  5
608
330
A
100
AcDbEntity
  8
1.2DRWDWS
  6
Continuous
 48
12.0
370
     0
 62
     3
284
     3
100
AcDbLine
 10
262.519051749246
 20
-102.2751425357796
 30
0.0
 11
264.269051749246
 21
-102.2751425357796
 31
0.0
  0
LINE
  5
609
330
A
100
AcDbEntity
  8
1.2DRWDWS
  6
Continuous
 48
12.0
370
     0
 62
     3
284
     3
100
AcDbLine
 10
262.519051749246
 20
-100.2751425357796
 30
0.0
 11
262.519051749246
 21
-102.2751425357796
 31
0.0
  0
LINE
  5
60A
330
A
100
AcDbEntity
  8
1.2DRWDWS
  6
Continuous
 48
12.0
370
     0
 62
     3
284
     3
100
AcDbLine
 10
264.269051749246
 20
-100.2751425357796
 30
0.0
 11
264.269051749246
 21
-102.2751425357796
 31
0.0
  0
LINE
  5
60B
330
A
100
AcDbEntity
  8
1.2DRWDWS
  6
Continuous
 48
12.0
370
     0
 62
     7
284
     3
100
AcDbLine
 10
258.0767299719023
 20
-134.3036592426062
 30
0.0
 11
258.0767299719023
 21
-100.2751425357796
 31
0.0
  0
LINE
  5
60C
330
A
100
AcDbEntity
  8
1.2DRWDWS
  6
Continuous
 48
24.0
370
     0
 62
     3
284
     3
100
AcDbLine
 10
265.8267299719023
 20
-100.2751425357796
 30
0.0
 11
265.8267299719023
 21
-96.77514253577962
 31
0.0
  0
LINE
  5
60D
330
A
100
AcDbEntity
  8
1.2DRWDWS
  6
Continuous
 48
24.0
370
     0
 62
     3
284
     3
100
AcDbLine
 10
258.0767299719023
 20
-100.2751425357796
 30
0.0
 11
261.019051749246
 21
-100.2751425357796
 31
0.0
  0
LINE
  5
60E
330
A
100
AcDbEntity
  8
1.2DRWDWS
  6
Continuous
 48
24.0
370
     0
 62
     3
284
     3
100
AcDbLine
 10
262.519051749246
 20
-100.2751425357796
 30
0.0
 11
265.8267299719023
 21
-100.2751425357796
 31
0.0
  0
LINE
  5
60F
330
A
100
AcDbEntity
  8
1.2DRWDWS
  6
Continuous
 48
24.0
370
     0
 62
     3
284
     3
100
AcDbLine
 10
262.519051749246
 20
-101.0251425357796
 30
0.0
 11
262.519051749246
 21
-100.2751425357796
 31
0.0
  0
LINE
  5
610
330
A
100
AcDbEntity
  8
1.2DRWDWS
  6
Continuous
 48
24.0
370
     0
 62
     3
284
     3
100
AcDbLine
 10
261.019051749246
 20
-101.0251425357796
 30
0.0
 11
261.019051749246
 21
-100.2751425357796
 31
0.0
  0
LINE
  5
611
330
A
100
AcDbEntity
  8
1.2DRWDWS
  6
Continuous
 48
24.0
370
     0
 62
     3
284
     3
100
AcDbLine
 10
261.019051749246
 20
-101.0251425357796
 30
0.0
 11
262.519051749246
 21
-101.0251425357796
 31
0.0
  0
LINE
  5
612
330
A
100
AcDbEntity
  8
1.2DRWDWS
  6
Continuous
 48
12.0
370
     0
 62
     7
284
     3
100
AcDbLine
 10
266.2017299719023
 20
-138.2361543597937
 30
0.0
 11
266.2017299719023
 21
-96.43139253577962
 31
0.0
  0
LINE
  5
613
330
A
100
AcDbEntity
  8
1.2DRWDWS
  6
Continuous
 48
24.0
370
     0
 62
     7
284
     3
100
AcDbLine
 10
266.2017299719023
 20
-96.43139253577962
 30
0.0
 11
265.2017299719023
 21
-96.43139253577962
 31
0.0
  0
LINE
  5
614
330
A
100
AcDbEntity
  8
1.2DRWDWS
  6
Continuous
 48
24.0
370
     0
 62
    11
284
     3
100
AcDbLine
 10
262.5191127844023
 20
-132.3036592426062
 30
0.0
 11
262.519051749246
 21
-102.2751425357796
 31
0.0
  0
LINE
  5
615
330
A
100
AcDbEntity
  8
1.2DRWDWS
  6
Continuous
 48
24.0
370
     0
 62
    11
284
     3
100
AcDbLine
 10
264.2691127844023
 20
-132.3036592426062
 30
0.0
 11
264.269051749246
 21
-102.2751425357796
 31
0.0
  0
LINE
  5
616
330
A
100
AcDbEntity
  8
1.2DRWDWS
  6
Continuous
 48
24.0
370
     0
 62
     7
284
     3
100
AcDbLine
 10
266.2017299719023
 20
-138.2361543597937
 30
0.0
 11
265.2017299719023
 21
-138.2361543597937
 31
0.0
  0
LINE
  5
617
330
A
100
AcDbEntity
  8
1.2DRWDWS
  6
Continuous
 48
24.0
370
     0
 62
     3
284
     3
100
AcDbLine
 10
265.8267299719023
 20
-137.8924043597937
 30
0.0
 11
265.2017299719023
 21
-137.8924043597937
 31
0.0
  0
LINE
  5
618
330
A
100
AcDbEntity
  8
1.2DRWDWS
  6
Continuous
 48
24.0
370
     0
 62
     3
284
     3
100
AcDbLine
 10
258.0767299719023
 20
-100.2751425357796
 30
0.0
 11
258.0767299719023
 21
-96.77514253577962
 31
0.0
  0
LINE
  5
619
330
A
100
AcDbEntity
  8
1.2DRWDWS
  6
Continuous
 48
24.0
370
     0
 62
     3
284
     3
100
AcDbLine
 10
258.0767299719023
 20
-96.77514253577962
 30
0.0
 11
258.7017299719023
 21
-96.77514253577962
 31
0.0
  0
LINE
  5
61A
330
A
100
AcDbEntity
  8
1.2DRWDWS
  6
Continuous
 48
24.0
370
     0
 62
     3
284
     3
100
AcDbLine
 10
258.0767299719023
 20
-134.3036592426062
 30
0.0
 11
258.0767299719023
 21
-137.8924043597937
 31
0.0
  0
LINE
  5
61B
330
A
100
AcDbEntity
  8
1.2DRWDWS
  6
Continuous
 48
24.0
370
     0
 62
     3
284
     3
100
AcDbLine
 10
258.0767299719023
 20
-137.8924043597937
 30
0.0
 11
258.7017299719023
 21
-137.8924043597937
 31
0.0
  0
POINT
  5
61C
330
A
100
AcDbEntity
  8
1.2DRWDWS
  6
Continuous
370
     0
 62
    51
284
     3
100
AcDbPoint
 10
265.2017299719023
 20
-99.27514253577962
 30
0.0
 50
0.0
  0
LINE
  5
61D
330
A
100
AcDbEntity
  8
1.2DRWDWS
  6
Continuous
 48
24.0
370
     0
 62
     3
284
     3
100
AcDbLine
 10
265.8267299719023
 20
-230.7751425357796
 30
0.0
 11
265.2017299719023
 21
-230.7751425357796
 31
0.0
  0
LINE
  5
61E
330
A
100
AcDbEntity
  8
1.2DRWDWS
  6
Continuous
 48
12.0
370
     0
 62
     3
284
     3
100
AcDbLine
 10
263.394051749246
 20
-236.2751425357796
 30
0.0
 11
263.3941127844023
 21
-266.3036592426062
 31
0.0
  0
LINE
  5
61F
330
A
100
AcDbEntity
  8
1.2DRWDWS
  6
Continuous
 48
12.0
370
     0
 62
     3
284
     3
100
AcDbLine
 10
262.5191127844023
 20
-266.3036592426062
 30
0.0
 11
264.2691127844023
 21
-266.3036592426062
 31
0.0
  0
LINE
  5
620
330
A
100
AcDbEntity
  8
1.2DRWDWS
  6
Continuous
 48
12.0
370
     0
 62
     3
284
     3
100
AcDbLine
 10
262.5191127844023
 20
-268.3036592426062
 30
0.0
 11
262.5191127844023
 21
-266.3036592426062
 31
0.0
  0
LINE
  5
621
330
A
100
AcDbEntity
  8
1.2DRWDWS
  6
Continuous
 48
12.0
370
     0
 62
     3
284
     3
100
AcDbLine
 10
264.2691127844023
 20
-268.3036592426062
 30
0.0
 11
264.2691127844023
 21
-266.3036592426062
 31
0.0
  0
LINE
  5
622
330
A
100
AcDbEntity
  8
1.2DRWDWS
  6
Continuous
 48
24.0
370
     0
 62
     3
284
     3
100
AcDbLine
 10
265.8267299719023
 20
-268.3036592426062
 30
0.0
 11
265.8267299719023
 21
-271.8924043597937
 31
0.0
  0
LINE
  5
623
330
A
100
AcDbEntity
  8
1.2DRWDWS
  6
Continuous
 48
24.0
370
     0
 62
     3
284
     3
100
AcDbLine
 10
258.0767299719023
 20
-268.3036592426062
 30
0.0
 11
261.0189907140898
 21
-268.3036592426062
 31
0.0
  0
LINE
  5
624
330
A
100
AcDbEntity
  8
1.2DRWDWS
  6
Continuous
 48
24.0
370
     0
 62
     3
284
     3
100
AcDbLine
 10
262.5189907140898
 20
-268.3036592426062
 30
0.0
 11
265.8267299719023
 21
-268.3036592426062
 31
0.0
  0
LINE
  5
625
330
A
100
AcDbEntity
  8
1.2DRWDWS
  6
Continuous
 48
24.0
370
     0
 62
     3
284
     3
100
AcDbLine
 10
262.5189907140898
 20
-267.5536592426062
 30
0.0
 11
262.5189907140898
 21
-268.3036592426062
 31
0.0
  0
LINE
  5
626
330
A
100
AcDbEntity
  8
1.2DRWDWS
  6
Continuous
 48
24.0
370
     0
 62
     3
284
     3
100
AcDbLine
 10
261.0189907140898
 20
-267.5536592426062
 30
0.0
 11
261.0189907140898
 21
-268.3036592426062
 31
0.0
  0
LINE
  5
627
330
A
100
AcDbEntity
  8
1.2DRWDWS
  6
Continuous
 48
24.0
370
     0
 62
     3
284
     3
100
AcDbLine
 10
261.0189907140898
 20
-267.5536592426062
 30
0.0
 11
262.5189907140898
 21
-267.5536592426062
 31
0.0
  0
LINE
  5
628
330
A
100
AcDbEntity
  8
1.2DRWDWS
  6
Continuous
 48
12.0
370
     0
 62
     3
284
     3
100
AcDbLine
 10
262.519051749246
 20
-236.2751425357796
 30
0.0
 11
264.269051749246
 21
-236.2751425357796
 31
0.0
  0
LINE
  5
629
330
A
100
AcDbEntity
  8
1.2DRWDWS
  6
Continuous
 48
12.0
370
     0
 62
     3
284
     3
100
AcDbLine
 10
262.519051749246
 20
-234.2751425357796
 30
0.0
 11
262.519051749246
 21
-236.2751425357796
 31
0.0
  0
LINE
  5
62A
330
A
100
AcDbEntity
  8
1.2DRWDWS
  6
Continuous
 48
12.0
370
     0
 62
     3
284
     3
100
AcDbLine
 10
264.269051749246
 20
-234.2751425357796
 30
0.0
 11
264.269051749246
 21
-236.2751425357796
 31
0.0
  0
LINE
  5
62B
330
A
100
AcDbEntity
  8
1.2DRWDWS
  6
Continuous
 48
12.0
370
     0
 62
     7
284
     3
100
AcDbLine
 10
258.0767299719023
 20
-268.3036592426062
 30
0.0
 11
258.0767299719023
 21
-234.2751425357796
 31
0.0
  0
LINE
  5
62C
330
A
100
AcDbEntity
  8
1.2DRWDWS
  6
Continuous
 48
24.0
370
     0
 62
     3
284
     3
100
AcDbLine
 10
265.8267299719023
 20
-234.2751425357796
 30
0.0
 11
265.8267299719023
 21
-230.7751425357796
 31
0.0
  0
LINE
  5
62D
330
A
100
AcDbEntity
  8
1.2DRWDWS
  6
Continuous
 48
24.0
370
     0
 62
     3
284
     3
100
AcDbLine
 10
258.0767299719023
 20
-234.2751425357796
 30
0.0
 11
261.019051749246
 21
-234.2751425357796
 31
0.0
  0
LINE
  5
62E
330
A
100
AcDbEntity
  8
1.2DRWDWS
  6
Continuous
 48
24.0
370
     0
 62
     3
284
     3
100
AcDbLine
 10
262.519051749246
 20
-234.2751425357796
 30
0.0
 11
265.8267299719023
 21
-234.2751425357796
 31
0.0
  0
LINE
  5
62F
330
A
100
AcDbEntity
  8
1.2DRWDWS
  6
Continuous
 48
24.0
370
     0
 62
     3
284
     3
100
AcDbLine
 10
262.519051749246
 20
-235.0251425357796
 30
0.0
 11
262.519051749246
 21
-234.2751425357796
 31
0.0
  0
LINE
  5
630
330
A
100
AcDbEntity
  8
1.2DRWDWS
  6
Continuous
 48
24.0
370
     0
 62
     3
284
     3
100
AcDbLine
 10
261.019051749246
 20
-235.0251425357796
 30
0.0
 11
261.019051749246
 21
-234.2751425357796
 31
0.0
  0
LINE
  5
631
330
A
100
AcDbEntity
  8
1.2DRWDWS
  6
Continuous
 48
24.0
370
     0
 62
     3
284
     3
100
AcDbLine
 10
261.019051749246
 20
-235.0251425357796
 30
0.0
 11
262.519051749246
 21
-235.0251425357796
 31
0.0
  0
LINE
  5
632
330
A
100
AcDbEntity
  8
1.2DRWDWS
  6
Continuous
 48
12.0
370
     0
 62
     7
284
     3
100
AcDbLine
 10
266.2017299719023
 20
-272.2361543597937
 30
0.0
 11
266.2017299719023
 21
-230.4313925357796
 31
0.0
  0
LINE
  5
633
330
A
100
AcDbEntity
  8
1.2DRWDWS
  6
Continuous
 48
24.0
370
     0
 62
     7
284
     3
100
AcDbLine
 10
266.2017299719023
 20
-230.4313925357796
 30
0.0
 11
265.2017299719023
 21
-230.4313925357796
 31
0.0
  0
LINE
  5
634
330
A
100
AcDbEntity
  8
1.2DRWDWS
  6
Continuous
 48
24.0
370
     0
 62
    11
284
     3
100
AcDbLine
 10
262.5191127844023
 20
-266.3036592426062
 30
0.0
 11
262.519051749246
 21
-236.2751425357796
 31
0.0
  0
LINE
  5
635
330
A
100
AcDbEntity
  8
1.2DRWDWS
  6
Continuous
 48
24.0
370
     0
 62
    11
284
     3
100
AcDbLine
 10
264.2691127844023
 20
-266.3036592426062
 30
0.0
 11
264.269051749246
 21
-236.2751425357796
 31
0.0
  0
LINE
  5
636
330
A
100
AcDbEntity
  8
1.2DRWDWS
  6
Continuous
 48
24.0
370
     0
 62
     7
284
     3
100
AcDbLine
 10
266.2017299719023
 20
-272.2361543597937
 30
0.0
 11
265.2017299719023
 21
-272.2361543597937
 31
0.0
  0
LINE
  5
637
330
A
100
AcDbEntity
  8
1.2DRWDWS
  6
Continuous
 48
24.0
370
     0
 62
     3
284
     3
100
AcDbLine
 10
265.8267299719023
 20
-271.8924043597937
 30
0.0
 11
265.2017299719023
 21
-271.8924043597937
 31
0.0
  0
LINE
  5
638
330
A
100
AcDbEntity
  8
1.2DRWDWS
  6
Continuous
 48
24.0
370
     0
 62
     3
284
     3
100
AcDbLine
 10
258.0767299719023
 20
-234.2751425357796
 30
0.0
 11
258.0767299719023
 21
-230.7751425357796
 31
0.0
  0
LINE
  5
639
330
A
100
AcDbEntity
  8
1.2DRWDWS
  6
Continuous
 48
24.0
370
     0
 62
     3
284
     3
100
AcDbLine
 10
258.0767299719023
 20
-230.7751425357796
 30
0.0
 11
258.7017299719023
 21
-230.7751425357796
 31
0.0
  0
LINE
  5
63A
330
A
100
AcDbEntity
  8
1.2DRWDWS
  6
Continuous
 48
24.0
370
     0
 62
     3
284
     3
100
AcDbLine
 10
258.0767299719023
 20
-268.3036592426062
 30
0.0
 11
258.0767299719023
 21
-271.8924043597937
 31
0.0
  0
LINE
  5
63B
330
A
100
AcDbEntity
  8
1.2DRWDWS
  6
Continuous
 48
24.0
370
     0
 62
     3
284
     3
100
AcDbLine
 10
258.0767299719023
 20
-271.8924043597937
 30
0.0
 11
258.7017299719023
 21
-271.8924043597937
 31
0.0
  0
POINT
  5
63C
330
A
100
AcDbEntity
  8
1.2DRWDWS
  6
Continuous
370
     0
 62
    51
284
     3
100
AcDbPoint
 10
265.2017299719023
 20
-233.2751425357796
 30
0.0
 50
0.0
  0
LINE
  5
63D
330
A
100
AcDbEntity
  8
1.2DRWDWS
  6
Continuous
 48
12.0
370
     0
 62
     3
284
     3
100
AcDbLine
 10
-170.0580433084661
 20
-285.6167398660848
 30
0.0
 11
-170.0580433084661
 21
-283.8667398660848
 31
0.0
  0
LINE
  5
63E
330
A
100
AcDbEntity
  8
1.2DRWDWS
  6
Continuous
 48
12.0
370
     0
 62
     3
284
     3
100
AcDbLine
 10
-170.0580433084661
 20
-285.6167398660848
 30
0.0
 11
-173.8902919141701
 21
-285.6167398660848
 31
0.0
  0
LINE
  5
63F
330
A
100
AcDbEntity
  8
1.2DRWDWS
  6
Continuous
 48
12.0
370
     0
 62
     3
284
     3
100
AcDbLine
 10
-170.0580433084661
 20
-283.8667398660848
 30
0.0
 11
-173.8902919141701
 21
-283.8667398660848
 31
0.0
  0
LINE
  5
640
330
A
100
AcDbEntity
  8
1.2DRWDWS
  6
Continuous
 48
12.0
370
     0
 62
     3
284
     3
100
AcDbLine
 10
-170.0580433084661
 20
-284.7417398660848
 30
0.0
 11
-141.6305186338018
 21
-284.7417398660848
 31
0.0
  0
LINE
  5
641
330
A
100
AcDbEntity
  8
1.2DRWDWS
  6
Continuous
 48
12.0
370
     0
 62
     3
284
     3
100
AcDbLine
 10
-141.6305186338018
 20
-285.6167398660848
 30
0.0
 11
-141.6305186338018
 21
-283.8667398660848
 31
0.0
  0
LINE
  5
642
330
A
100
AcDbEntity
  8
1.2DRWDWS
  6
Continuous
 48
12.0
370
     0
 62
     3
284
     3
100
AcDbLine
 10
-137.7982700280978
 20
-285.6167398660848
 30
0.0
 11
-141.6305186338018
 21
-285.6167398660848
 31
0.0
  0
LINE
  5
643
330
A
100
AcDbEntity
  8
1.2DRWDWS
  6
Continuous
 48
12.0
370
     0
 62
     3
284
     3
100
AcDbLine
 10
-137.7982700280978
 20
-283.8667398660848
 30
0.0
 11
-141.6305186338018
 21
-283.8667398660848
 31
0.0
  0
LINE
  5
644
330
A
100
AcDbEntity
  8
1.2DRWDWS
  6
Continuous
 48
12.0
370
     0
 62
     7
284
     3
100
AcDbLine
 10
-173.8902919141701
 20
-279.6500854492188
 30
0.0
 11
-137.7982700280978
 21
-279.6500854492188
 31
0.0
  0
LINE
  5
645
330
A
100
AcDbEntity
  8
1.2DRWDWS
  6
Continuous
 48
24.0
370
     0
 62
     3
284
     3
100
AcDbLine
 10
-173.8902919141701
 20
-287.4000854492188
 30
0.0
 11
-177.3902919141701
 21
-287.4000854492188
 31
0.0
  0
LINE
  5
646
330
A
100
AcDbEntity
  8
1.2DRWDWS
  6
Continuous
 48
24.0
370
     0
 62
     3
284
     3
100
AcDbLine
 10
-177.3902919141701
 20
-287.4000854492188
 30
0.0
 11
-177.3902919141701
 21
-286.7750854492188
 31
0.0
  0
LINE
  5
647
330
A
100
AcDbEntity
  8
1.2DRWDWS
  6
Continuous
 48
24.0
370
     0
 62
     3
284
     3
100
AcDbLine
 10
-173.8902919141701
 20
-279.6500854492188
 30
0.0
 11
-177.3902919141701
 21
-279.6500854492188
 31
0.0
  0
LINE
  5
648
330
A
100
AcDbEntity
  8
1.2DRWDWS
  6
Continuous
 48
24.0
370
     0
 62
     3
284
     3
100
AcDbLine
 10
-177.3902919141701
 20
-279.6500854492188
 30
0.0
 11
-177.3902919141701
 21
-280.275146484375
 31
0.0
  0
LINE
  5
649
330
A
100
AcDbEntity
  8
1.2DRWDWS
  6
Continuous
 48
24.0
370
     0
 62
     3
284
     3
100
AcDbLine
 10
-173.8902919141701
 20
-279.6500854492188
 30
0.0
 11
-173.8902919141701
 21
-282.3667398660848
 31
0.0
  0
LINE
  5
64A
330
A
100
AcDbEntity
  8
1.2DRWDWS
  6
Continuous
 48
24.0
370
     0
 62
     3
284
     3
100
AcDbLine
 10
-173.8902919141701
 20
-283.8667398660848
 30
0.0
 11
-173.8902919141701
 21
-287.4000854492188
 31
0.0
  0
LINE
  5
64B
330
A
100
AcDbEntity
  8
1.2DRWDWS
  6
Continuous
 48
24.0
370
     0
 62
     3
284
     3
100
AcDbLine
 10
-173.1402919141701
 20
-283.8667398660848
 30
0.0
 11
-173.8902919141701
 21
-283.8667398660848
 31
0.0
  0
LINE
  5
64C
330
A
100
AcDbEntity
  8
1.2DRWDWS
  6
Continuous
 48
24.0
370
     0
 62
     3
284
     3
100
AcDbLine
 10
-173.1402919141701
 20
-282.3667398660848
 30
0.0
 11
-173.8902919141701
 21
-282.3667398660848
 31
0.0
  0
LINE
  5
64D
330
A
100
AcDbEntity
  8
1.2DRWDWS
  6
Continuous
 48
24.0
370
     0
 62
     3
284
     3
100
AcDbLine
 10
-173.1402919141701
 20
-282.3667398660848
 30
0.0
 11
-173.1402919141701
 21
-283.8667398660848
 31
0.0
  0
LINE
  5
64E
330
A
100
AcDbEntity
  8
1.2DRWDWS
  6
Continuous
 48
24.0
370
     0
 62
     3
284
     3
100
AcDbLine
 10
-137.7982700280978
 20
-287.4000854492188
 30
0.0
 11
-134.2982700280978
 21
-287.4000854492188
 31
0.0
  0
LINE
  5
64F
330
A
100
AcDbEntity
  8
1.2DRWDWS
  6
Continuous
 48
24.0
370
     0
 62
     3
284
     3
100
AcDbLine
 10
-134.2982700280978
 20
-287.4000854492188
 30
0.0
 11
-134.2982700280978
 21
-286.7750854492188
 31
0.0
  0
LINE
  5
650
330
A
100
AcDbEntity
  8
1.2DRWDWS
  6
Continuous
 48
24.0
370
     0
 62
     3
284
     3
100
AcDbLine
 10
-137.7982700280978
 20
-279.6500854492188
 30
0.0
 11
-134.2982700280978
 21
-279.6500854492188
 31
0.0
  0
LINE
  5
651
330
A
100
AcDbEntity
  8
1.2DRWDWS
  6
Continuous
 48
24.0
370
     0
 62
     3
284
     3
100
AcDbLine
 10
-134.2982700280978
 20
-279.6500854492188
 30
0.0
 11
-134.2982700280978
 21
-280.275146484375
 31
0.0
  0
LINE
  5
652
330
A
100
AcDbEntity
  8
1.2DRWDWS
  6
Continuous
 48
24.0
370
     0
 62
     3
284
     3
100
AcDbLine
 10
-137.7982700280978
 20
-279.6500854492188
 30
0.0
 11
-137.7982700280978
 21
-282.3667398660848
 31
0.0
  0
LINE
  5
653
330
A
100
AcDbEntity
  8
1.2DRWDWS
  6
Continuous
 48
24.0
370
     0
 62
     3
284
     3
100
AcDbLine
 10
-137.7982700280978
 20
-283.8667398660848
 30
0.0
 11
-137.7982700280978
 21
-287.4000854492188
 31
0.0
  0
LINE
  5
654
330
A
100
AcDbEntity
  8
1.2DRWDWS
  6
Continuous
 48
24.0
370
     0
 62
     3
284
     3
100
AcDbLine
 10
-138.5482700280978
 20
-283.8667398660848
 30
0.0
 11
-137.7982700280978
 21
-283.8667398660848
 31
0.0
  0
LINE
  5
655
330
A
100
AcDbEntity
  8
1.2DRWDWS
  6
Continuous
 48
24.0
370
     0
 62
     3
284
     3
100
AcDbLine
 10
-138.5482700280978
 20
-282.3667398660848
 30
0.0
 11
-137.7982700280978
 21
-282.3667398660848
 31
0.0
  0
LINE
  5
656
330
A
100
AcDbEntity
  8
1.2DRWDWS
  6
Continuous
 48
24.0
370
     0
 62
     3
284
     3
100
AcDbLine
 10
-138.5482700280978
 20
-282.3667398660848
 30
0.0
 11
-138.5482700280978
 21
-283.8667398660848
 31
0.0
  0
LINE
  5
657
330
A
100
AcDbEntity
  8
1.2DRWDWS
  6
Continuous
 48
24.0
370
     0
 62
     7
284
     3
100
AcDbLine
 10
-178.1402919141701
 20
-287.7750854492188
 30
0.0
 11
-178.1402919141701
 21
-286.7750854492188
 31
0.0
  0
LINE
  5
658
330
A
100
AcDbEntity
  8
1.2DRWDWS
  6
Continuous
 48
12.0
370
     0
 62
     7
284
     3
100
AcDbLine
 10
-178.1402919141701
 20
-287.7750854492188
 30
0.0
 11
-133.5482700280978
 21
-287.7750854492188
 31
0.0
  0
LINE
  5
659
330
A
100
AcDbEntity
  8
1.2DRWDWS
  6
Continuous
 48
24.0
370
     0
 62
     7
284
     3
100
AcDbLine
 10
-133.5482700280978
 20
-287.7750854492188
 30
0.0
 11
-133.5482700280978
 21
-286.7750854492188
 31
0.0
  0
LINE
  5
65A
330
A
100
AcDbEntity
  8
1.2DRWDWS
  6
Continuous
 48
24.0
370
     0
 62
    11
284
     3
100
AcDbLine
 10
-170.0580433084661
 20
-285.6167398660848
 30
0.0
 11
-141.6305186338018
 21
-285.6167398660848
 31
0.0
  0
LINE
  5
65B
330
A
100
AcDbEntity
  8
1.2DRWDWS
  6
Continuous
 48
24.0
370
     0
 62
    11
284
     3
100
AcDbLine
 10
-170.0580433084661
 20
-283.8667398660848
 30
0.0
 11
-141.6305186338018
 21
-283.8667398660848
 31
0.0
  0
POINT
  5
65C
330
A
100
AcDbEntity
  8
1.2DRWDWS
  6
Continuous
370
     0
 62
    51
284
     3
100
AcDbPoint
 10
-136.7982700280978
 20
-286.775146484375
 30
0.0
 50
0.0
  0
POINT
  5
65D
330
A
100
AcDbEntity
  8
1.2DRWDWS
  6
Continuous
 48
12.0
370
     0
 62
    51
284
     3
100
AcDbPoint
 10
71.57672997190215
 20
-79.02513885498047
 30
0.0
 50
0.0
  0
LINE
  5
65E
330
A
100
AcDbEntity
  8
1.2DRWDWS
  6
Continuous
 48
24.0
370
     0
 62
     3
284
     3
100
AcDbLine
 10
70.63411827756622
 20
-78.40013885498047
 30
0.0
 11
70.63411827756622
 21
-46.40013885498047
 31
0.0
  0
LINE
  5
65F
330
A
100
AcDbEntity
  8
1.2DRWDWS
  6
Continuous
 48
24.0
370
     0
 62
     3
284
     3
100
AcDbLine
 10
68.88411827756622
 20
-78.40013885498047
 30
0.0
 11
68.88411827756622
 21
-46.40013885498047
 31
0.0
  0
LINE
  5
660
330
A
100
AcDbEntity
  8
1.2DRWDWS
  6
Continuous
 48
24.0
370
     0
 62
     3
284
     3
100
AcDbLine
 10
70.63411827756622
 20
-78.40013885498047
 30
0.0
 11
68.88411827756622
 21
-78.40013885498047
 31
0.0
  0
LINE
  5
661
330
A
100
AcDbEntity
  8
1.2DRWDWS
  6
Continuous
 48
24.0
370
     0
 62
     3
284
     3
100
AcDbLine
 10
70.63411827756622
 20
-46.40013885498047
 30
0.0
 11
68.88411827756622
 21
-46.40013885498047
 31
0.0
  0
LINE
  5
662
330
A
100
AcDbEntity
  8
1.2DRWDWS
  6
Continuous
 48
24.0
370
     0
 62
     3
284
     3
100
AcDbLine
 10
38.63387413694122
 20
-84.27513885498047
 30
0.0
 11
34.63387413694122
 21
-84.27513885498047
 31
0.0
  0
LINE
  5
663
330
A
100
AcDbEntity
  8
1.2DRWDWS
  6
Continuous
 48
24.0
370
     0
 62
     3
284
     3
100
AcDbLine
 10
38.63387413694122
 20
-78.40013885498047
 30
0.0
 11
34.63387413694122
 21
-78.40013885498047
 31
0.0
  0
LINE
  5
664
330
A
100
AcDbEntity
  8
1.2DRWDWS
  6
Continuous
 48
24.0
370
     0
 62
     3
284
     3
100
AcDbLine
 10
38.63387413694122
 20
-78.40013885498047
 30
0.0
 11
38.63387413694122
 21
-79.89965057373047
 31
0.0
  0
LINE
  5
665
330
A
100
AcDbEntity
  8
1.2DRWDWS
  6
Continuous
 48
24.0
370
     0
 62
     3
284
     3
100
AcDbLine
 10
38.63387413694122
 20
-82.39965057373047
 30
0.0
 11
38.63387413694122
 21
-84.27513885498047
 31
0.0
  0
LINE
  5
666
330
A
100
AcDbEntity
  8
1.2DRWDWS
  6
Continuous
 48
24.0
370
     0
 62
     3
284
     3
100
AcDbLine
 10
39.38387413694122
 20
-82.39965057373047
 30
0.0
 11
38.63387413694122
 21
-82.39965057373047
 31
0.0
  0
LINE
  5
667
330
A
100
AcDbEntity
  8
1.2DRWDWS
  6
Continuous
 48
24.0
370
     0
 62
     3
284
     3
100
AcDbLine
 10
39.38387413694122
 20
-79.89965057373047
 30
0.0
 11
38.63387413694122
 21
-79.89965057373047
 31
0.0
  0
LINE
  5
668
330
A
100
AcDbEntity
  8
1.2DRWDWS
  6
Continuous
 48
24.0
370
     0
 62
     3
284
     3
100
AcDbLine
 10
39.38387413694122
 20
-79.89965057373047
 30
0.0
 11
39.38387413694122
 21
-82.39965057373047
 31
0.0
  0
LINE
  5
669
330
A
100
AcDbEntity
  8
1.2DRWDWS
  6
Continuous
 48
12.0
370
     0
 62
     3
284
     3
100
AcDbLine
 10
34.63387413694122
 20
-78.40013885498047
 30
0.0
 11
34.63387413694122
 21
-79.02513885498047
 31
0.0
  0
LINE
  5
66A
330
A
100
AcDbEntity
  8
1.2DRWDWS
  6
Continuous
 48
12.0
370
     0
 62
     3
284
     3
100
AcDbLine
 10
34.63387413694122
 20
-84.27513885498047
 30
0.0
 11
34.63387413694122
 21
-83.65013885498047
 31
0.0
  0
LINE
  5
66B
330
A
100
AcDbEntity
  8
1.2DRWDWS
  6
Continuous
 48
24.0
370
     0
 62
     3
284
     3
100
AcDbLine
 10
74.57674523069122
 20
-84.27513885498047
 30
0.0
 11
70.57674523069122
 21
-84.27513885498047
 31
0.0
  0
LINE
  5
66C
330
A
100
AcDbEntity
  8
1.2DRWDWS
  6
Continuous
 48
24.0
370
     0
 62
     3
284
     3
100
AcDbLine
 10
74.57674523069122
 20
-78.40013885498047
 30
0.0
 11
70.57674523069122
 21
-78.40013885498047
 31
0.0
  0
LINE
  5
66D
330
A
100
AcDbEntity
  8
1.2DRWDWS
  6
Continuous
 48
24.0
370
     0
 62
     3
284
     3
100
AcDbLine
 10
70.57674523069122
 20
-78.40013885498047
 30
0.0
 11
70.57674523069122
 21
-79.90062713623047
 31
0.0
  0
LINE
  5
66E
330
A
100
AcDbEntity
  8
1.2DRWDWS
  6
Continuous
 48
24.0
370
     0
 62
     3
284
     3
100
AcDbLine
 10
70.57674523069122
 20
-82.40062713623047
 30
0.0
 11
70.57674523069122
 21
-84.27513885498047
 31
0.0
  0
LINE
  5
66F
330
A
100
AcDbEntity
  8
1.2DRWDWS
  6
Continuous
 48
24.0
370
     0
 62
     3
284
     3
100
AcDbLine
 10
70.57674523069122
 20
-82.40062713623047
 30
0.0
 11
69.82674523069122
 21
-82.40062713623047
 31
0.0
  0
LINE
  5
670
330
A
100
AcDbEntity
  8
1.2DRWDWS
  6
Continuous
 48
24.0
370
     0
 62
     3
284
     3
100
AcDbLine
 10
70.57674523069122
 20
-79.90062713623047
 30
0.0
 11
69.82674523069122
 21
-79.90062713623047
 31
0.0
  0
LINE
  5
671
330
A
100
AcDbEntity
  8
1.2DRWDWS
  6
Continuous
 48
24.0
370
     0
 62
     3
284
     3
100
AcDbLine
 10
69.82674523069122
 20
-79.90062713623047
 30
0.0
 11
69.82674523069122
 21
-82.40062713623047
 31
0.0
  0
LINE
  5
672
330
A
100
AcDbEntity
  8
1.2DRWDWS
  6
Continuous
 48
12.0
370
     0
 62
     3
284
     3
100
AcDbLine
 10
74.57674523069122
 20
-78.40013885498047
 30
0.0
 11
74.57674523069122
 21
-79.02513885498047
 31
0.0
  0
LINE
  5
673
330
A
100
AcDbEntity
  8
1.2DRWDWS
  6
Continuous
 48
12.0
370
     0
 62
     3
284
     3
100
AcDbLine
 10
74.57674523069122
 20
-84.27513885498047
 30
0.0
 11
74.57674523069122
 21
-83.65013885498047
 31
0.0
  0
ARC
  5
674
330
A
100
AcDbEntity
  8
1.2DRWDWS
  6
Continuous
370
     0
 62
     1
284
     3
100
AcDbCircle
 10
70.57672997190215
 20
-78.40013885498047
 30
0.0
 40
31.94286346435547
100
AcDbArc
 50
89.89724999999999
 51
180.0
  0
POINT
  5
675
330
A
100
AcDbEntity
  8
1.2DRWDWS
  6
Continuous
 48
2.0
370
     0
 62
    11
284
     3
100
AcDbPoint
 10
163.6368087760071
 20
-79.02513885498047
 30
0.0
 50
0.0
  0
LINE
  5
676
330
A
100
AcDbEntity
  8
1.2DRWDWS
  6
Continuous
 48
2.0
370
     0
 62
    11
284
     3
100
AcDbLine
 10
162.6941970816711
 20
-78.40013885498047
 30
0.0
 11
162.6941970816711
 21
-46.40013885498047
 31
0.0
  0
LINE
  5
677
330
A
100
AcDbEntity
  8
1.2DRWDWS
  6
Continuous
 48
2.0
370
     0
 62
    11
284
     3
100
AcDbLine
 10
160.9441970816711
 20
-78.40013885498047
 30
0.0
 11
160.9441970816711
 21
-46.40013885498047
 31
0.0
  0
LINE
  5
678
330
A
100
AcDbEntity
  8
1.2DRWDWS
  6
Continuous
 48
2.0
370
     0
 62
    11
284
     3
100
AcDbLine
 10
162.6941970816711
 20
-78.40013885498047
 30
0.0
 11
160.9441970816711
 21
-78.40013885498047
 31
0.0
  0
LINE
  5
679
330
A
100
AcDbEntity
  8
1.2DRWDWS
  6
Continuous
 48
2.0
370
     0
 62
    11
284
     3
100
AcDbLine
 10
162.6941970816711
 20
-46.40013885498047
 30
0.0
 11
160.9441970816711
 21
-46.40013885498047
 31
0.0
  0
LINE
  5
67A
330
A
100
AcDbEntity
  8
1.2DRWDWS
  6
Continuous
 48
2.0
370
     0
 62
    11
284
     3
100
AcDbLine
 10
130.6939529410461
 20
-84.27513885498047
 30
0.0
 11
126.6939529410461
 21
-84.27513885498047
 31
0.0
  0
LINE
  5
67B
330
A
100
AcDbEntity
  8
1.2DRWDWS
  6
Continuous
 48
2.0
370
     0
 62
    11
284
     3
100
AcDbLine
 10
130.6939529410461
 20
-78.40013885498047
 30
0.0
 11
126.6939529410461
 21
-78.40013885498047
 31
0.0
  0
LINE
  5
67C
330
A
100
AcDbEntity
  8
1.2DRWDWS
  6
Continuous
 48
2.0
370
     0
 62
    11
284
     3
100
AcDbLine
 10
130.6939529410461
 20
-78.40013885498047
 30
0.0
 11
130.6939529410461
 21
-79.89965057373047
 31
0.0
  0
LINE
  5
67D
330
A
100
AcDbEntity
  8
1.2DRWDWS
  6
Continuous
 48
2.0
370
     0
 62
    11
284
     3
100
AcDbLine
 10
130.6939529410461
 20
-82.39965057373047
 30
0.0
 11
130.6939529410461
 21
-84.27513885498047
 31
0.0
  0
LINE
  5
67E
330
A
100
AcDbEntity
  8
1.2DRWDWS
  6
Continuous
 48
2.0
370
     0
 62
    11
284
     3
100
AcDbLine
 10
131.4439529410461
 20
-82.39965057373047
 30
0.0
 11
130.6939529410461
 21
-82.39965057373047
 31
0.0
  0
LINE
  5
67F
330
A
100
AcDbEntity
  8
1.2DRWDWS
  6
Continuous
 48
2.0
370
     0
 62
    11
284
     3
100
AcDbLine
 10
131.4439529410461
 20
-79.89965057373047
 30
0.0
 11
130.6939529410461
 21
-79.89965057373047
 31
0.0
  0
LINE
  5
680
330
A
100
AcDbEntity
  8
1.2DRWDWS
  6
Continuous
 48
2.0
370
     0
 62
    11
284
     3
100
AcDbLine
 10
131.4439529410461
 20
-79.89965057373047
 30
0.0
 11
131.4439529410461
 21
-82.39965057373047
 31
0.0
  0
LINE
  5
681
330
A
100
AcDbEntity
  8
1.2DRWDWS
  6
Continuous
 48
2.0
370
     0
 62
    11
284
     3
100
AcDbLine
 10
126.6939529410461
 20
-78.40013885498047
 30
0.0
 11
126.6939529410461
 21
-79.02513885498047
 31
0.0
  0
LINE
  5
682
330
A
100
AcDbEntity
  8
1.2DRWDWS
  6
Continuous
 48
2.0
370
     0
 62
    11
284
     3
100
AcDbLine
 10
126.6939529410461
 20
-84.27513885498047
 30
0.0
 11
126.6939529410461
 21
-83.65013885498047
 31
0.0
  0
LINE
  5
683
330
A
100
AcDbEntity
  8
1.2DRWDWS
  6
Continuous
 48
2.0
370
     0
 62
    11
284
     3
100
AcDbLine
 10
166.6368240347961
 20
-84.27513885498047
 30
0.0
 11
162.6368240347961
 21
-84.27513885498047
 31
0.0
  0
LINE
  5
684
330
A
100
AcDbEntity
  8
1.2DRWDWS
  6
Continuous
 48
2.0
370
     0
 62
    11
284
     3
100
AcDbLine
 10
166.6368240347961
 20
-78.40013885498047
 30
0.0
 11
162.6368240347961
 21
-78.40013885498047
 31
0.0
  0
LINE
  5
685
330
A
100
AcDbEntity
  8
1.2DRWDWS
  6
Continuous
 48
2.0
370
     0
 62
    11
284
     3
100
AcDbLine
 10
162.6368240347961
 20
-78.40013885498047
 30
0.0
 11
162.6368240347961
 21
-79.90062713623047
 31
0.0
  0
LINE
  5
686
330
A
100
AcDbEntity
  8
1.2DRWDWS
  6
Continuous
 48
2.0
370
     0
 62
    11
284
     3
100
AcDbLine
 10
162.6368240347961
 20
-82.40062713623047
 30
0.0
 11
162.6368240347961
 21
-84.27513885498047
 31
0.0
  0
LINE
  5
687
330
A
100
AcDbEntity
  8
1.2DRWDWS
  6
Continuous
 48
2.0
370
     0
 62
    11
284
     3
100
AcDbLine
 10
162.6368240347961
 20
-82.40062713623047
 30
0.0
 11
161.8868240347961
 21
-82.40062713623047
 31
0.0
  0
LINE
  5
688
330
A
100
AcDbEntity
  8
1.2DRWDWS
  6
Continuous
 48
2.0
370
     0
 62
    11
284
     3
100
AcDbLine
 10
162.6368240347961
 20
-79.90062713623047
 30
0.0
 11
161.8868240347961
 21
-79.90062713623047
 31
0.0
  0
LINE
  5
689
330
A
100
AcDbEntity
  8
1.2DRWDWS
  6
Continuous
 48
2.0
370
     0
 62
    11
284
     3
100
AcDbLine
 10
161.8868240347961
 20
-79.90062713623047
 30
0.0
 11
161.8868240347961
 21
-82.40062713623047
 31
0.0
  0
LINE
  5
68A
330
A
100
AcDbEntity
  8
1.2DRWDWS
  6
Continuous
 48
2.0
370
     0
 62
    11
284
     3
100
AcDbLine
 10
166.6368240347961
 20
-78.40013885498047
 30
0.0
 11
166.6368240347961
 21
-79.02513885498047
 31
0.0
  0
LINE
  5
68B
330
A
100
AcDbEntity
  8
1.2DRWDWS
  6
Continuous
 48
2.0
370
     0
 62
    11
284
     3
100
AcDbLine
 10
166.6368240347961
 20
-84.27513885498047
 30
0.0
 11
166.6368240347961
 21
-83.65013885498047
 31
0.0
  0
ARC
  5
68C
330
A
100
AcDbEntity
  8
1.2DRWDWS
  6
Continuous
 48
2.0
370
     0
 62
    11
284
     3
100
AcDbCircle
 10
162.6368087760071
 20
-78.40013885498047
 30
0.0
 40
31.94286346435547
100
AcDbArc
 50
89.89724999999999
 51
180.0
  0
LINE
  5
68D
330
A
100
AcDbEntity
  8
1.2DRWDWS
  6
Continuous
 48
2.0
370
     0
 62
    11
284
     3
100
AcDbLine
 10
-187.3656463623047
 20
50.57247915045423
 30
0.0
 11
-189.1156463623047
 21
50.57247915045423
 31
0.0
  0
LINE
  5
68E
330
A
100
AcDbEntity
  8
1.2DRWDWS
  6
Continuous
 48
2.0
370
     0
 62
    11
284
     3
100
AcDbLine
 10
-187.3656463623047
 20
50.57247915045423
 30
0.0
 11
-187.3656463623047
 21
48.57247915045423
 31
0.0
  0
LINE
  5
68F
330
A
100
AcDbEntity
  8
1.2DRWDWS
  6
Continuous
 48
2.0
370
     0
 62
    11
284
     3
100
AcDbLine
 10
-189.1156463623047
 20
50.57247915045423
 30
0.0
 11
-189.1156463623047
 21
48.57247915045423
 31
0.0
  0
LINE
  5
690
330
A
100
AcDbEntity
  8
1.2DRWDWS
  6
Continuous
 48
2.0
370
     0
 62
    11
284
     3
100
AcDbLine
 10
-188.2406463623047
 20
50.57247915045423
 30
0.0
 11
-188.2406463623047
 21
68.11059550793971
 31
0.0
  0
LINE
  5
691
330
A
100
AcDbEntity
  8
1.2DRWDWS
  6
Continuous
 48
2.0
370
     0
 62
    11
284
     3
100
AcDbLine
 10
-187.3656463623047
 20
68.11059550793971
 30
0.0
 11
-189.1156463623047
 21
68.11059550793971
 31
0.0
  0
LINE
  5
692
330
A
100
AcDbEntity
  8
1.2DRWDWS
  6
Continuous
 48
2.0
370
     0
 62
    11
284
     3
100
AcDbLine
 10
-187.3945159912109
 20
68.974853515625
 30
0.0
 11
-187.3656463623047
 21
68.11059550793971
 31
0.0
  0
LINE
  5
693
330
A
100
AcDbEntity
  8
1.2DRWDWS
  6
Continuous
 48
2.0
370
     0
 62
    11
284
     3
100
AcDbLine
 10
-189.1156463623047
 20
70.11059550793971
 30
0.0
 11
-189.1156463623047
 21
68.11059550793971
 31
0.0
  0
LINE
  5
694
330
A
100
AcDbEntity
  8
1.2DRWDWS
  6
Continuous
 48
2.0
370
     0
 62
    11
284
     3
100
AcDbLine
 10
-184.6732635498047
 20
48.57247915045423
 30
0.0
 11
-184.7021331787109
 21
68.974853515625
 31
0.0
  0
LINE
  5
695
330
A
100
AcDbEntity
  8
1.2DRWDWS
  6
Continuous
 48
2.0
370
     0
 62
    11
284
     3
100
AcDbLine
 10
-184.6732635498047
 20
48.57247915045423
 30
0.0
 11
-184.6732635498047
 21
46.82247915045423
 31
0.0
  0
LINE
  5
696
330
A
100
AcDbEntity
  8
1.2DRWDWS
  6
Continuous
 48
2.0
370
     0
 62
    11
284
     3
100
AcDbLine
 10
-184.6732635498047
 20
48.57247915045423
 30
0.0
 11
-185.8655242919922
 21
48.57247915045423
 31
0.0
  0
LINE
  5
697
330
A
100
AcDbEntity
  8
1.2DRWDWS
  6
Continuous
 48
2.0
370
     0
 62
    11
284
     3
100
AcDbLine
 10
-187.3655242919922
 20
49.32247915045423
 30
0.0
 11
-187.3655242919922
 21
48.57247915045423
 31
0.0
  0
LINE
  5
698
330
A
100
AcDbEntity
  8
1.2DRWDWS
  6
Continuous
 48
2.0
370
     0
 62
    11
284
     3
100
AcDbLine
 10
-185.8655242919922
 20
49.32247915045423
 30
0.0
 11
-185.8655242919922
 21
48.57247915045423
 31
0.0
  0
LINE
  5
699
330
A
100
AcDbEntity
  8
1.2DRWDWS
  6
Continuous
 48
2.0
370
     0
 62
    11
284
     3
100
AcDbLine
 10
-185.8655242919922
 20
49.32247915045423
 30
0.0
 11
-187.3655242919922
 21
49.32247915045423
 31
0.0
  0
LINE
  5
69A
330
A
100
AcDbEntity
  8
1.2DRWDWS
  6
Continuous
 48
2.0
370
     0
 62
    11
284
     3
100
AcDbLine
 10
-192.4521331787109
 20
68.974853515625
 30
0.0
 11
-192.4232635498047
 21
73.69934062512721
 31
0.0
  0
LINE
  5
69B
330
A
100
AcDbEntity
  8
1.2DRWDWS
  6
Continuous
 48
2.0
370
     0
 62
    11
284
     3
100
AcDbLine
 10
-184.7021331787109
 20
68.974853515625
 30
0.0
 11
-185.8943939208984
 21
68.974853515625
 31
0.0
  0
LINE
  5
69C
330
A
100
AcDbEntity
  8
1.2DRWDWS
  6
Continuous
 48
2.0
370
     0
 62
    11
284
     3
100
AcDbLine
 10
-187.3943939208984
 20
68.974853515625
 30
0.0
 11
-192.4521331787109
 21
68.974853515625
 31
0.0
  0
LINE
  5
69D
330
A
100
AcDbEntity
  8
1.2DRWDWS
  6
Continuous
 48
2.0
370
     0
 62
    11
284
     3
100
AcDbLine
 10
-187.3655242919922
 20
69.36059550793971
 30
0.0
 11
-187.3943939208984
 21
68.974853515625
 31
0.0
  0
LINE
  5
69E
330
A
100
AcDbEntity
  8
1.2DRWDWS
  6
Continuous
 48
2.0
370
     0
 62
    11
284
     3
100
AcDbLine
 10
-185.8655242919922
 20
69.36059550793971
 30
0.0
 11
-185.8943939208984
 21
68.974853515625
 31
0.0
  0
LINE
  5
69F
330
A
100
AcDbEntity
  8
1.2DRWDWS
  6
Continuous
 48
2.0
370
     0
 62
    11
284
     3
100
AcDbLine
 10
-185.8655242919922
 20
69.36059550793971
 30
0.0
 11
-187.3655242919922
 21
69.36059550793971
 31
0.0
  0
LINE
  5
6A0
330
A
100
AcDbEntity
  8
1.2DRWDWS
  6
Continuous
 48
2.0
370
     0
 62
    11
284
     3
100
AcDbLine
 10
-187.3655853271484
 20
44.02169790045423
 30
0.0
 11
-189.1155853271484
 21
44.02169790045423
 31
0.0
  0
LINE
  5
6A1
330
A
100
AcDbEntity
  8
1.2DRWDWS
  6
Continuous
 48
2.0
370
     0
 62
    11
284
     3
100
AcDbLine
 10
-187.3655853271484
 20
44.02169790045423
 30
0.0
 11
-187.3655853271484
 21
46.02169790045423
 31
0.0
  0
LINE
  5
6A2
330
A
100
AcDbEntity
  8
1.2DRWDWS
  6
Continuous
 48
2.0
370
     0
 62
    11
284
     3
100
AcDbLine
 10
-189.1155853271484
 20
44.02169790045423
 30
0.0
 11
-189.1155853271484
 21
46.02169790045423
 31
0.0
  0
LINE
  5
6A3
330
A
100
AcDbEntity
  8
1.2DRWDWS
  6
Continuous
 48
2.0
370
     0
 62
    11
284
     3
100
AcDbLine
 10
-188.2405853271484
 20
44.02169790045423
 30
0.0
 11
-188.2405853271484
 21
25.974853515625
 31
0.0
  0
LINE
  5
6A4
330
A
100
AcDbEntity
  8
1.2DRWDWS
  6
Continuous
 48
2.0
370
     0
 62
    11
284
     3
100
AcDbLine
 10
-187.3655853271484
 20
25.974853515625
 30
0.0
 11
-189.1155853271484
 21
25.974853515625
 31
0.0
  0
LINE
  5
6A5
330
A
100
AcDbEntity
  8
1.2DRWDWS
  6
Continuous
 48
2.0
370
     0
 62
    11
284
     3
100
AcDbLine
 10
-187.365585329012
 20
43.93389470857586
 30
0.0
 11
-187.3655853271484
 21
25.974853515625
 31
0.0
  0
LINE
  5
6A6
330
A
100
AcDbEntity
  8
1.2DRWDWS
  6
Continuous
 48
2.0
370
     0
 62
    11
284
     3
100
AcDbLine
 10
-189.1155853271484
 20
23.974853515625
 30
0.0
 11
-189.1155853271484
 21
25.974853515625
 31
0.0
  0
LINE
  5
6A7
330
A
100
AcDbEntity
  8
1.2DRWDWS
  6
Continuous
 48
2.0
370
     0
 62
    11
284
     3
100
AcDbLine
 10
-184.6732635498047
 20
46.02169790045423
 30
0.0
 11
-184.6732635516682
 21
43.93389470857586
 31
0.0
  0
LINE
  5
6A8
330
A
100
AcDbEntity
  8
1.2DRWDWS
  6
Continuous
 48
2.0
370
     0
 62
    11
284
     3
100
AcDbLine
 10
-184.6732635498047
 20
46.02169790045423
 30
0.0
 11
-184.6732635498047
 21
46.77169790045423
 31
0.0
  0
LINE
  5
6A9
330
A
100
AcDbEntity
  8
1.2DRWDWS
  6
Continuous
 48
2.0
370
     0
 62
    11
284
     3
100
AcDbLine
 10
-184.6732635498047
 20
46.02169790045423
 30
0.0
 11
-185.8655853271484
 21
46.02169790045423
 31
0.0
  0
LINE
  5
6AA
330
A
100
AcDbEntity
  8
1.2DRWDWS
  6
Continuous
 48
2.0
370
     0
 62
    11
284
     3
100
AcDbLine
 10
-187.3655853271484
 20
45.27169790045423
 30
0.0
 11
-187.3655853271484
 21
46.02169790045423
 31
0.0
  0
LINE
  5
6AB
330
A
100
AcDbEntity
  8
1.2DRWDWS
  6
Continuous
 48
2.0
370
     0
 62
    11
284
     3
100
AcDbLine
 10
-185.8655853271484
 20
45.27169790045423
 30
0.0
 11
-185.8655853271484
 21
46.02169790045423
 31
0.0
  0
LINE
  5
6AC
330
A
100
AcDbEntity
  8
1.2DRWDWS
  6
Continuous
 48
2.0
370
     0
 62
    11
284
     3
100
AcDbLine
 10
-185.8655853271484
 20
45.27169790045423
 30
0.0
 11
-187.3655853271484
 21
45.27169790045423
 31
0.0
  0
LINE
  5
6AD
330
A
100
AcDbEntity
  8
1.2DRWDWS
  6
Continuous
 48
2.0
370
     0
 62
    11
284
     3
100
AcDbLine
 10
-192.4232635516682
 20
43.93389470857586
 30
0.0
 11
-192.4232635516682
 21
40.43389470857586
 31
0.0
  0
LINE
  5
6AE
330
A
100
AcDbEntity
  8
1.2DRWDWS
  6
Continuous
 48
2.0
370
     0
 62
    11
284
     3
100
AcDbLine
 10
-184.6732635516682
 20
43.93389470857586
 30
0.0
 11
-185.865585329012
 21
43.93389470857586
 31
0.0
  0
LINE
  5
6AF
330
A
100
AcDbEntity
  8
1.2DRWDWS
  6
Continuous
 48
2.0
370
     0
 62
    11
284
     3
100
AcDbLine
 10
-187.365585329012
 20
43.93389470857586
 30
0.0
 11
-192.4232635516682
 21
43.93389470857586
 31
0.0
  0
LINE
  5
6B0
330
A
100
AcDbEntity
  8
1.2DRWDWS
  6
Continuous
 48
2.0
370
     0
 62
    11
284
     3
100
AcDbLine
 10
-187.3655853271484
 20
24.724853515625
 30
0.0
 11
-187.365585329012
 21
43.93389470857586
 31
0.0
  0
LINE
  5
6B1
330
A
100
AcDbEntity
  8
1.2DRWDWS
  6
Continuous
 48
2.0
370
     0
 62
    11
284
     3
100
AcDbLine
 10
-185.8655853271484
 20
24.724853515625
 30
0.0
 11
-187.3655853271484
 21
24.724853515625
 31
0.0
  0
LINE
  5
6B2
330
A
100
AcDbEntity
  8
1.2DRWDWS
  6
Continuous
 48
2.0
370
     0
 62
    11
284
     3
100
AcDbLine
 10
-192.7982635498047
 20
74.04309062512721
 30
0.0
 11
-192.7982635498047
 21
34.21222997117285
 31
0.0
  0
LINE
  5
6B3
330
A
100
AcDbEntity
  8
1.2DRWDWS
  6
Continuous
 48
2.0
370
     0
 62
    11
284
     3
100
AcDbLine
 10
-192.7982635498047
 20
34.21222997117285
 30
0.0
 11
-191.7982635498047
 21
34.21222997117285
 31
0.0
  0
LINE
  5
6B4
330
A
100
AcDbEntity
  8
1.2DRWDWS
  6
Continuous
 48
2.0
370
     0
 62
    11
284
     3
100
AcDbLine
 10
-192.7982635498047
 20
74.04309062512721
 30
0.0
 11
-191.7982635498047
 21
74.04309062512721
 31
0.0
  0
LINE
  5
6B5
330
A
100
AcDbEntity
  8
1.2DRWDWS
  6
Continuous
 48
2.0
370
     0
 62
    11
284
     3
100
AcDbLine
 10
-192.4232635498047
 20
73.69934062512721
 30
0.0
 11
-191.7982635498047
 21
73.69934062512721
 31
0.0
  0
LINE
  5
6B6
330
A
100
AcDbEntity
  8
1.2DRWDWS
  6
Continuous
 48
2.0
370
     0
 62
    11
284
     3
100
AcDbLine
 10
-187.3655853271484
 20
46.02169790045423
 30
0.0
 11
-192.4232635498047
 21
46.02169790045423
 31
0.0
  0
LINE
  5
6B7
330
A
100
AcDbEntity
  8
1.2DRWDWS
  6
Continuous
 48
2.0
370
     0
 62
    11
284
     3
100
AcDbLine
 10
-187.3655242919922
 20
48.57247915045423
 30
0.0
 11
-192.4232635498047
 21
48.57247915045423
 31
0.0
  0
LINE
  5
6B8
330
A
100
AcDbEntity
  8
1.2DRWDWS
  6
Continuous
 48
2.0
370
     0
 62
    11
284
     3
100
AcDbLine
 10
-192.4232635498047
 20
46.02169790045423
 30
0.0
 11
-192.4232635498047
 21
48.57247915045423
 31
0.0
  0
LINE
  5
6B9
330
A
100
AcDbEntity
  8
1.2DRWDWS
  6
Continuous
 48
2.0
370
     0
 62
    11
284
     3
100
AcDbLine
 10
-184.6732635516682
 20
43.93389470857586
 30
0.0
 11
-184.6732635516682
 21
40.40083666903539
 31
0.0
  0
LINE
  5
6BA
330
A
100
AcDbEntity
  8
1.2DRWDWS
  6
Continuous
 48
2.0
370
     0
 62
    11
284
     3
100
AcDbLine
 10
-184.6732635516682
 20
40.40083666903539
 30
0.0
 11
-185.2982635516682
 21
40.40083666903539
 31
0.0
  0
LINE
  5
6BB
330
A
100
AcDbEntity
  8
1.2DRWDWS
  6
Continuous
 48
2.0
370
     0
 62
    11
284
     3
100
AcDbLine
 10
-184.7021331787109
 20
68.974853515625
 30
0.0
 11
-184.6732635498047
 21
73.69934062512721
 31
0.0
  0
LINE
  5
6BC
330
A
100
AcDbEntity
  8
1.2DRWDWS
  6
Continuous
 48
2.0
370
     0
 62
    11
284
     3
100
AcDbLine
 10
-184.6732635498047
 20
73.69934062512721
 30
0.0
 11
-185.2982635498047
 21
73.69934062512721
 31
0.0
  0
POINT
  5
6BD
330
A
100
AcDbEntity
  8
1.2DRWDWS
  6
Continuous
 48
2.0
370
     0
 62
    11
284
     3
100
AcDbPoint
 10
-191.7982635516682
 20
42.93389470857586
 30
0.0
 50
0.0
  0
CIRCLE
  5
6BE
330
A
100
AcDbEntity
  8
1.2DRWDWS
  6
Continuous
 48
4.0
370
     0
 62
     7
284
     3
100
AcDbCircle
 10
-113.5568248916903
 20
-340.5336973993722
 30
0.0
 40
4.0
  0
CIRCLE
  5
6BF
330
A
100
AcDbEntity
  8
1.2DRWDWS
  6
Continuous
 48
4.0
370
     0
 62
     7
284
     3
100
AcDbCircle
 10
24.96560094828324
 20
-340.5336973993722
 30
0.0
 40
4.0
  0
CIRCLE
  5
6C0
330
A
100
AcDbEntity
  8
1.2DRWDWS
  6
Continuous
 48
4.0
370
     0
 62
     7
284
     3
100
AcDbCircle
 10
-60.56373610912788
 20
-340.5336973993722
 30
0.0
 40
4.0
  0
CIRCLE
  5
6C1
330
A
100
AcDbEntity
  8
1.2DRWDWS
  6
Continuous
 48
4.0
370
     0
 62
     7
284
     3
100
AcDbCircle
 10
258.9602848354947
 20
-340.5336973993723
 30
0.0
 40
4.0
  0
CIRCLE
  5
6C2
330
A
100
AcDbEntity
  8
1.2DRWDWS
  6
Continuous
 48
4.0
370
     0
 62
     7
284
     3
100
AcDbCircle
 10
141.962942891889
 20
-340.5336973993723
 30
0.0
 40
4.0
  0
LINE
  5
6C3
330
A
100
AcDbEntity
  8
1.2DRWDWS
  6
Continuous
 48
12.0
370
     0
 62
     3
284
     3
100
AcDbLine
 10
276.7017299719022
 20
-298.2751425357797
 30
0.0
 11
276.7017299719022
 21
-358.2751425357797
 31
0.0
  0
LINE
  5
6C4
330
A
100
AcDbEntity
  8
1.2DRWDWS
  6
Continuous
 48
12.0
370
     0
 62
     3
284
     3
100
AcDbLine
 10
276.7017299719022
 20
-358.2751425357797
 30
0.0
 11
-131.2982700280978
 21
-358.2751425357798
 31
0.0
  0
LINE
  5
6C5
330
A
100
AcDbEntity
  8
1.2DRWDWS
  6
Continuous
 48
12.0
370
     0
 62
     3
284
     3
100
AcDbLine
 10
-131.2982700280978
 20
-358.2751425357798
 30
0.0
 11
-131.2982700280978
 21
-286.2751425357796
 31
0.0
  0
LINE
  5
6C6
330
A
100
AcDbEntity
  8
1.2DRWDWS
  6
Continuous
 48
12.0
370
     0
 62
     1
284
     3
100
AcDbLine
 10
-131.2982700280978
 20
-358.2751425357798
 30
0.0
 11
-59.79827397669305
 21
-286.775146484375
 31
0.0
  0
LINE
  5
6C7
330
A
100
AcDbEntity
  8
1.2DRWDWS
  6
Continuous
 48
12.0
370
     0
 62
     1
284
     3
100
AcDbLine
 10
276.7017299719022
 20
-358.2751425357797
 30
0.0
 11
205.2017339204976
 21
-286.775146484375
 31
0.0
  0
LINE
  5
6C8
330
A
100
AcDbEntity
  8
1.2DRWDWS
  6
Continuous
 48
12.0
370
     0
 62
     1
284
     3
100
AcDbLine
 10
-17.79906758042236
 20
-286.775146484375
 30
0.0
 11
-17.7990675804223
 21
-358.2751425357798
 31
0.0
  0
LINE
  5
6C9
330
A
100
AcDbEntity
  8
1.2DRWDWS
  6
Continuous
 48
12.0
370
     0
 62
     1
284
     3
100
AcDbLine
 10
-17.79906758042237
 20
-286.775146484375
 30
0.0
 11
-89.29906363182715
 21
-358.2751425357798
 31
0.0
  0
LINE
  5
6CA
330
A
100
AcDbEntity
  8
1.2DRWDWS
  6
Continuous
 48
12.0
370
     0
 62
     1
284
     3
100
AcDbLine
 10
-17.79906758042236
 20
-286.775146484375
 30
0.0
 11
53.7009284709824
 21
-358.2751425357797
 31
0.0
  0
POINT
  5
6CB
330
A
100
AcDbEntity
  8
1.2DRWDWS
  6
Continuous
 48
12.0
370
     0
 62
     1
284
     3
100
AcDbPoint
 10
-17.79906758042232
 20
-340.5336973993722
 30
0.0
 50
0.0
  0
LINE
  5
6CC
330
A
100
AcDbEntity
  8
1.2DRWDWS
  6
Continuous
 48
4.0
370
     0
 62
     7
284
     3
100
AcDbLine
 10
393.2017299719021
 20
-81.77514253577966
 30
0.0
 11
393.2017299719021
 21
-88.27514253577965
 31
0.0
  0
LINE
  5
6CD
330
A
100
AcDbEntity
  8
1.2DRWDWS
  6
Continuous
 48
4.0
370
     0
 62
     7
284
     3
100
AcDbLine
 10
409.2017299719022
 20
-272.7751425357797
 30
0.0
 11
402.7017299719022
 21
-272.7751425357797
 31
0.0
  0
LINE
  5
6CE
330
A
100
AcDbEntity
  8
1.2DRWDWS
  6
Continuous
 48
4.0
370
     0
 62
     7
284
     3
100
AcDbLine
 10
409.2017299719022
 20
-95.77514253577965
 30
0.0
 11
402.7017299719022
 21
-95.77514253577965
 31
0.0
  0
LINE
  5
6CF
330
A
100
AcDbEntity
  8
1.2DRWDWS
  6
Continuous
 48
4.0
370
     0
 62
     7
284
     3
100
AcDbLine
 10
388.7017299719022
 20
-286.7751425357797
 30
0.0
 11
388.7017299719022
 21
-280.2751425357797
 31
0.0
  0
LINE
  5
6D0
330
A
100
AcDbEntity
  8
1.2DRWDWS
  6
Continuous
 48
4.0
370
     0
 62
     7
284
     3
100
AcDbLine
 10
264.7017211914062
 20
-82.27513885498047
 30
0.0
 11
408.7017211914062
 21
-82.27513885498047
 31
0.0
  0
LINE
  5
6D1
330
A
100
AcDbEntity
  8
1.2DRWDWS
  6
Continuous
 48
4.0
370
     0
 62
     7
284
     3
100
AcDbLine
 10
408.7017211914062
 20
-82.27513885498047
 30
0.0
 11
408.7017211914062
 21
-286.275146484375
 31
0.0
  0
LINE
  5
6D2
330
A
100
AcDbEntity
  8
1.2DRWDWS
  6
Continuous
 48
4.0
370
     0
 62
     7
284
     3
100
AcDbLine
 10
403.2017211914062
 20
-87.77513885498047
 30
0.0
 11
403.2017211914062
 21
-280.775146484375
 31
0.0
  0
LINE
  5
6D3
330
A
100
AcDbEntity
  8
1.2DRWDWS
  6
Continuous
 48
4.0
370
     0
 62
     7
284
     3
100
AcDbLine
 10
408.7017211914062
 20
-286.275146484375
 30
0.0
 11
265.2017211914063
 21
-286.275146484375
 31
0.0
  0
LINE
  5
6D4
330
A
100
AcDbEntity
  8
1.2DRWDWS
  6
Continuous
 48
4.0
370
     0
 62
     7
284
     3
100
AcDbLine
 10
403.2017211914062
 20
-280.775146484375
 30
0.0
 11
264.7017211914062
 21
-280.775146484375
 31
0.0
  0
LINE
  5
6D5
330
A
100
AcDbEntity
  8
1.2DRWDWS
  6
Continuous
 48
4.0
370
     0
 62
     7
284
     3
100
AcDbLine
 10
264.7017211914062
 20
-87.77513885498047
 30
0.0
 11
403.2017211914062
 21
-87.77513885498047
 31
0.0
  0
LINE
  5
6D6
330
A
100
AcDbEntity
  8
1.2DRWDWS
  6
Continuous
 48
12.0
370
     0
 62
     3
284
     3
100
AcDbLine
 10
264.7017211914062
 20
-70.27513885498047
 30
0.0
 11
420.7017211914062
 21
-70.27513885498047
 31
0.0
  0
LINE
  5
6D7
330
A
100
AcDbEntity
  8
1.2DRWDWS
  6
Continuous
 48
12.0
370
     0
 62
     3
284
     3
100
AcDbLine
 10
420.7017211914062
 20
-70.27513885498047
 30
0.0
 11
420.7017211914062
 21
-298.2751425357797
 31
0.0
  0
LINE
  5
6D8
330
A
100
AcDbEntity
  8
1.2DRWDWS
  6
Continuous
 48
12.0
370
     0
 62
     3
284
     3
100
AcDbLine
 10
276.7017299719022
 20
-298.2751425357797
 30
0.0
 11
420.7017211914062
 21
-298.2751425357797
 31
0.0
  0
LINE
  5
6D9
330
A
100
AcDbEntity
  8
1.2DRWDWS
  6
Continuous
 48
12.0
370
     0
 62
     1
284
     3
100
AcDbLine
 10
420.7017211914062
 20
-190.9294208381
 30
0.0
 11
264.7271526251769
 21
-190.9294208381
 31
0.0
  0
LINE
  5
6DA
330
A
100
AcDbEntity
  8
1.2DRWDWS
  6
Continuous
 48
4.0
370
     0
 62
     7
284
     3
100
AcDbLine
 10
321.2017299719021
 20
-81.77514253577966
 30
0.0
 11
321.2017299719021
 21
-88.27514253577965
 31
0.0
  0
LINE
  5
6DB
330
A
100
AcDbEntity
  8
1.2DRWDWS
  6
Continuous
 48
4.0
370
     0
 62
     7
284
     3
100
AcDbLine
 10
281.7017299719022
 20
-286.7751425357797
 30
0.0
 11
281.7017299719022
 21
-280.2751425357797
 31
0.0
  0
LINE
  5
6DC
330
A
100
AcDbEntity
  8
1.2DRWDWS
  6
Continuous
 48
4.0
370
     0
 62
     7
284
     3
100
AcDbLine
 10
311.2017211914062
 20
-81.77513885498047
 30
0.0
 11
311.2017211914062
 21
-88.27513885498047
 31
0.0
  0
LINE
  5
6DD
330
A
100
AcDbEntity
  8
1.2DRWDWS
  6
Continuous
 48
4.0
370
     0
 62
     7
284
     3
100
AcDbLine
 10
273.2017211914062
 20
-81.77513885498047
 30
0.0
 11
273.2017211914062
 21
-88.27513885498047
 31
0.0
  0
LINE
  5
6DE
330
A
100
AcDbEntity
  8
1.2DRWDWS
  6
Continuous
 48
4.0
370
     0
 62
     7
284
     3
100
AcDbLine
 10
-743.2982700280979
 20
-262.2751425357797
 30
0.0
 11
-743.2982700280979
 21
-202.0674915935045
 31
0.0
  0
LINE
  5
6DF
330
A
100
AcDbEntity
  8
1.2DRWDWS
  6
Continuous
 48
4.0
370
     0
 62
     7
284
     3
100
AcDbLine
 10
-743.2982700280979
 20
-3.583623726406276
 30
0.0
 11
-743.2982700280979
 21
49.72485746422035
 31
0.0
  0
LINE
  5
6E0
330
A
100
AcDbEntity
  8
1.2DRWDWS
  6
Continuous
 48
4.0
370
     0
 62
     7
284
     3
100
AcDbLine
 10
-737.7982700280979
 20
-256.7751425357797
 30
0.0
 11
-737.7982700280979
 21
-202.0674915935044
 31
0.0
  0
LINE
  5
6E1
330
A
100
AcDbEntity
  8
1.2DRWDWS
  6
Continuous
 48
4.0
370
     0
 62
     7
284
     3
100
AcDbLine
 10
-737.7982700280979
 20
-3.583623726406262
 30
0.0
 11
-737.7982700280979
 21
44.22485746422035
 31
0.0
  0
LINE
  5
6E2
330
A
100
AcDbEntity
  8
1.2DRWDWS
  6
Continuous
 48
4.0
370
     0
 62
     7
284
     3
100
AcDbLine
 10
-246.7982700280978
 20
-262.7751425357797
 30
0.0
 11
-246.7982700280978
 21
-256.2751425357797
 31
0.0
  0
LINE
  5
6E3
330
A
100
AcDbEntity
  8
1.2DRWDWS
  6
Continuous
 48
4.0
370
     0
 62
     7
284
     3
100
AcDbLine
 10
-474.7982700280978
 20
-262.7751425357797
 30
0.0
 11
-474.7982700280978
 21
-256.2751425357797
 31
0.0
  0
LINE
  5
6E4
330
A
100
AcDbEntity
  8
1.2DRWDWS
  6
Continuous
 48
4.0
370
     0
 62
     7
284
     3
100
AcDbLine
 10
-280.7982700280978
 20
-262.7751425357797
 30
0.0
 11
-280.7982700280978
 21
-256.2751425357797
 31
0.0
  0
LINE
  5
6E5
330
A
100
AcDbEntity
  8
1.2DRWDWS
  6
Continuous
 48
4.0
370
     0
 62
     7
284
     3
100
AcDbLine
 10
-710.7982700280979
 20
-262.7751425357797
 30
0.0
 11
-710.7982700280979
 21
-256.275146484375
 31
0.0
  0
LINE
  5
6E6
330
A
100
AcDbEntity
  8
1.2DRWDWS
  6
Continuous
 48
4.0
370
     0
 62
     7
284
     3
100
AcDbLine
 10
-516.7982700280979
 20
-262.7751425357797
 30
0.0
 11
-516.7982700280979
 21
-256.275146484375
 31
0.0
  0
LINE
  5
6E7
330
A
100
AcDbEntity
  8
1.2DRWDWS
  6
Continuous
 48
4.0
370
     0
 62
     7
284
     3
100
AcDbLine
 10
-593.2982700280979
 20
50.22485746422036
 30
0.0
 11
-593.2982700280979
 21
43.72485746422035
 31
0.0
  0
LINE
  5
6E8
330
A
100
AcDbEntity
  8
1.2DRWDWS
  6
Continuous
 48
4.0
370
     0
 62
     7
284
     3
100
AcDbLine
 10
-630.2982700280979
 20
50.22485746422036
 30
0.0
 11
-630.2982700280979
 21
43.72485746422035
 31
0.0
  0
LINE
  5
6E9
330
A
100
AcDbEntity
  8
1.2DRWDWS
  6
Continuous
 48
4.0
370
     0
 62
     7
284
     3
100
AcDbLine
 10
-449.2982700280979
 20
50.22485746422036
 30
0.0
 11
-449.2982700280979
 21
43.72485746422035
 31
0.0
  0
LINE
  5
6EA
330
A
100
AcDbEntity
  8
1.2DRWDWS
  6
Continuous
 48
4.0
370
     0
 62
     7
284
     3
100
AcDbLine
 10
-486.2982700280979
 20
50.22485746422036
 30
0.0
 11
-486.2982700280979
 21
43.72485746422035
 31
0.0
  0
LINE
  5
6EB
330
A
100
AcDbEntity
  8
1.2DRWDWS
  6
Continuous
 48
4.0
370
     0
 62
     7
284
     3
100
AcDbLine
 10
-304.7982700280978
 20
50.22485746422036
 30
0.0
 11
-304.7982700280978
 21
43.72485746422035
 31
0.0
  0
LINE
  5
6EC
330
A
100
AcDbEntity
  8
1.2DRWDWS
  6
Continuous
 48
4.0
370
     0
 62
     7
284
     3
100
AcDbLine
 10
-342.7982700280978
 20
50.22485746422036
 30
0.0
 11
-342.7982700280978
 21
43.72485746422035
 31
0.0
  0
LINE
  5
6ED
330
A
100
AcDbEntity
  8
1.2DRWDWS
  6
Continuous
 48
4.0
370
     0
 62
     7
284
     3
100
AcDbLine
 10
-737.7982788085938
 20
44.22485733032227
 30
0.0
 11
-191.2982635498047
 21
44.22485733032227
 31
0.0
  0
LINE
  5
6EE
330
A
100
AcDbEntity
  8
1.2DRWDWS
  6
Continuous
 48
4.0
370
     0
 62
     7
284
     3
100
AcDbLine
 10
-743.2982788085938
 20
49.72485733032227
 30
0.0
 11
-191.2982635498047
 21
49.72485733032227
 31
0.0
  0
LINE
  5
6EF
330
A
100
AcDbEntity
  8
1.2DRWDWS
  6
Continuous
 48
4.0
370
     0
 62
     7
284
     3
100
AcDbLine
 10
-191.2982635498047
 20
-256.775146484375
 30
0.0
 11
-737.7982788085938
 21
-256.775146484375
 31
0.0
  0
LINE
  5
6F0
330
A
100
AcDbEntity
  8
1.2DRWDWS
  6
Continuous
 48
4.0
370
     0
 62
     7
284
     3
100
AcDbLine
 10
-191.2982700280979
 20
-262.2751464843751
 30
0.0
 11
-743.2982788085938
 21
-262.275146484375
 31
0.0
  0
LINE
  5
6F1
330
A
100
AcDbEntity
  8
1.2DRWDWS
  6
Continuous
 48
12.0
370
     0
 62
     3
284
     3
100
AcDbLine
 10
-191.7982695156905
 20
-274.2751464843751
 30
0.0
 11
-755.298278808594
 21
-274.2751464843751
 31
0.0
  0
LINE
  5
6F2
330
A
100
AcDbEntity
  8
1.2DRWDWS
  6
Continuous
 48
12.0
370
     0
 62
     3
284
     3
100
AcDbLine
 10
-755.298278808594
 20
-274.2751464843751
 30
0.0
 11
-755.298278808594
 21
-202.0674915935044
 31
0.0
  0
LINE
  5
6F3
330
A
100
AcDbEntity
  8
1.2DRWDWS
  6
Continuous
 48
4.0
370
     0
 62
     7
284
     3
100
AcDbLine
 10
-755.298278808594
 20
-202.0674915935044
 30
0.0
 11
-755.298278808594
 21
-3.583623726406263
 31
0.0
  0
LINE
  5
6F4
330
A
100
AcDbEntity
  8
1.2DRWDWS
  6
Continuous
 48
12.0
370
     0
 62
     3
284
     3
100
AcDbLine
 10
-755.298278808594
 20
-3.583623726406263
 30
0.0
 11
-755.298278808594
 21
61.72485733032246
 31
0.0
  0
LINE
  5
6F5
330
A
100
AcDbEntity
  8
1.2DRWDWS
  6
Continuous
 48
12.0
370
     0
 62
     3
284
     3
100
AcDbLine
 10
-755.298278808594
 20
61.72485733032246
 30
0.0
 11
-192.7982635498047
 21
61.72485733032246
 31
0.0
  0
LINE
  5
6F6
330
A
100
AcDbEntity
  8
1.2DRWDWS
  6
Continuous
 48
12.0
370
     0
 62
     1
284
     3
100
AcDbLine
 10
-208.7982700280978
 20
-262.775146484375
 30
0.0
 11
-208.7982700280978
 21
-256.275146484375
 31
0.0
  0
LINE
  5
6F7
330
A
100
AcDbEntity
  8
1.2DRWDWS
  6
Continuous
 48
12.0
370
     0
 62
     3
284
     3
100
AcDbLine
 10
258.7017211914062
 20
-79.02514253577965
 30
0.0
 11
258.7017211914062
 21
-0.1601575826692994
 31
0.0
  0
POINT
  5
6F8
330
A
100
AcDbEntity
  8
1.2DRWDWS
  6
Continuous
 48
11.99886226654053
370
     0
 62
    51
284
     3
100
AcDbPoint
 10
243.7006745057325
 20
67.72485746422035
 30
0.0
 50
0.0
  0
LINE
  5
6F9
330
A
100
AcDbEntity
  8
1.2DRWDWS
  6
Continuous
 48
12.0
370
     0
 62
     3
284
     3
100
AcDbLine
 10
126.6939529410461
 20
-40.56225761099574
 30
0.0
 11
126.6939529410461
 21
31.43774238900425
 31
0.0
  0
ELLIPSE
  5
6FA
330
A
100
AcDbEntity
  8
1.2DRWDWS
  6
Continuous
 48
4.0
370
     0
 62
     1
284
     3
100
AcDbEllipse
 10
115.7370621885264
 20
14.62760027186214
 30
0.0
 11
6.123031769111886E-16
 21
10.0
 31
0.0
210
0.0
220
0.0
230
1.0
 40
0.7
 41
1.678075028452844
 42
7.745730661378014
  0
CIRCLE
  5
6FB
330
A
100
AcDbEntity
  8
1.2DRWDWS
  6
Continuous
 48
4.0
370
     0
 62
     1
284
     3
100
AcDbCircle
 10
113.7370621885264
 20
14.62760027186214
 30
0.0
 40
1.0
  0
POINT
  5
6FC
330
A
100
AcDbEntity
  8
1.2DRWDWS
  6
Continuous
 48
12.0
370
     0
 62
     1
284
     3
100
AcDbPoint
 10
101.7370621885264
 20
9.767076128834304
 30
0.0
 50
0.0
  0
CIRCLE
  5
6FD
330
A
100
AcDbEntity
  8
1.2DRWDWS
  6
Continuous
 48
12.0
370
     0
 62
     1
284
     3
100
AcDbCircle
 10
106.7370621885264
 20
11.62760027186215
 30
0.0
 40
1.0
  0
CIRCLE
  5
6FE
330
A
100
AcDbEntity
  8
1.2DRWDWS
  6
Continuous
 48
12.0
370
     0
 62
     1
284
     3
100
AcDbCircle
 10
106.7370621885264
 20
17.62760027186215
 30
0.0
 40
1.0
  0
LINE
  5
6FF
330
A
100
AcDbEntity
  8
1.2DRWDWS
  6
Continuous
 48
12.0
370
     0
 62
     1
284
     3
100
AcDbLine
 10
105.2370621885264
 20
15.62760027186215
 30
0.0
 11
112.2370621885264
 21
15.62760027186214
 31
0.0
  0
LINE
  5
700
330
A
100
AcDbEntity
  8
1.2DRWDWS
  6
Continuous
 48
12.0
370
     0
 62
     1
284
     3
100
AcDbLine
 10
105.2370621885264
 20
13.62760027186215
 30
0.0
 11
112.2370621885264
 21
13.62760027186214
 31
0.0
  0
LINE
  5
701
330
A
100
AcDbEntity
  8
1.2DRWDWS
  6
Continuous
 48
12.0
370
     0
 62
     1
284
     3
100
AcDbLine
 10
105.2370621885264
 20
15.62760027186215
 30
0.0
 11
105.2370621885264
 21
13.62760027186215
 31
0.0
  0
LINE
  5
702
330
A
100
AcDbEntity
  8
1.2DRWDWS
  6
Continuous
 48
12.0
370
     0
 62
     1
284
     3
100
AcDbLine
 10
112.2370621885264
 20
15.62760027186214
 30
0.0
 11
112.2370621885264
 21
13.62760027186214
 31
0.0
  0
LINE
  5
703
330
A
100
AcDbEntity
  8
1.2DRWDWS
  6
Continuous
 48
12.0
370
     0
 62
     1
284
     3
100
AcDbLine
 10
112.2370621885264
 20
13.62760027186214
 30
0.0
 11
111.7370621885264
 21
13.87760027186214
 31
0.0
  0
LINE
  5
704
330
A
100
AcDbEntity
  8
1.2DRWDWS
  6
Continuous
 48
12.0
370
     0
 62
     1
284
     3
100
AcDbLine
 10
111.7370621885264
 20
13.87760027186214
 30
0.0
 11
105.2370621885264
 21
13.62760027186215
 31
0.0
  0
LINE
  5
705
330
A
100
AcDbEntity
  8
1.2DRWDWS
  6
Continuous
 48
12.0
370
     0
 62
     1
284
     3
100
AcDbLine
 10
105.2370621885264
 20
15.62760027186215
 30
0.0
 11
111.7370621885264
 21
15.37760027186214
 31
0.0
  0
LINE
  5
706
330
A
100
AcDbEntity
  8
1.2DRWDWS
  6
Continuous
 48
12.0
370
     0
 62
     1
284
     3
100
AcDbLine
 10
111.7370621885264
 20
15.37760027186214
 30
0.0
 11
112.2370621885264
 21
15.62760027186214
 31
0.0
  0
LINE
  5
707
330
A
100
AcDbEntity
  8
1.2DRWDWS
  6
Continuous
 48
12.0
370
     0
 62
     1
284
     3
100
AcDbLine
 10
111.7370621885264
 20
15.37760027186214
 30
0.0
 11
111.7370621885264
 21
13.87760027186214
 31
0.0
  0
ELLIPSE
  5
708
330
A
100
AcDbEntity
  8
1.2DRWDWS
  6
Continuous
 48
4.0
370
     0
 62
     1
284
     3
100
AcDbEllipse
 10
115.7370621885264
 20
-24.4778982735397
 30
0.0
 11
6.123031769111886E-16
 21
-10.0
 31
0.0
210
0.0
220
0.0
230
1.0
 40
0.7
 41
4.820639952981159
 42
10.88829558590633
  0
CIRCLE
  5
709
330
A
100
AcDbEntity
  8
1.2DRWDWS
  6
Continuous
 48
4.0
370
     0
 62
     1
284
     3
100
AcDbCircle
 10
113.7370621885264
 20
-24.4778982735397
 30
0.0
 40
1.0
  0
POINT
  5
70A
330
A
100
AcDbEntity
  8
1.2DRWDWS
  6
Continuous
 48
12.0
370
     0
 62
     1
284
     3
100
AcDbPoint
 10
101.7370621885264
 20
-33.118830083367
 30
0.0
 50
0.0
  0
CIRCLE
  5
70B
330
A
100
AcDbEntity
  8
1.2DRWDWS
  6
Continuous
 48
12.0
370
     0
 62
     1
284
     3
100
AcDbCircle
 10
106.7370621885264
 20
-21.47789827353967
 30
0.0
 40
1.0
  0
CIRCLE
  5
70C
330
A
100
AcDbEntity
  8
1.2DRWDWS
  6
Continuous
 48
12.0
370
     0
 62
     1
284
     3
100
AcDbCircle
 10
106.7370621885264
 20
-27.4778982735397
 30
0.0
 40
1.0
  0
LINE
  5
70D
330
A
100
AcDbEntity
  8
1.2DRWDWS
  6
Continuous
 48
12.0
370
     0
 62
     1
284
     3
100
AcDbLine
 10
105.2370621885264
 20
-25.4778982735397
 30
0.0
 11
112.2370621885264
 21
-25.4778982735397
 31
0.0
  0
LINE
  5
70E
330
A
100
AcDbEntity
  8
1.2DRWDWS
  6
Continuous
 48
12.0
370
     0
 62
     1
284
     3
100
AcDbLine
 10
105.2370621885264
 20
-23.4778982735397
 30
0.0
 11
112.2370621885264
 21
-23.4778982735397
 31
0.0
  0
LINE
  5
70F
330
A
100
AcDbEntity
  8
1.2DRWDWS
  6
Continuous
 48
12.0
370
     0
 62
     1
284
     3
100
AcDbLine
 10
105.2370621885264
 20
-25.4778982735397
 30
0.0
 11
105.2370621885264
 21
-23.4778982735397
 31
0.0
  0
LINE
  5
710
330
A
100
AcDbEntity
  8
1.2DRWDWS
  6
Continuous
 48
12.0
370
     0
 62
     1
284
     3
100
AcDbLine
 10
112.2370621885264
 20
-25.4778982735397
 30
0.0
 11
112.2370621885264
 21
-23.4778982735397
 31
0.0
  0
LINE
  5
711
330
A
100
AcDbEntity
  8
1.2DRWDWS
  6
Continuous
 48
12.0
370
     0
 62
     1
284
     3
100
AcDbLine
 10
112.2370621885264
 20
-23.4778982735397
 30
0.0
 11
111.7370621885264
 21
-23.7278982735397
 31
0.0
  0
LINE
  5
712
330
A
100
AcDbEntity
  8
1.2DRWDWS
  6
Continuous
 48
12.0
370
     0
 62
     1
284
     3
100
AcDbLine
 10
111.7370621885264
 20
-23.7278982735397
 30
0.0
 11
105.2370621885264
 21
-23.4778982735397
 31
0.0
  0
LINE
  5
713
330
A
100
AcDbEntity
  8
1.2DRWDWS
  6
Continuous
 48
12.0
370
     0
 62
     1
284
     3
100
AcDbLine
 10
105.2370621885264
 20
-25.4778982735397
 30
0.0
 11
111.7370621885264
 21
-25.22789827353972
 31
0.0
  0
LINE
  5
714
330
A
100
AcDbEntity
  8
1.2DRWDWS
  6
Continuous
 48
12.0
370
     0
 62
     1
284
     3
100
AcDbLine
 10
111.7370621885264
 20
-25.22789827353972
 30
0.0
 11
112.2370621885264
 21
-25.4778982735397
 31
0.0
  0
LINE
  5
715
330
A
100
AcDbEntity
  8
1.2DRWDWS
  6
Continuous
 48
12.0
370
     0
 62
     1
284
     3
100
AcDbLine
 10
111.7370621885264
 20
-25.22789827353972
 30
0.0
 11
111.7370621885264
 21
-23.7278982735397
 31
0.0
  0
LINE
  5
716
330
A
100
AcDbEntity
  8
1.2DRWDWS
  6
Continuous
 48
4.0
370
     0
 62
     1
284
     3
100
AcDbLine
 10
98.57672882080084
 20
-79.02513885498047
 30
0.0
 11
98.57672882080084
 21
31.2248611450196
 31
0.0
  0
LINE
  5
717
330
A
100
AcDbEntity
  8
1.2DRWDWS
  6
Continuous
 48
4.0
370
     0
 62
     1
284
     3
100
AcDbLine
 10
86.57672882080084
 20
-79.02513885498047
 30
0.0
 11
86.57672882080085
 21
31.22486114501961
 31
0.0
  0
LINE
  5
718
330
A
100
AcDbEntity
  8
1.2DRWDWS
  6
Continuous
 48
4.0
370
     0
 62
     1
284
     3
100
AcDbLine
 10
98.57672882080084
 20
-79.02513885498047
 30
0.0
 11
86.57672882080084
 21
-79.02513885498047
 31
0.0
  0
LINE
  5
719
330
A
100
AcDbEntity
  8
1.2DRWDWS
  6
Continuous
 48
4.0
370
     0
 62
     1
284
     3
100
AcDbLine
 10
80.19961903956273
 20
39.72486114501953
 30
0.0
 11
22.95172997190221
 21
39.72486114501953
 31
0.0
  0
LINE
  5
71A
330
A
100
AcDbEntity
  8
1.2DRWDWS
  6
Continuous
 48
4.0
370
     0
 62
     1
284
     3
100
AcDbLine
 10
10.95172997190222
 20
19.72485746422038
 30
0.0
 11
10.95172997190221
 21
-79.02513885498045
 31
0.0
  0
LINE
  5
71B
330
A
100
AcDbEntity
  8
1.2DRWDWS
  6
Continuous
 48
4.0
370
     0
 62
     1
284
     3
100
AcDbLine
 10
22.95172997190221
 20
39.72486114501953
 30
0.0
 11
22.95172997190221
 21
-79.02513885498045
 31
0.0
  0
LINE
  5
71C
330
A
100
AcDbEntity
  8
1.2DRWDWS
  6
Continuous
 48
4.0
370
     0
 62
     1
284
     3
100
AcDbLine
 10
10.95172997190221
 20
-79.02513885498045
 30
0.0
 11
33.53234445495936
 21
-79.02513885498045
 31
0.0
  0
LINE
  5
71D
330
A
100
AcDbEntity
  8
1.2DRWDWS
  6
Continuous
 48
2.0
370
     0
 62
    11
284
     3
100
AcDbLine
 10
188.6996190395627
 20
20.72485746422038
 30
0.0
 11
188.6996154785156
 21
67.72486114501953
 31
0.0
  0
LWPOLYLINE
  5
71E
330
A
100
AcDbEntity
  8
1.2DRWDWS
  6
Continuous
 48
0.09375
370
     0
 62
     1
284
     3
100
AcDbPolyline
 90
        4
 70
     0
 43
0.0
 10
-489.3222935907487
 20
-201.7193437376008
 10
-491.0442500823174
 20
-198.5126841660344
 10
-490.2672302024521
 20
-205.2821973390524
 10
-492.1514793247294
 20
-202.0674915935044
  0
LINE
  5
71F
330
A
100
AcDbEntity
  8
1.2DRWDWS
  6
Continuous
 48
0.09375
370
     0
 62
     1
284
     3
100
AcDbLine
 10
-489.3222935907487
 20
-201.7193437376008
 30
0.0
 11
-189.1948927496679
 21
-201.7193437376008
 31
0.0
  0
LINE
  5
720
330
A
100
AcDbEntity
  8
1.2DRWDWS
  6
Continuous
 48
0.09375
370
     0
 62
     1
284
     3
100
AcDbLine
 10
-492.1514793247295
 20
-202.0674915935045
 30
0.0
 11
-757.49403008076
 21
-202.0674915935044
 31
0.0
  0
LWPOLYLINE
  5
721
330
A
100
AcDbEntity
  8
1.2DRWDWS
  6
Continuous
 48
0.09375
370
     0
 62
     1
284
     3
100
AcDbPolyline
 90
        4
 70
     0
 43
0.0
 10
-489.3222935907487
 20
-3.235475870502654
 10
-491.0442500823174
 20
-0.02881629893627746
 10
-490.2672302024521
 20
-6.798329471954247
 10
-492.1514793247294
 20
-3.583623726406273
  0
LINE
  5
722
330
A
100
AcDbEntity
  8
1.2DRWDWS
  6
Continuous
 48
0.09375
370
     0
 62
     1
284
     3
100
AcDbLine
 10
-489.3222935907487
 20
-3.235475870502654
 30
0.0
 11
-189.1948927496679
 21
-1.0820795118641
 31
0.0
  0
LINE
  5
723
330
A
100
AcDbEntity
  8
1.2DRWDWS
  6
Continuous
 48
0.09375
370
     0
 62
     1
284
     3
100
AcDbLine
 10
-492.1514793247295
 20
-3.583623726406302
 30
0.0
 11
-757.49403008076
 21
-3.583623726406273
 31
0.0
  0
LINE
  5
724
330
A
100
AcDbEntity
  8
1.2DRWDWS
  6
Continuous
 48
24.0
370
     0
 62
     3
284
     3
100
AcDbLine
 10
-744.4232700280979
 20
-82.31129930654207
 30
0.0
 11
-743.7982700280979
 21
-82.31129930654207
 31
0.0
  0
LINE
  5
725
330
A
100
AcDbEntity
  8
1.2DRWDWS
  6
Continuous
 48
12.0
370
     0
 62
     3
284
     3
100
AcDbLine
 10
-741.9905918054417
 20
-87.81129930654207
 30
0.0
 11
-741.9906528405979
 21
-117.8398160133687
 31
0.0
  0
LINE
  5
726
330
A
100
AcDbEntity
  8
1.2DRWDWS
  6
Continuous
 48
12.0
370
     0
 62
     3
284
     3
100
AcDbLine
 10
-741.1156528405979
 20
-117.8398160133687
 30
0.0
 11
-742.8656528405979
 21
-117.8398160133687
 31
0.0
  0
LINE
  5
727
330
A
100
AcDbEntity
  8
1.2DRWDWS
  6
Continuous
 48
12.0
370
     0
 62
     3
284
     3
100
AcDbLine
 10
-741.1156528405979
 20
-119.8398160133687
 30
0.0
 11
-741.1156528405979
 21
-117.8398160133687
 31
0.0
  0
LINE
  5
728
330
A
100
AcDbEntity
  8
1.2DRWDWS
  6
Continuous
 48
12.0
370
     0
 62
     3
284
     3
100
AcDbLine
 10
-742.8656528405979
 20
-119.8398160133687
 30
0.0
 11
-742.8656528405979
 21
-117.8398160133687
 31
0.0
  0
LINE
  5
729
330
A
100
AcDbEntity
  8
1.2DRWDWS
  6
Continuous
 48
24.0
370
     0
 62
     3
284
     3
100
AcDbLine
 10
-744.4232700280979
 20
-119.8398160133687
 30
0.0
 11
-744.4232700280979
 21
-123.4285611305562
 31
0.0
  0
LINE
  5
72A
330
A
100
AcDbEntity
  8
1.2DRWDWS
  6
Continuous
 48
24.0
370
     0
 62
     3
284
     3
100
AcDbLine
 10
-736.6732700280979
 20
-119.8398160133687
 30
0.0
 11
-739.6155307702854
 21
-119.8398160133687
 31
0.0
  0
LINE
  5
72B
330
A
100
AcDbEntity
  8
1.2DRWDWS
  6
Continuous
 48
24.0
370
     0
 62
     3
284
     3
100
AcDbLine
 10
-741.1155307702854
 20
-119.8398160133687
 30
0.0
 11
-744.4232700280979
 21
-119.8398160133687
 31
0.0
  0
LINE
  5
72C
330
A
100
AcDbEntity
  8
1.2DRWDWS
  6
Continuous
 48
24.0
370
     0
 62
     3
284
     3
100
AcDbLine
 10
-741.1155307702854
 20
-119.0898160133687
 30
0.0
 11
-741.1155307702854
 21
-119.8398160133687
 31
0.0
  0
LINE
  5
72D
330
A
100
AcDbEntity
  8
1.2DRWDWS
  6
Continuous
 48
24.0
370
     0
 62
     3
284
     3
100
AcDbLine
 10
-739.6155307702854
 20
-119.0898160133687
 30
0.0
 11
-739.6155307702854
 21
-119.8398160133687
 31
0.0
  0
LINE
  5
72E
330
A
100
AcDbEntity
  8
1.2DRWDWS
  6
Continuous
 48
24.0
370
     0
 62
     3
284
     3
100
AcDbLine
 10
-739.6155307702854
 20
-119.0898160133687
 30
0.0
 11
-741.1155307702854
 21
-119.0898160133687
 31
0.0
  0
LINE
  5
72F
330
A
100
AcDbEntity
  8
1.2DRWDWS
  6
Continuous
 48
12.0
370
     0
 62
     3
284
     3
100
AcDbLine
 10
-741.1155918054417
 20
-87.81129930654207
 30
0.0
 11
-742.8655918054417
 21
-87.81129930654207
 31
0.0
  0
LINE
  5
730
330
A
100
AcDbEntity
  8
1.2DRWDWS
  6
Continuous
 48
12.0
370
     0
 62
     3
284
     3
100
AcDbLine
 10
-741.1155918054417
 20
-85.81129930654207
 30
0.0
 11
-741.1155918054417
 21
-87.81129930654207
 31
0.0
  0
LINE
  5
731
330
A
100
AcDbEntity
  8
1.2DRWDWS
  6
Continuous
 48
12.0
370
     0
 62
     3
284
     3
100
AcDbLine
 10
-742.8655918054417
 20
-85.81129930654207
 30
0.0
 11
-742.8655918054417
 21
-87.81129930654207
 31
0.0
  0
LINE
  5
732
330
A
100
AcDbEntity
  8
1.2DRWDWS
  6
Continuous
 48
12.0
370
     0
 62
     7
284
     3
100
AcDbLine
 10
-736.6732700280979
 20
-119.8398160133687
 30
0.0
 11
-736.6732700280979
 21
-85.81129930654207
 31
0.0
  0
LINE
  5
733
330
A
100
AcDbEntity
  8
1.2DRWDWS
  6
Continuous
 48
24.0
370
     0
 62
     3
284
     3
100
AcDbLine
 10
-744.4232700280979
 20
-85.81129930654207
 30
0.0
 11
-744.4232700280979
 21
-82.31129930654207
 31
0.0
  0
LINE
  5
734
330
A
100
AcDbEntity
  8
1.2DRWDWS
  6
Continuous
 48
24.0
370
     0
 62
     3
284
     3
100
AcDbLine
 10
-736.6732700280979
 20
-85.81129930654207
 30
0.0
 11
-739.6155918054417
 21
-85.81129930654207
 31
0.0
  0
LINE
  5
735
330
A
100
AcDbEntity
  8
1.2DRWDWS
  6
Continuous
 48
24.0
370
     0
 62
     3
284
     3
100
AcDbLine
 10
-741.1155918054417
 20
-85.81129930654207
 30
0.0
 11
-744.4232700280979
 21
-85.81129930654207
 31
0.0
  0
LINE
  5
736
330
A
100
AcDbEntity
  8
1.2DRWDWS
  6
Continuous
 48
24.0
370
     0
 62
     3
284
     3
100
AcDbLine
 10
-741.1155918054417
 20
-86.56129930654207
 30
0.0
 11
-741.1155918054417
 21
-85.81129930654207
 31
0.0
  0
LINE
  5
737
330
A
100
AcDbEntity
  8
1.2DRWDWS
  6
Continuous
 48
24.0
370
     0
 62
     3
284
     3
100
AcDbLine
 10
-739.6155918054417
 20
-86.56129930654207
 30
0.0
 11
-739.6155918054417
 21
-85.81129930654207
 31
0.0
  0
LINE
  5
738
330
A
100
AcDbEntity
  8
1.2DRWDWS
  6
Continuous
 48
24.0
370
     0
 62
     3
284
     3
100
AcDbLine
 10
-739.6155918054417
 20
-86.56129930654207
 30
0.0
 11
-741.1155918054417
 21
-86.56129930654207
 31
0.0
  0
LINE
  5
739
330
A
100
AcDbEntity
  8
1.2DRWDWS
  6
Continuous
 48
12.0
370
     0
 62
     7
284
     3
100
AcDbLine
 10
-744.7982700280979
 20
-123.7723111305562
 30
0.0
 11
-744.7982700280979
 21
-81.96754930654207
 31
0.0
  0
LINE
  5
73A
330
A
100
AcDbEntity
  8
1.2DRWDWS
  6
Continuous
 48
24.0
370
     0
 62
     7
284
     3
100
AcDbLine
 10
-744.7982700280979
 20
-81.96754930654207
 30
0.0
 11
-743.7982700280979
 21
-81.96754930654207
 31
0.0
  0
LINE
  5
73B
330
A
100
AcDbEntity
  8
1.2DRWDWS
  6
Continuous
 48
24.0
370
     0
 62
    11
284
     3
100
AcDbLine
 10
-741.1156528405979
 20
-117.8398160133687
 30
0.0
 11
-741.1155918054417
 21
-87.81129930654207
 31
0.0
  0
LINE
  5
73C
330
A
100
AcDbEntity
  8
1.2DRWDWS
  6
Continuous
 48
24.0
370
     0
 62
    11
284
     3
100
AcDbLine
 10
-742.8656528405979
 20
-117.8398160133687
 30
0.0
 11
-742.8655918054417
 21
-87.81129930654207
 31
0.0
  0
LINE
  5
73D
330
A
100
AcDbEntity
  8
1.2DRWDWS
  6
Continuous
 48
24.0
370
     0
 62
     7
284
     3
100
AcDbLine
 10
-744.7982700280979
 20
-123.7723111305562
 30
0.0
 11
-743.7982700280979
 21
-123.7723111305562
 31
0.0
  0
LINE
  5
73E
330
A
100
AcDbEntity
  8
1.2DRWDWS
  6
Continuous
 48
24.0
370
     0
 62
     3
284
     3
100
AcDbLine
 10
-744.4232700280979
 20
-123.4285611305562
 30
0.0
 11
-743.7982700280979
 21
-123.4285611305562
 31
0.0
  0
LINE
  5
73F
330
A
100
AcDbEntity
  8
1.2DRWDWS
  6
Continuous
 48
24.0
370
     0
 62
     3
284
     3
100
AcDbLine
 10
-736.6732700280979
 20
-85.81129930654207
 30
0.0
 11
-736.6732700280979
 21
-82.31129930654207
 31
0.0
  0
LINE
  5
740
330
A
100
AcDbEntity
  8
1.2DRWDWS
  6
Continuous
 48
24.0
370
     0
 62
     3
284
     3
100
AcDbLine
 10
-736.6732700280979
 20
-82.31129930654207
 30
0.0
 11
-737.2982700280979
 21
-82.31129930654207
 31
0.0
  0
LINE
  5
741
330
A
100
AcDbEntity
  8
1.2DRWDWS
  6
Continuous
 48
24.0
370
     0
 62
     3
284
     3
100
AcDbLine
 10
-736.6732700280979
 20
-119.8398160133687
 30
0.0
 11
-736.6732700280979
 21
-123.4285611305562
 31
0.0
  0
LINE
  5
742
330
A
100
AcDbEntity
  8
1.2DRWDWS
  6
Continuous
 48
24.0
370
     0
 62
     3
284
     3
100
AcDbLine
 10
-736.6732700280979
 20
-123.4285611305562
 30
0.0
 11
-737.2982700280979
 21
-123.4285611305562
 31
0.0
  0
POINT
  5
743
330
A
100
AcDbEntity
  8
1.2DRWDWS
  6
Continuous
370
     0
 62
    51
284
     3
100
AcDbPoint
 10
-743.7982700280979
 20
-84.81129930654207
 30
0.0
 50
0.0
  0
LINE
  5
744
330
A
100
AcDbEntity
  8
1.2DRWDWS
  6
Continuous
 48
4.0
370
     0
 62
     7
284
     3
100
AcDbLine
 10
-743.2982788085938
 20
-202.0674896240234
 30
0.0
 11
-743.2982788085938
 21
-120.8113032551374
 31
0.0
  0
LINE
  5
745
330
A
100
AcDbEntity
  8
1.2DRWDWS
  6
Continuous
 48
4.0
370
     0
 62
     7
284
     3
100
AcDbLine
 10
-743.2982788085938
 20
-85.0412810585489
 30
0.0
 11
-743.2982788085938
 21
-3.583623647689819
 31
0.0
  0
LINE
  5
746
330
A
100
AcDbEntity
  8
1.2DRWDWS
  6
Continuous
 48
4.0
370
     0
 62
     7
284
     3
100
AcDbLine
 10
-737.7982788085938
 20
-202.0674896240234
 30
0.0
 11
-737.7982788085938
 21
-120.8113032551374
 31
0.0
  0
LINE
  5
747
330
A
100
AcDbEntity
  8
1.2DRWDWS
  6
Continuous
 48
4.0
370
     0
 62
     7
284
     3
100
AcDbLine
 10
-737.7982788085938
 20
-85.04128105854888
 30
0.0
 11
-737.7982788085938
 21
-3.583623647689819
 31
0.0
  0
LINE
  5
748
330
A
100
AcDbEntity
  8
1.2DRWDWS
  6
Continuous
 48
4.0
370
     0
 62
     5
284
     3
100
AcDbLine
 10
-737.2982788085938
 20
-202.0674896240234
 30
0.0
 11
-737.2982788085938
 21
-120.8113032551374
 31
0.0
  0
LINE
  5
749
330
A
100
AcDbEntity
  8
1.2DRWDWS
  6
Continuous
 48
4.0
370
     0
 62
     5
284
     3
100
AcDbLine
 10
-737.2982788085938
 20
-85.04128105854888
 30
0.0
 11
-737.2982788085938
 21
-3.583623647689819
 31
0.0
  0
LINE
  5
74A
330
A
100
AcDbEntity
  8
1.2DRWDWS
  6
Continuous
 48
4.0
370
     0
 62
     5
284
     3
100
AcDbLine
 10
-743.7982788085938
 20
-202.0674896240234
 30
0.0
 11
-743.7982788085938
 21
-120.8113032551374
 31
0.0
  0
LINE
  5
74B
330
A
100
AcDbEntity
  8
1.2DRWDWS
  6
Continuous
 48
4.0
370
     0
 62
     5
284
     3
100
AcDbLine
 10
-743.7982788085938
 20
-85.0412810585489
 30
0.0
 11
-743.7982788085938
 21
-3.583623647689819
 31
0.0
  0
LINE
  5
74C
330
A
100
AcDbEntity
  8
1.2DRWDWS
  6
Continuous
 48
12.0
370
     0
 62
     3
284
     3
100
AcDbLine
 10
-165.706415797085
 20
-183.8744651516703
 30
0.0
 11
-132.4801380996506
 21
-183.8744651516703
 31
0.0
  0
LINE
  5
74D
330
A
100
AcDbEntity
  8
1.2DRWDWS
  6
Continuous
 48
12.0
370
     0
 62
     3
284
     3
100
AcDbLine
 10
-181.2839589645662
 20
-160.5493185649588
 30
0.0
 11
-181.2839589645663
 21
-178.8558681386097
 31
0.0
  0
LINE
  5
74E
330
A
100
AcDbEntity
  8
1.2DRWDWS
  6
Continuous
 48
12.0
370
     0
 62
     3
284
     3
100
AcDbLine
 10
-181.2839589645662
 20
-169.3567222892913
 30
0.0
 11
-132.4801380996506
 21
-169.3567222892914
 31
0.0
  0
POINT
  5
74F
330
A
100
AcDbEntity
  8
1.2DRWDWS
  6
Continuous
 48
12.0
370
     0
 62
    51
284
     3
100
AcDbPoint
 10
34.45173001204758
 20
140.9748573303223
 30
0.0
 50
0.0
  0
LINE
  5
750
330
A
100
AcDbEntity
  8
1.2DRWDWS
  6
Continuous
 48
24.0
370
     0
 62
     3
284
     3
100
AcDbLine
 10
35.07673001204763
 20
201.9174842834473
 30
0.0
 11
65.07673001204763
 21
201.9174842834473
 31
0.0
  0
LINE
  5
751
330
A
100
AcDbEntity
  8
1.2DRWDWS
  6
Continuous
 48
24.0
370
     0
 62
     3
284
     3
100
AcDbLine
 10
35.07673001204763
 20
200.1674842834473
 30
0.0
 11
65.07673001204763
 21
200.1674842834473
 31
0.0
  0
LINE
  5
752
330
A
100
AcDbEntity
  8
1.2DRWDWS
  6
Continuous
 48
24.0
370
     0
 62
     3
284
     3
100
AcDbLine
 10
35.07673001204763
 20
201.9174842834473
 30
0.0
 11
35.07673001204763
 21
200.1674842834473
 31
0.0
  0
LINE
  5
753
330
A
100
AcDbEntity
  8
1.2DRWDWS
  6
Continuous
 48
24.0
370
     0
 62
     3
284
     3
100
AcDbLine
 10
65.07673001204763
 20
201.9174842834473
 30
0.0
 11
65.07673001204763
 21
200.1674842834473
 31
0.0
  0
LINE
  5
754
330
A
100
AcDbEntity
  8
1.2DRWDWS
  6
Continuous
 48
24.0
370
     0
 62
     3
284
     3
100
AcDbLine
 10
35.07673001204761
 20
141.9174842834473
 30
0.0
 11
65.07673001204763
 21
141.9174842834473
 31
0.0
  0
LINE
  5
755
330
A
100
AcDbEntity
  8
1.2DRWDWS
  6
Continuous
 48
24.0
370
     0
 62
     3
284
     3
100
AcDbLine
 10
35.07673001204761
 20
143.6674842834473
 30
0.0
 11
65.07673001204763
 21
143.6674842834473
 31
0.0
  0
LINE
  5
756
330
A
100
AcDbEntity
  8
1.2DRWDWS
  6
Continuous
 48
24.0
370
     0
 62
     3
284
     3
100
AcDbLine
 10
35.07673001204761
 20
141.9174842834473
 30
0.0
 11
35.07673001204761
 21
143.6674842834473
 31
0.0
  0
LINE
  5
757
330
A
100
AcDbEntity
  8
1.2DRWDWS
  6
Continuous
 48
24.0
370
     0
 62
     3
284
     3
100
AcDbLine
 10
65.07673001204763
 20
141.9174842834473
 30
0.0
 11
65.07673001204763
 21
143.6674842834473
 31
0.0
  0
ARC
  5
758
330
A
100
AcDbEntity
  8
1.2DRWDWS
  6
Continuous
 48
12.0
370
     0
 62
     1
284
     3
100
AcDbCircle
 10
35.07673001204762
 20
141.9174842834473
 30
0.0
 40
30.00000000000001
100
AcDbArc
 50
3.338469999999996
 51
90.0
  0
ARC
  5
759
330
A
100
AcDbEntity
  8
1.2DRWDWS
  6
Continuous
 48
12.0
370
     0
 62
     1
284
     3
100
AcDbCircle
 10
35.0767300120476
 20
201.9174842834473
 30
0.0
 40
30.05099868774417
100
AcDbArc
 50
270.0816999999999
 51
356.66152
  0
LINE
  5
75A
330
A
100
AcDbEntity
  8
1.2DRWDWS
  6
Continuous
 48
24.0
370
     0
 62
     3
284
     3
100
AcDbLine
 10
29.20173001204761
 20
137.9748573303223
 30
0.0
 11
29.20173001204761
 21
141.9748573303223
 31
0.0
  0
LINE
  5
75B
330
A
100
AcDbEntity
  8
1.2DRWDWS
  6
Continuous
 48
24.0
370
     0
 62
     3
284
     3
100
AcDbLine
 10
35.07673001204761
 20
137.9748573303223
 30
0.0
 11
35.07673001204761
 21
141.9748573303223
 31
0.0
  0
LINE
  5
75C
330
A
100
AcDbEntity
  8
1.2DRWDWS
  6
Continuous
 48
24.0
370
     0
 62
     3
284
     3
100
AcDbLine
 10
35.07673001204761
 20
141.9748573303223
 30
0.0
 11
33.32624173079761
 21
141.9748573303223
 31
0.0
  0
LINE
  5
75D
330
A
100
AcDbEntity
  8
1.2DRWDWS
  6
Continuous
 48
24.0
370
     0
 62
     3
284
     3
100
AcDbLine
 10
31.07624173079761
 20
141.9748573303223
 30
0.0
 11
29.20173001204761
 21
141.9748573303223
 31
0.0
  0
LINE
  5
75E
330
A
100
AcDbEntity
  8
1.2DRWDWS
  6
Continuous
 48
24.0
370
     0
 62
     3
284
     3
100
AcDbLine
 10
31.07624173079761
 20
141.9748573303223
 30
0.0
 11
31.07624173079761
 21
142.7248573303223
 31
0.0
  0
LINE
  5
75F
330
A
100
AcDbEntity
  8
1.2DRWDWS
  6
Continuous
 48
24.0
370
     0
 62
     3
284
     3
100
AcDbLine
 10
33.32624173079761
 20
141.9748573303223
 30
0.0
 11
33.32624173079761
 21
142.7248573303223
 31
0.0
  0
LINE
  5
760
330
A
100
AcDbEntity
  8
1.2DRWDWS
  6
Continuous
 48
24.0
370
     0
 62
     3
284
     3
100
AcDbLine
 10
33.32624173079761
 20
142.7248573303223
 30
0.0
 11
31.07624173079761
 21
142.7248573303223
 31
0.0
  0
LINE
  5
761
330
A
100
AcDbEntity
  8
1.2DRWDWS
  6
Continuous
 48
12.0
370
     0
 62
     3
284
     3
100
AcDbLine
 10
35.07673001204761
 20
137.9748573303223
 30
0.0
 11
34.45173001204761
 21
137.9748573303223
 31
0.0
  0
LINE
  5
762
330
A
100
AcDbEntity
  8
1.2DRWDWS
  6
Continuous
 48
12.0
370
     0
 62
     3
284
     3
100
AcDbLine
 10
29.20173001204761
 20
137.9748573303223
 30
0.0
 11
29.82673001204761
 21
137.9748573303223
 31
0.0
  0
LINE
  5
763
330
A
100
AcDbEntity
  8
1.2DRWDWS
  6
Continuous
 48
24.0
370
     0
 62
     3
284
     3
100
AcDbLine
 10
29.20173001204763
 20
201.9177284240723
 30
0.0
 11
29.20173001204763
 21
205.9177284240722
 31
0.0
  0
LINE
  5
764
330
A
100
AcDbEntity
  8
1.2DRWDWS
  6
Continuous
 48
24.0
370
     0
 62
     3
284
     3
100
AcDbLine
 10
35.07673001204763
 20
201.9177284240723
 30
0.0
 11
35.07673001204763
 21
205.9177284240722
 31
0.0
  0
LINE
  5
765
330
A
100
AcDbEntity
  8
1.2DRWDWS
  6
Continuous
 48
24.0
370
     0
 62
     3
284
     3
100
AcDbLine
 10
35.07673001204763
 20
201.9177284240723
 30
0.0
 11
33.32721829329763
 21
201.9177284240723
 31
0.0
  0
LINE
  5
766
330
A
100
AcDbEntity
  8
1.2DRWDWS
  6
Continuous
 48
24.0
370
     0
 62
     3
284
     3
100
AcDbLine
 10
31.07721829329763
 20
201.9177284240723
 30
0.0
 11
29.20173001204763
 21
201.9177284240723
 31
0.0
  0
LINE
  5
767
330
A
100
AcDbEntity
  8
1.2DRWDWS
  6
Continuous
 48
24.0
370
     0
 62
     3
284
     3
100
AcDbLine
 10
31.07721829329763
 20
201.1677284240723
 30
0.0
 11
31.07721829329763
 21
201.9177284240723
 31
0.0
  0
LINE
  5
768
330
A
100
AcDbEntity
  8
1.2DRWDWS
  6
Continuous
 48
24.0
370
     0
 62
     3
284
     3
100
AcDbLine
 10
33.32721829329763
 20
201.1677284240723
 30
0.0
 11
33.32721829329763
 21
201.9177284240723
 31
0.0
  0
LINE
  5
769
330
A
100
AcDbEntity
  8
1.2DRWDWS
  6
Continuous
 48
24.0
370
     0
 62
     3
284
     3
100
AcDbLine
 10
33.32721829329763
 20
201.1677284240723
 30
0.0
 11
31.07721829329763
 21
201.1677284240723
 31
0.0
  0
LINE
  5
76A
330
A
100
AcDbEntity
  8
1.2DRWDWS
  6
Continuous
 48
12.0
370
     0
 62
     3
284
     3
100
AcDbLine
 10
35.07673001204763
 20
205.9177284240722
 30
0.0
 11
34.45173001204763
 21
205.9177284240722
 31
0.0
  0
LINE
  5
76B
330
A
100
AcDbEntity
  8
1.2DRWDWS
  6
Continuous
 48
12.0
370
     0
 62
     3
284
     3
100
AcDbLine
 10
29.20173001204763
 20
205.9177284240722
 30
0.0
 11
29.82673001204763
 21
205.9177284240722
 31
0.0
  0
LINE
  5
76C
330
A
100
AcDbEntity
  8
1.2DRWDWS
  6
Continuous
 48
4.0
370
     0
 62
     1
284
     3
100
AcDbLine
 10
-23.45038318634037
 20
223.724853515625
 30
0.0
 11
-23.45038318634033
 21
124.7248611450195
 31
0.0
  0
POINT
  5
76D
330
A
100
AcDbEntity
  8
1.2DRWDWS
  6
Continuous
 48
12.0
370
     0
 62
    51
284
     3
100
AcDbPoint
 10
10.95172997190222
 20
60.10995881733902
 30
0.0
 50
0.0
  0
LINE
  5
76E
330
A
100
AcDbEntity
  8
1.2DRWDWS
  6
Continuous
 48
24.0
370
     0
 62
     3
284
     3
100
AcDbLine
 10
11.57672997190222
 20
61.05257051167496
 30
0.0
 11
43.57672997190222
 21
61.05257051167496
 31
0.0
  0
LINE
  5
76F
330
A
100
AcDbEntity
  8
1.2DRWDWS
  6
Continuous
 48
24.0
370
     0
 62
     3
284
     3
100
AcDbLine
 10
11.57672997190222
 20
62.80257051167496
 30
0.0
 11
43.57672997190222
 21
62.80257051167496
 31
0.0
  0
LINE
  5
770
330
A
100
AcDbEntity
  8
1.2DRWDWS
  6
Continuous
 48
24.0
370
     0
 62
     3
284
     3
100
AcDbLine
 10
11.57672997190222
 20
61.05257051167496
 30
0.0
 11
11.57672997190222
 21
62.80257051167496
 31
0.0
  0
LINE
  5
771
330
A
100
AcDbEntity
  8
1.2DRWDWS
  6
Continuous
 48
24.0
370
     0
 62
     3
284
     3
100
AcDbLine
 10
43.57672997190222
 20
61.05257051167496
 30
0.0
 11
43.57672997190222
 21
62.80257051167496
 31
0.0
  0
LINE
  5
772
330
A
100
AcDbEntity
  8
1.2DRWDWS
  6
Continuous
 48
24.0
370
     0
 62
     3
284
     3
100
AcDbLine
 10
5.701729971902221
 20
93.05281465229996
 30
0.0
 11
5.701729971902221
 21
97.05280702290543
 31
0.0
  0
LINE
  5
773
330
A
100
AcDbEntity
  8
1.2DRWDWS
  6
Continuous
 48
24.0
370
     0
 62
     3
284
     3
100
AcDbLine
 10
11.57672997190222
 20
93.05281465229996
 30
0.0
 11
11.57672997190222
 21
97.05280702290543
 31
0.0
  0
LINE
  5
774
330
A
100
AcDbEntity
  8
1.2DRWDWS
  6
Continuous
 48
24.0
370
     0
 62
     3
284
     3
100
AcDbLine
 10
11.57672997190222
 20
93.05281465229996
 30
0.0
 11
10.07721825315222
 21
93.05281465229996
 31
0.0
  0
LINE
  5
775
330
A
100
AcDbEntity
  8
1.2DRWDWS
  6
Continuous
 48
24.0
370
     0
 62
     3
284
     3
100
AcDbLine
 10
7.577218253152221
 20
93.05281465229996
 30
0.0
 11
5.701729971902221
 21
93.05281465229996
 31
0.0
  0
LINE
  5
776
330
A
100
AcDbEntity
  8
1.2DRWDWS
  6
Continuous
 48
24.0
370
     0
 62
     3
284
     3
100
AcDbLine
 10
7.577218253152221
 20
92.30281465229996
 30
0.0
 11
7.577218253152221
 21
93.05281465229996
 31
0.0
  0
LINE
  5
777
330
A
100
AcDbEntity
  8
1.2DRWDWS
  6
Continuous
 48
24.0
370
     0
 62
     3
284
     3
100
AcDbLine
 10
10.07721825315222
 20
92.30281465229996
 30
0.0
 11
10.07721825315222
 21
93.05281465229996
 31
0.0
  0
LINE
  5
778
330
A
100
AcDbEntity
  8
1.2DRWDWS
  6
Continuous
 48
24.0
370
     0
 62
     3
284
     3
100
AcDbLine
 10
10.07721825315222
 20
92.30281465229996
 30
0.0
 11
7.577218253152221
 21
92.30281465229996
 31
0.0
  0
LINE
  5
779
330
A
100
AcDbEntity
  8
1.2DRWDWS
  6
Continuous
 48
12.0
370
     0
 62
     3
284
     3
100
AcDbLine
 10
11.57672997190222
 20
97.05280702290543
 30
0.0
 11
10.95172997190222
 21
97.05280702290543
 31
0.0
  0
LINE
  5
77A
330
A
100
AcDbEntity
  8
1.2DRWDWS
  6
Continuous
 48
12.0
370
     0
 62
     3
284
     3
100
AcDbLine
 10
5.701729971902221
 20
97.05280702290543
 30
0.0
 11
6.326729971902221
 21
97.05280702290543
 31
0.0
  0
LINE
  5
77B
330
A
100
AcDbEntity
  8
1.2DRWDWS
  6
Continuous
 48
24.0
370
     0
 62
     3
284
     3
100
AcDbLine
 10
5.701729971902225
 20
57.10995118794449
 30
0.0
 11
5.701729971902225
 21
61.10994355854996
 31
0.0
  0
LINE
  5
77C
330
A
100
AcDbEntity
  8
1.2DRWDWS
  6
Continuous
 48
24.0
370
     0
 62
     3
284
     3
100
AcDbLine
 10
11.57672997190222
 20
57.10995118794449
 30
0.0
 11
11.57672997190222
 21
61.10994355854996
 31
0.0
  0
LINE
  5
77D
330
A
100
AcDbEntity
  8
1.2DRWDWS
  6
Continuous
 48
24.0
370
     0
 62
     3
284
     3
100
AcDbLine
 10
11.57672997190222
 20
61.10994355854996
 30
0.0
 11
10.07624169065222
 21
61.10994355854996
 31
0.0
  0
LINE
  5
77E
330
A
100
AcDbEntity
  8
1.2DRWDWS
  6
Continuous
 48
24.0
370
     0
 62
     3
284
     3
100
AcDbLine
 10
7.576241690652225
 20
61.10994355854996
 30
0.0
 11
5.701729971902225
 21
61.10994355854996
 31
0.0
  0
LINE
  5
77F
330
A
100
AcDbEntity
  8
1.2DRWDWS
  6
Continuous
 48
24.0
370
     0
 62
     3
284
     3
100
AcDbLine
 10
7.576241690652225
 20
61.10994355854996
 30
0.0
 11
7.576241690652225
 21
61.85994355854996
 31
0.0
  0
LINE
  5
780
330
A
100
AcDbEntity
  8
1.2DRWDWS
  6
Continuous
 48
24.0
370
     0
 62
     3
284
     3
100
AcDbLine
 10
10.07624169065222
 20
61.10994355854996
 30
0.0
 11
10.07624169065222
 21
61.85994355854996
 31
0.0
  0
LINE
  5
781
330
A
100
AcDbEntity
  8
1.2DRWDWS
  6
Continuous
 48
24.0
370
     0
 62
     3
284
     3
100
AcDbLine
 10
10.07624169065222
 20
61.85994355854996
 30
0.0
 11
7.576241690652225
 21
61.85994355854996
 31
0.0
  0
LINE
  5
782
330
A
100
AcDbEntity
  8
1.2DRWDWS
  6
Continuous
 48
12.0
370
     0
 62
     3
284
     3
100
AcDbLine
 10
11.57672997190222
 20
57.10995118794449
 30
0.0
 11
10.95172997190222
 21
57.10995118794449
 31
0.0
  0
LINE
  5
783
330
A
100
AcDbEntity
  8
1.2DRWDWS
  6
Continuous
 48
12.0
370
     0
 62
     3
284
     3
100
AcDbLine
 10
5.701729971902225
 20
57.10995118794449
 30
0.0
 11
6.326729971902225
 21
57.10995118794449
 31
0.0
  0
ARC
  5
784
330
A
100
AcDbEntity
  8
1.2DRWDWS
  6
Continuous
370
     0
 62
     1
284
     3
100
AcDbCircle
 10
11.57672997190222
 20
61.10995881733901
 30
0.0
 40
31.94286346435548
100
AcDbArc
 50
359.89725
 51
450.0
  0
POINT
  5
785
330
A
100
AcDbEntity
  8
1.2DRWDWS
  6
Continuous
 48
12.0
370
     0
 62
    51
284
     3
100
AcDbPoint
 10
-117.889206038172
 20
-155.775146484375
 30
0.0
 50
0.0
  0
LINE
  5
786
330
A
100
AcDbEntity
  8
1.2DRWDWS
  6
Continuous
 48
24.0
370
     0
 62
     3
284
     3
100
AcDbLine
 10
-116.946579085047
 20
-155.1501464843751
 30
0.0
 11
-96.41146726804972
 21
-133.2798656754001
 31
0.0
  0
LINE
  5
787
330
A
100
AcDbEntity
  8
1.2DRWDWS
  6
Continuous
 48
24.0
370
     0
 62
     3
284
     3
100
AcDbLine
 10
-115.6708127045235
 20
-156.3480280070332
 30
0.0
 11
-95.13570088752618
 21
-134.4777471980583
 31
0.0
  0
LINE
  5
788
330
A
100
AcDbEntity
  8
1.2DRWDWS
  6
Continuous
 48
24.0
370
     0
 62
     3
284
     3
100
AcDbLine
 10
-116.946579085047
 20
-155.1501464843751
 30
0.0
 11
-115.6708127045235
 21
-156.3480280070332
 31
0.0
  0
LINE
  5
789
330
A
100
AcDbEntity
  8
1.2DRWDWS
  6
Continuous
 48
24.0
370
     0
 62
     3
284
     3
100
AcDbLine
 10
-96.41146726804972
 20
-133.2798656754001
 30
0.0
 11
-95.13570088752618
 21
-134.4777471980583
 31
0.0
  0
LINE
  5
78A
330
A
100
AcDbEntity
  8
1.2DRWDWS
  6
Continuous
 48
24.0
370
     0
 62
     3
284
     3
100
AcDbLine
 10
-120.8892060381721
 20
-161.025146484375
 30
0.0
 11
-116.889206038172
 21
-161.025146484375
 31
0.0
  0
LINE
  5
78B
330
A
100
AcDbEntity
  8
1.2DRWDWS
  6
Continuous
 48
24.0
370
     0
 62
     3
284
     3
100
AcDbLine
 10
-120.8892060381721
 20
-155.150146484375
 30
0.0
 11
-116.889206038172
 21
-155.150146484375
 31
0.0
  0
LINE
  5
78C
330
A
100
AcDbEntity
  8
1.2DRWDWS
  6
Continuous
 48
24.0
370
     0
 62
     3
284
     3
100
AcDbLine
 10
-116.889206038172
 20
-155.150146484375
 30
0.0
 11
-116.889206038172
 21
-156.650634765625
 31
0.0
  0
LINE
  5
78D
330
A
100
AcDbEntity
  8
1.2DRWDWS
  6
Continuous
 48
24.0
370
     0
 62
     3
284
     3
100
AcDbLine
 10
-116.889206038172
 20
-159.150634765625
 30
0.0
 11
-116.889206038172
 21
-161.025146484375
 31
0.0
  0
LINE
  5
78E
330
A
100
AcDbEntity
  8
1.2DRWDWS
  6
Continuous
 48
24.0
370
     0
 62
     3
284
     3
100
AcDbLine
 10
-116.889206038172
 20
-159.150634765625
 30
0.0
 11
-116.139206038172
 21
-159.150634765625
 31
0.0
  0
LINE
  5
78F
330
A
100
AcDbEntity
  8
1.2DRWDWS
  6
Continuous
 48
24.0
370
     0
 62
     3
284
     3
100
AcDbLine
 10
-116.889206038172
 20
-156.650634765625
 30
0.0
 11
-116.139206038172
 21
-156.650634765625
 31
0.0
  0
LINE
  5
790
330
A
100
AcDbEntity
  8
1.2DRWDWS
  6
Continuous
 48
24.0
370
     0
 62
     3
284
     3
100
AcDbLine
 10
-116.139206038172
 20
-156.650634765625
 30
0.0
 11
-116.139206038172
 21
-159.150634765625
 31
0.0
  0
LINE
  5
791
330
A
100
AcDbEntity
  8
1.2DRWDWS
  6
Continuous
 48
12.0
370
     0
 62
     3
284
     3
100
AcDbLine
 10
-120.8892060381721
 20
-155.150146484375
 30
0.0
 11
-120.8892060381721
 21
-155.775146484375
 31
0.0
  0
LINE
  5
792
330
A
100
AcDbEntity
  8
1.2DRWDWS
  6
Continuous
 48
12.0
370
     0
 62
     3
284
     3
100
AcDbLine
 10
-120.8892060381721
 20
-161.025146484375
 30
0.0
 11
-120.8892060381721
 21
-160.400146484375
 31
0.0
  0
ARC
  5
793
330
A
100
AcDbEntity
  8
1.2DRWDWS
  6
Continuous
370
     0
 62
     1
284
     3
100
AcDbCircle
 10
-116.889206038172
 20
-155.1501159667969
 30
0.0
 40
30.000244140625
100
AcDbArc
 50
0.0
 51
43.53925764476352
  0
POINT
  5
794
330
A
100
AcDbEntity
  8
1.2DRWDWS
  6
Continuous
 48
12.0
370
     0
 62
    51
284
     3
100
AcDbPoint
 10
-55.88871775692202
 20
-155.775146484375
 30
0.0
 50
0.0
  0
LINE
  5
795
330
A
100
AcDbEntity
  8
1.2DRWDWS
  6
Continuous
 48
24.0
370
     0
 62
     3
284
     3
100
AcDbLine
 10
-56.83134471004706
 20
-155.1501464843751
 30
0.0
 11
-77.36645652704438
 21
-133.2798656754001
 31
0.0
  0
LINE
  5
796
330
A
100
AcDbEntity
  8
1.2DRWDWS
  6
Continuous
 48
24.0
370
     0
 62
     3
284
     3
100
AcDbLine
 10
-58.10711109057061
 20
-156.3480280070332
 30
0.0
 11
-78.64222290756791
 21
-134.4777471980583
 31
0.0
  0
LINE
  5
797
330
A
100
AcDbEntity
  8
1.2DRWDWS
  6
Continuous
 48
24.0
370
     0
 62
     3
284
     3
100
AcDbLine
 10
-56.83134471004706
 20
-155.1501464843751
 30
0.0
 11
-58.10711109057061
 21
-156.3480280070332
 31
0.0
  0
LINE
  5
798
330
A
100
AcDbEntity
  8
1.2DRWDWS
  6
Continuous
 48
24.0
370
     0
 62
     3
284
     3
100
AcDbLine
 10
-77.36645652704438
 20
-133.2798656754001
 30
0.0
 11
-78.64222290756791
 21
-134.4777471980583
 31
0.0
  0
LINE
  5
799
330
A
100
AcDbEntity
  8
1.2DRWDWS
  6
Continuous
 48
24.0
370
     0
 62
     3
284
     3
100
AcDbLine
 10
-52.88871775692203
 20
-161.025146484375
 30
0.0
 11
-56.88871775692205
 21
-161.025146484375
 31
0.0
  0
LINE
  5
79A
330
A
100
AcDbEntity
  8
1.2DRWDWS
  6
Continuous
 48
24.0
370
     0
 62
     3
284
     3
100
AcDbLine
 10
-52.88871775692203
 20
-155.150146484375
 30
0.0
 11
-56.88871775692205
 21
-155.150146484375
 31
0.0
  0
LINE
  5
79B
330
A
100
AcDbEntity
  8
1.2DRWDWS
  6
Continuous
 48
24.0
370
     0
 62
     3
284
     3
100
AcDbLine
 10
-56.88871775692205
 20
-155.150146484375
 30
0.0
 11
-56.88871775692205
 21
-156.650634765625
 31
0.0
  0
LINE
  5
79C
330
A
100
AcDbEntity
  8
1.2DRWDWS
  6
Continuous
 48
24.0
370
     0
 62
     3
284
     3
100
AcDbLine
 10
-56.88871775692205
 20
-159.150634765625
 30
0.0
 11
-56.88871775692205
 21
-161.025146484375
 31
0.0
  0
LINE
  5
79D
330
A
100
AcDbEntity
  8
1.2DRWDWS
  6
Continuous
 48
24.0
370
     0
 62
     3
284
     3
100
AcDbLine
 10
-56.88871775692205
 20
-159.150634765625
 30
0.0
 11
-57.63871775692205
 21
-159.150634765625
 31
0.0
  0
LINE
  5
79E
330
A
100
AcDbEntity
  8
1.2DRWDWS
  6
Continuous
 48
24.0
370
     0
 62
     3
284
     3
100
AcDbLine
 10
-56.88871775692205
 20
-156.650634765625
 30
0.0
 11
-57.63871775692205
 21
-156.650634765625
 31
0.0
  0
LINE
  5
79F
330
A
100
AcDbEntity
  8
1.2DRWDWS
  6
Continuous
 48
24.0
370
     0
 62
     3
284
     3
100
AcDbLine
 10
-57.63871775692205
 20
-156.650634765625
 30
0.0
 11
-57.63871775692205
 21
-159.150634765625
 31
0.0
  0
LINE
  5
7A0
330
A
100
AcDbEntity
  8
1.2DRWDWS
  6
Continuous
 48
12.0
370
     0
 62
     3
284
     3
100
AcDbLine
 10
-52.88871775692203
 20
-155.150146484375
 30
0.0
 11
-52.88871775692203
 21
-155.775146484375
 31
0.0
  0
LINE
  5
7A1
330
A
100
AcDbEntity
  8
1.2DRWDWS
  6
Continuous
 48
12.0
370
     0
 62
     3
284
     3
100
AcDbLine
 10
-52.88871775692203
 20
-161.025146484375
 30
0.0
 11
-52.88871775692203
 21
-160.400146484375
 31
0.0
  0
ARC
  5
7A2
330
A
100
AcDbEntity
  8
1.2DRWDWS
  6
Continuous
370
     0
 62
     1
284
     3
100
AcDbCircle
 10
-56.88871775692205
 20
-155.1501159667969
 30
0.0
 40
30.000244140625
100
AcDbArc
 50
136.4607423552365
 51
180.0
  0
LINE
  5
7A3
330
A
100
AcDbEntity
  8
1.2DRWDWS
  6
Continuous
 48
12.0
370
     0
 62
     3
284
     3
100
AcDbLine
 10
-130.7561155754834
 20
-277.2751425357796
 30
0.0
 11
-130.7561155754834
 21
-234.5251385871842
 31
0.0
  0
POINT
  5
7A4
330
A
100
AcDbEntity
  8
1.2DRWDWS
  6
Continuous
 48
12.0
370
     0
 62
    51
284
     3
100
AcDbPoint
 10
-45.79827002809783
 20
83.27697503354285
 30
0.0
 50
0.0
  0
LINE
  5
7A5
330
A
100
AcDbEntity
  8
1.2DRWDWS
  6
Continuous
 48
24.0
370
     0
 62
     3
284
     3
100
AcDbLine
 10
-46.42327002809785
 20
84.21958672787879
 30
0.0
 11
-78.42327002809785
 21
84.21958672787882
 31
0.0
  0
LINE
  5
7A6
330
A
100
AcDbEntity
  8
1.2DRWDWS
  6
Continuous
 48
24.0
370
     0
 62
     3
284
     3
100
AcDbLine
 10
-46.42327002809785
 20
85.96958672787879
 30
0.0
 11
-78.42327002809785
 21
85.96958672787882
 31
0.0
  0
LINE
  5
7A7
330
A
100
AcDbEntity
  8
1.2DRWDWS
  6
Continuous
 48
24.0
370
     0
 62
     3
284
     3
100
AcDbLine
 10
-46.42327002809785
 20
84.21958672787879
 30
0.0
 11
-46.42327002809785
 21
85.96958672787879
 31
0.0
  0
LINE
  5
7A8
330
A
100
AcDbEntity
  8
1.2DRWDWS
  6
Continuous
 48
24.0
370
     0
 62
     3
284
     3
100
AcDbLine
 10
-78.42327002809785
 20
84.21958672787882
 30
0.0
 11
-78.42327002809785
 21
85.96958672787882
 31
0.0
  0
LINE
  5
7A9
330
A
100
AcDbEntity
  8
1.2DRWDWS
  6
Continuous
 48
24.0
370
     0
 62
     3
284
     3
100
AcDbLine
 10
-40.54827002809785
 20
116.2198308685038
 30
0.0
 11
-40.54827002809785
 21
120.2198232391093
 31
0.0
  0
LINE
  5
7AA
330
A
100
AcDbEntity
  8
1.2DRWDWS
  6
Continuous
 48
24.0
370
     0
 62
     3
284
     3
100
AcDbLine
 10
-46.42327002809785
 20
116.2198308685038
 30
0.0
 11
-46.42327002809785
 21
120.2198232391093
 31
0.0
  0
LINE
  5
7AB
330
A
100
AcDbEntity
  8
1.2DRWDWS
  6
Continuous
 48
24.0
370
     0
 62
     3
284
     3
100
AcDbLine
 10
-46.42327002809785
 20
116.2198308685038
 30
0.0
 11
-44.92375830934785
 21
116.2198308685038
 31
0.0
  0
LINE
  5
7AC
330
A
100
AcDbEntity
  8
1.2DRWDWS
  6
Continuous
 48
24.0
370
     0
 62
     3
284
     3
100
AcDbLine
 10
-42.42375830934785
 20
116.2198308685038
 30
0.0
 11
-40.54827002809785
 21
116.2198308685038
 31
0.0
  0
LINE
  5
7AD
330
A
100
AcDbEntity
  8
1.2DRWDWS
  6
Continuous
 48
24.0
370
     0
 62
     3
284
     3
100
AcDbLine
 10
-42.42375830934785
 20
115.4698308685038
 30
0.0
 11
-42.42375830934785
 21
116.2198308685038
 31
0.0
  0
LINE
  5
7AE
330
A
100
AcDbEntity
  8
1.2DRWDWS
  6
Continuous
 48
24.0
370
     0
 62
     3
284
     3
100
AcDbLine
 10
-44.92375830934785
 20
115.4698308685038
 30
0.0
 11
-44.92375830934785
 21
116.2198308685038
 31
0.0
  0
LINE
  5
7AF
330
A
100
AcDbEntity
  8
1.2DRWDWS
  6
Continuous
 48
24.0
370
     0
 62
     3
284
     3
100
AcDbLine
 10
-44.92375830934785
 20
115.4698308685038
 30
0.0
 11
-42.42375830934785
 21
115.4698308685038
 31
0.0
  0
LINE
  5
7B0
330
A
100
AcDbEntity
  8
1.2DRWDWS
  6
Continuous
 48
12.0
370
     0
 62
     3
284
     3
100
AcDbLine
 10
-46.42327002809785
 20
120.2198232391093
 30
0.0
 11
-45.79827002809785
 21
120.2198232391093
 31
0.0
  0
LINE
  5
7B1
330
A
100
AcDbEntity
  8
1.2DRWDWS
  6
Continuous
 48
12.0
370
     0
 62
     3
284
     3
100
AcDbLine
 10
-40.54827002809785
 20
120.2198232391093
 30
0.0
 11
-41.17327002809785
 21
120.2198232391093
 31
0.0
  0
LINE
  5
7B2
330
A
100
AcDbEntity
  8
1.2DRWDWS
  6
Continuous
 48
24.0
370
     0
 62
     3
284
     3
100
AcDbLine
 10
-40.54827002809786
 20
80.27696740414832
 30
0.0
 11
-40.54827002809785
 21
84.27695977475379
 31
0.0
  0
LINE
  5
7B3
330
A
100
AcDbEntity
  8
1.2DRWDWS
  6
Continuous
 48
24.0
370
     0
 62
     3
284
     3
100
AcDbLine
 10
-46.42327002809786
 20
80.27696740414832
 30
0.0
 11
-46.42327002809785
 21
84.27695977475379
 31
0.0
  0
LINE
  5
7B4
330
A
100
AcDbEntity
  8
1.2DRWDWS
  6
Continuous
 48
24.0
370
     0
 62
     3
284
     3
100
AcDbLine
 10
-46.42327002809785
 20
84.27695977475379
 30
0.0
 11
-44.92278174684785
 21
84.27695977475379
 31
0.0
  0
LINE
  5
7B5
330
A
100
AcDbEntity
  8
1.2DRWDWS
  6
Continuous
 48
24.0
370
     0
 62
     3
284
     3
100
AcDbLine
 10
-42.42278174684785
 20
84.27695977475379
 30
0.0
 11
-40.54827002809785
 21
84.27695977475379
 31
0.0
  0
LINE
  5
7B6
330
A
100
AcDbEntity
  8
1.2DRWDWS
  6
Continuous
 48
24.0
370
     0
 62
     3
284
     3
100
AcDbLine
 10
-42.42278174684785
 20
84.27695977475379
 30
0.0
 11
-42.42278174684785
 21
85.02695977475379
 31
0.0
  0
LINE
  5
7B7
330
A
100
AcDbEntity
  8
1.2DRWDWS
  6
Continuous
 48
24.0
370
     0
 62
     3
284
     3
100
AcDbLine
 10
-44.92278174684785
 20
84.27695977475379
 30
0.0
 11
-44.92278174684785
 21
85.02695977475379
 31
0.0
  0
LINE
  5
7B8
330
A
100
AcDbEntity
  8
1.2DRWDWS
  6
Continuous
 48
24.0
370
     0
 62
     3
284
     3
100
AcDbLine
 10
-44.92278174684785
 20
85.02695977475379
 30
0.0
 11
-42.42278174684785
 21
85.02695977475379
 31
0.0
  0
LINE
  5
7B9
330
A
100
AcDbEntity
  8
1.2DRWDWS
  6
Continuous
 48
12.0
370
     0
 62
     3
284
     3
100
AcDbLine
 10
-46.42327002809786
 20
80.27696740414832
 30
0.0
 11
-45.79827002809786
 21
80.27696740414832
 31
0.0
  0
LINE
  5
7BA
330
A
100
AcDbEntity
  8
1.2DRWDWS
  6
Continuous
 48
12.0
370
     0
 62
     3
284
     3
100
AcDbLine
 10
-40.54827002809786
 20
80.27696740414832
 30
0.0
 11
-41.17327002809786
 21
80.27696740414832
 31
0.0
  0
ARC
  5
7BB
330
A
100
AcDbEntity
  8
1.2DRWDWS
  6
Continuous
370
     0
 62
     1
284
     3
100
AcDbCircle
 10
-46.42327002809785
 20
84.27697503354285
 30
0.0
 40
31.94286346435547
100
AcDbArc
 50
90.0
 51
180.1027499999999
  0
LINE
  5
7BC
330
A
100
AcDbEntity
  8
1.2DRWDWS
  6
Continuous
 48
2.0
370
     0
 62
     3
284
     3
100
AcDbLine
 10
-166.8622283226908
 20
19.72700143841599
 30
0.0
 11
-166.8622283226908
 21
18.02026770043359
 31
0.0
  0
LINE
  5
7BD
330
A
100
AcDbEntity
  8
1.2DRWDWS
  6
Continuous
 48
2.0
370
     0
 62
     3
284
     3
100
AcDbLine
 10
-169.6186966474676
 20
20.25161208372015
 30
0.0
 11
-168.7503848945197
 21
20.25161208372015
 31
0.0
  0
LINE
  5
7BE
330
A
100
AcDbEntity
  8
1.2DRWDWS
  6
Continuous
 48
2.0
370
     0
 62
     3
284
     3
100
AcDbLine
 10
-169.6186966474676
 20
17.49565705512942
 30
0.0
 11
-168.7503848945197
 21
17.49565705512942
 31
0.0
  0
LINE
  5
7BF
330
A
100
AcDbEntity
  8
1.2DRWDWS
  6
Continuous
 48
2.0
370
     0
 62
     3
284
     3
100
AcDbLine
 10
-169.9229307203919
 20
20.01816506888282
 30
0.0
 11
-170.1886510740604
 21
19.02648320847096
 31
0.0
  0
LINE
  5
7C0
330
A
100
AcDbEntity
  8
1.2DRWDWS
  6
Continuous
 48
2.0
370
     0
 62
     3
284
     3
100
AcDbLine
 10
-169.9229307203919
 20
17.72910406996676
 30
0.0
 11
-170.1886510740604
 21
18.7207859303785
 31
0.0
  0
LINE
  5
7C1
330
A
100
AcDbEntity
  8
1.2DRWDWS
  6
Continuous
 48
2.0
370
     0
 62
     3
284
     3
100
AcDbLine
 10
-167.0591021343911
 20
19.57109303739879
 30
0.0
 11
-167.0591021343911
 21
18.17617743510164
 31
0.0
  0
CIRCLE
  5
7C2
330
A
100
AcDbEntity
  8
1.2DRWDWS
  6
Continuous
 48
2.0
370
     0
 62
     3
284
     3
100
AcDbCircle
 10
-174.5395468670073
 20
16.11767954084588
 30
0.0
 40
0.2755955028472618
  0
CIRCLE
  5
7C3
330
A
100
AcDbEntity
  8
1.2DRWDWS
  6
Continuous
 48
2.0
370
     0
 62
     3
284
     3
100
AcDbCircle
 10
-174.5395468670073
 20
21.6295895980037
 30
0.0
 40
0.2755955028472618
  0
ARC
  5
7C4
330
A
100
AcDbEntity
  8
1.2DRWDWS
  6
Continuous
 48
2.0
370
     0
 62
     3
284
     3
100
AcDbCircle
 10
-166.6744055525104
 20
25.46824124496847
 30
0.0
 40
13.58290826504254
100
AcDbArc
 50
276.0995043373187
 51
311.8886189325885
  0
ARC
  5
7C5
330
A
100
AcDbEntity
  8
1.2DRWDWS
  6
Continuous
 48
2.0
370
     0
 62
     3
284
     3
100
AcDbCircle
 10
-160.7597654849166
 20
18.8736413271239
 30
0.0
 40
3.14966288981123
100
AcDbArc
 50
311.9461870255133
 51
408.0681593136887
  0
ARC
  5
7C6
330
A
100
AcDbEntity
  8
1.2DRWDWS
  6
Continuous
 48
2.0
370
     0
 62
     3
284
     3
100
AcDbCircle
 10
-166.6744055525104
 20
25.46824124496845
 30
0.0
 40
12.0080768201369
100
AcDbArc
 50
269.4488411087891
 51
311.8886189325889
  0
ARC
  5
7C7
330
A
100
AcDbEntity
  8
1.2DRWDWS
  6
Continuous
 48
2.0
370
     0
 62
     3
284
     3
100
AcDbCircle
 10
-166.7331074785158
 20
19.3660646881177
 30
0.0
 40
5.905617918425555
100
AcDbArc
 50
236.4945535903006
 51
269.4488411087889
  0
ARC
  5
7C8
330
A
100
AcDbEntity
  8
1.2DRWDWS
  6
Continuous
 48
2.0
370
     0
 62
     3
284
     3
100
AcDbCircle
 10
-166.7331074785158
 20
19.36606468811775
 30
0.0
 40
5.826876346153147
100
AcDbArc
 50
236.494553590002
 51
269.4488411087892
  0
ARC
  5
7C9
330
A
100
AcDbEntity
  8
1.2DRWDWS
  6
Continuous
 48
2.0
370
     0
 62
     3
284
     3
100
AcDbCircle
 10
-166.6744055525104
 20
25.4682412449685
 30
0.0
 40
11.92933524788812
100
AcDbArc
 50
269.4488411087893
 51
288.0973663941163
  0
ARC
  5
7CA
330
A
100
AcDbEntity
  8
1.2DRWDWS
  6
Continuous
 48
2.0
370
     0
 62
     3
284
     3
100
AcDbCircle
 10
-160.8385070571652
 20
18.87363456943662
 30
0.0
 40
2.952808959212783
100
AcDbArc
 50
316.8058170584968
 51
403.1941829415024
  0
ARC
  5
7CB
330
A
100
AcDbEntity
  8
1.2DRWDWS
  6
Continuous
 48
2.0
370
     0
 62
     3
284
     3
100
AcDbCircle
 10
-166.1485258041774
 20
23.85905965999167
 30
0.0
 40
10.23640439189828
100
AcDbArc
 50
288.0973663939873
 51
316.8058170585874
  0
ARC
  5
7CC
330
A
100
AcDbEntity
  8
1.2DRWDWS
  6
Continuous
 48
2.0
370
     0
 62
     3
284
     3
100
AcDbCircle
 10
-168.7503848945197
 20
22.22015138984626
 30
0.0
 40
4.724494334716836
100
AcDbArc
 50
270.0
 51
291.9347573403823
  0
ARC
  5
7CD
330
A
100
AcDbEntity
  8
1.2DRWDWS
  6
Continuous
 48
2.0
370
     0
 62
     3
284
     3
100
AcDbCircle
 10
-167.0590822532894
 20
18.0202677004336
 30
0.0
 40
0.1968539306220711
100
AcDbArc
 50
291.9347573415336
 51
360.0
  0
ARC
  5
7CE
330
A
100
AcDbEntity
  8
1.2DRWDWS
  6
Continuous
 48
2.0
370
     0
 62
     3
284
     3
100
AcDbCircle
 10
-168.7503848945197
 20
15.52711774900331
 30
0.0
 40
4.724494334716846
100
AcDbArc
 50
68.06524265961778
 51
90.0
  0
ARC
  5
7CF
330
A
100
AcDbEntity
  8
1.2DRWDWS
  6
Continuous
 48
2.0
370
     0
 62
     3
284
     3
100
AcDbCircle
 10
-167.0590822532894
 20
19.72700143841598
 30
0.0
 40
0.1968539306220711
100
AcDbArc
 50
0.0
 51
68.0652426584664
  0
ARC
  5
7D0
330
A
100
AcDbEntity
  8
1.2DRWDWS
  6
Continuous
 48
2.0
370
     0
 62
     3
284
     3
100
AcDbCircle
 10
-169.6182121872947
 20
18.87363456943661
 30
0.0
 40
0.590561791842563
100
AcDbArc
 50
164.9999999983035
 51
195.0000000016965
  0
ARC
  5
7D1
330
A
100
AcDbEntity
  8
1.2DRWDWS
  6
Continuous
 48
2.0
370
     0
 62
     3
284
     3
100
AcDbCircle
 10
-169.6186966474676
 20
19.93664579474843
 30
0.0
 40
0.3149662889716686
100
AcDbArc
 50
90.0
 51
164.9999999972995
  0
ARC
  5
7D2
330
A
100
AcDbEntity
  8
1.2DRWDWS
  6
Continuous
 48
2.0
370
     0
 62
     3
284
     3
100
AcDbCircle
 10
-169.6186966474676
 20
17.81062334410115
 30
0.0
 40
0.3149662889716686
100
AcDbArc
 50
195.0000000027005
 51
270.0
  0
ARC
  5
7D3
330
A
100
AcDbEntity
  8
1.2DRWDWS
  6
Continuous
 48
2.0
370
     0
 62
     3
284
     3
100
AcDbCircle
 10
-167.1772144927407
 20
19.5710930373988
 30
0.0
 40
0.1181123583732313
100
AcDbArc
 50
0.0
 51
74.91901208471525
  0
ARC
  5
7D4
330
A
100
AcDbEntity
  8
1.2DRWDWS
  6
Continuous
 48
2.0
370
     0
 62
     3
284
     3
100
AcDbCircle
 10
-167.1772144927407
 20
18.17617743510164
 30
0.0
 40
0.1181123583732311
100
AcDbArc
 50
285.0810257806443
 51
360.0
  0
ARC
  5
7D5
330
A
100
AcDbEntity
  8
1.2DRWDWS
  6
Continuous
 48
2.0
370
     0
 62
     3
284
     3
100
AcDbCircle
 10
-169.815057162982
 20
27.63363448171675
 30
0.0
 40
9.842696530677818
100
AcDbArc
 50
270.0
 51
286.260204708293
  0
CIRCLE
  5
7D6
330
A
100
AcDbEntity
  8
1.2DRWDWS
  6
Continuous
 48
2.0
370
     0
 62
     3
284
     3
100
AcDbCircle
 10
-174.5395468670073
 20
16.11767954084588
 30
0.0
 40
0.275594924840544
  0
CIRCLE
  5
7D7
330
A
100
AcDbEntity
  8
1.2DRWDWS
  6
Continuous
 48
2.0
370
     0
 62
     3
284
     3
100
AcDbCircle
 10
-174.5395468670073
 20
21.6295895980037
 30
0.0
 40
0.275594924840544
  0
ARC
  5
7D8
330
A
100
AcDbEntity
  8
1.2DRWDWS
  6
Continuous
 48
2.0
370
     0
 62
     3
284
     3
100
AcDbCircle
 10
-166.6744055525104
 20
25.46824124496846
 30
0.0
 40
13.58290826504253
100
AcDbArc
 50
263.8867149222203
 51
311.8886189325885
  0
ARC
  5
7D9
330
A
100
AcDbEntity
  8
1.2DRWDWS
  6
Continuous
 48
2.0
370
     0
 62
     3
284
     3
100
AcDbCircle
 10
-147.1570360903588
 20
207.6970536754256
 30
0.0
 40
196.8539310442559
100
AcDbArc
 50
261.2016601478773
 51
263.8867176135997
  0
ARC
  5
7DA
330
A
100
AcDbEntity
  8
1.2DRWDWS
  6
Continuous
 48
2.0
370
     0
 62
     3
284
     3
100
AcDbCircle
 10
-182.135009150698
 20
18.184645812283
 30
0.0
 40
1.968539306126124
100
AcDbArc
 50
180.516051278403
 51
204.1096635428545
  0
ARC
  5
7DB
330
A
100
AcDbEntity
  8
1.2DRWDWS
  6
Continuous
 48
2.0
370
     0
 62
     3
284
     3
100
AcDbCircle
 10
-182.135009150698
 20
19.56262332656666
 30
0.0
 40
1.968539306126106
100
AcDbArc
 50
155.8903364571433
 51
179.4839487216028
  0
ARC
  5
7DC
330
A
100
AcDbEntity
  8
1.2DRWDWS
  6
Continuous
 48
2.0
370
     0
 62
     3
284
     3
100
AcDbCircle
 10
-105.6405170424527
 20
18.87363461540498
 30
0.0
 40
78.46613422563019
100
AcDbArc
 50
179.4839486879935
 51
180.5160513120065
  0
ARC
  5
7DD
330
A
100
AcDbEntity
  8
1.2DRWDWS
  6
Continuous
 48
2.0
370
     0
 62
     3
284
     3
100
AcDbCircle
 10
-169.8150571629821
 20
10.11363465713282
 30
0.0
 40
9.842696530677818
100
AcDbArc
 50
73.73979529170697
 51
90.0
  0
ARC
  5
7DE
330
A
100
AcDbEntity
  8
1.2DRWDWS
  6
Continuous
 48
2.0
370
     0
 62
     3
284
     3
100
AcDbCircle
 10
-182.1066006561572
 20
10.4089155530519
 30
0.0
 40
1.259861965050569
100
AcDbArc
 50
187.8799195145988
 51
276.4558623461061
  0
ARC
  5
7DF
330
A
100
AcDbEntity
  8
1.2DRWDWS
  6
Continuous
 48
2.0
370
     0
 62
     3
284
     3
100
AcDbCircle
 10
-177.6939229475382
 20
10.98813855847741
 30
0.0
 40
0.4330764998452482
100
AcDbArc
 50
299.4780576773993
 51
354.2189196345012
  0
ARC
  5
7E0
330
A
100
AcDbEntity
  8
1.2DRWDWS
  6
Continuous
 48
2.0
370
     0
 62
     3
284
     3
100
AcDbCircle
 10
-183.2928818128263
 20
20.89335589751501
 30
0.0
 40
11.81120085252742
100
AcDbArc
 50
276.4554326670958
 51
299.4774955408923
  0
ARC
  5
7E1
330
A
100
AcDbEntity
  8
1.2DRWDWS
  6
Continuous
 48
2.0
370
     0
 62
     3
284
     3
100
AcDbCircle
 10
-183.2928818128263
 20
20.89335589751454
 30
0.0
 40
11.81120085252703
100
AcDbArc
 50
299.4774955408936
 51
300.5706615079906
  0
ARC
  5
7E2
330
A
100
AcDbEntity
  8
1.2DRWDWS
  6
Continuous
 48
2.0
370
     0
 62
     3
284
     3
100
AcDbCircle
 10
-255.6043778978492
 20
18.87363456942096
 30
0.0
 40
78.74156529228378
100
AcDbArc
 50
354.0592472783816
 51
354.2206339535971
  0
ARC
  5
7E3
330
A
100
AcDbEntity
  8
1.2DRWDWS
  6
Continuous
 48
2.0
370
     0
 62
     3
284
     3
100
AcDbCircle
 10
-255.604377897852
 20
18.87363456942234
 30
0.0
 40
78.74156529228674
100
AcDbArc
 50
354.2206339535961
 51
360.0
  0
ARC
  5
7E4
330
A
100
AcDbEntity
  8
1.2DRWDWS
  6
Continuous
 48
2.0
370
     0
 62
     3
284
     3
100
AcDbCircle
 10
-160.7597717240773
 20
18.87363456943662
 30
0.0
 40
4.724490304780014
100
AcDbArc
 50
311.8886573278085
 51
407.8060594859084
  0
ARC
  5
7E5
330
A
100
AcDbEntity
  8
1.2DRWDWS
  6
Continuous
 48
2.0
370
     0
 62
     3
284
     3
100
AcDbCircle
 10
-166.6744055525104
 20
12.279027893881
 30
0.0
 40
13.58290826504253
100
AcDbArc
 50
48.00519577180511
 51
82.76895016400681
  0
ARC
  5
7E6
330
A
100
AcDbEntity
  8
1.2DRWDWS
  6
Continuous
 48
2.0
370
     0
 62
     3
284
     3
100
AcDbCircle
 10
-167.0591071843261
 20
18.87363456943661
 30
0.0
 40
5.315056126559408
100
AcDbArc
 50
123.5054464099974
 51
236.4945535900026
  0
ARC
  5
7E7
330
A
100
AcDbEntity
  8
1.2DRWDWS
  6
Continuous
 48
2.0
370
     0
 62
     3
284
     3
100
AcDbCircle
 10
-166.6744055525104
 20
12.27902789388101
 30
0.0
 40
12.0080768201369
100
AcDbArc
 50
48.11138106741166
 51
90.5511588912111
  0
ARC
  5
7E8
330
A
100
AcDbEntity
  8
1.2DRWDWS
  6
Continuous
 48
2.0
370
     0
 62
     3
284
     3
100
AcDbCircle
 10
-166.7331074785158
 20
18.38120445073184
 30
0.0
 40
5.905617918425595
100
AcDbArc
 50
90.55115889121105
 51
123.5054464096994
  0
ARC
  5
7E9
330
A
100
AcDbEntity
  8
1.2DRWDWS
  6
Continuous
 48
2.0
370
     0
 62
     3
284
     3
100
AcDbCircle
 10
-167.0591071843261
 20
18.87363456943661
 30
0.0
 40
5.236314554310573
100
AcDbArc
 50
123.5054464099983
 51
236.4945535900017
  0
ARC
  5
7EA
330
A
100
AcDbEntity
  8
1.2DRWDWS
  6
Continuous
 48
2.0
370
     0
 62
     3
284
     3
100
AcDbCircle
 10
-166.7331074785158
 20
18.38120445073185
 30
0.0
 40
5.826876346153125
100
AcDbArc
 50
90.55115889121079
 51
123.5054464098021
  0
ARC
  5
7EB
330
A
100
AcDbEntity
  8
1.2DRWDWS
  6
Continuous
 48
2.0
370
     0
 62
     3
284
     3
100
AcDbCircle
 10
-166.6744055525104
 20
12.27902789388099
 30
0.0
 40
11.92933524788811
100
AcDbArc
 50
71.90263360588366
 51
90.55115889121083
  0
ARC
  5
7EC
330
A
100
AcDbEntity
  8
1.2DRWDWS
  6
Continuous
 48
2.0
370
     0
 62
     3
284
     3
100
AcDbCircle
 10
-166.1485258041774
 20
13.88820947885792
 30
0.0
 40
10.2364043919219
100
AcDbArc
 50
43.1941829415032
 51
71.90263360601327
  0
ARC
  5
7ED
330
A
100
AcDbEntity
  8
1.2DRWDWS
  6
Continuous
 48
2.0
370
     0
 62
     3
284
     3
100
AcDbCircle
 10
-160.7597717240773
 20
18.87363456943662
 30
0.0
 40
4.724490304780014
100
AcDbArc
 50
311.8886573278085
 51
407.8060594859084
  0
ARC
  5
7EE
330
A
100
AcDbEntity
  8
1.2DRWDWS
  6
Continuous
 48
2.0
370
     0
 62
     3
284
     3
100
AcDbCircle
 10
-166.6744055525104
 20
12.27902789388098
 30
0.0
 40
13.58290980767726
100
AcDbArc
 50
48.11138593739287
 51
94.8152366772137
  0
ARC
  5
7EF
330
A
100
AcDbEntity
  8
1.2DRWDWS
  6
Continuous
 48
2.0
370
     0
 62
     3
284
     3
100
AcDbCircle
 10
-147.1570360903589
 20
-169.9497825408717
 30
0.0
 40
196.8539306133906
100
AcDbArc
 50
96.02372333248462
 51
98.79833990458459
  0
ARC
  5
7F0
330
A
100
AcDbEntity
  8
1.2DRWDWS
  6
Continuous
 48
2.0
370
     0
 62
     3
284
     3
100
AcDbCircle
 10
-182.1066006561572
 20
27.33835358579302
 30
0.0
 40
1.2598370750216
100
AcDbArc
 50
83.54413765389619
 51
172.1183068593912
  0
ARC
  5
7F1
330
A
100
AcDbEntity
  8
1.2DRWDWS
  6
Continuous
 48
2.0
370
     0
 62
     3
284
     3
100
AcDbCircle
 10
-177.6939229475382
 20
26.75913058036739
 30
0.0
 40
0.4330764998452514
100
AcDbArc
 50
5.781080365500801
 51
60.52194232260094
  0
ARC
  5
7F2
330
A
100
AcDbEntity
  8
1.2DRWDWS
  6
Continuous
 48
2.0
370
     0
 62
     3
284
     3
100
AcDbCircle
 10
-183.2928818128263
 20
16.85391324132993
 30
0.0
 40
11.81120085252742
100
AcDbArc
 50
60.52250445910771
 51
83.54456733290409
  0
ARC
  5
7F3
330
A
100
AcDbEntity
  8
1.2DRWDWS
  6
Continuous
 48
2.0
370
     0
 62
     3
284
     3
100
AcDbCircle
 10
-120.9562893582921
 20
18.87363456942244
 30
0.0
 40
62.99323192614246
100
AcDbArc
 50
172.1189142084903
 51
187.8810503198898
  0
ARC
  5
7F4
330
A
100
AcDbEntity
  8
1.2DRWDWS
  6
Continuous
 48
2.0
370
     0
 62
     3
284
     3
100
AcDbCircle
 10
-183.2928818128263
 20
16.85391324132991
 30
0.0
 40
11.81120085252746
100
AcDbArc
 50
59.42933849201051
 51
60.52250445910747
  0
ARC
  5
7F5
330
A
100
AcDbEntity
  8
1.2DRWDWS
  6
Continuous
 48
2.0
370
     0
 62
     3
284
     3
100
AcDbCircle
 10
-255.6043778978532
 20
18.8736345694189
 30
0.0
 40
78.74156529228826
100
AcDbArc
 50
5.779366046406346
 51
5.940752721621744
  0
ARC
  5
7F6
330
A
100
AcDbEntity
  8
1.2DRWDWS
  6
Continuous
 48
2.0
370
     0
 62
     3
284
     3
100
AcDbCircle
 10
-255.604377897852
 20
18.87363456942247
 30
0.0
 40
78.74156529228668
100
AcDbArc
 50
0.0
 51
5.779366046403849
  0
POINT
  5
7F7
330
A
100
AcDbEntity
  8
1.2DRWDWS
  6
Continuous
 48
2.0
370
     0
 62
     3
284
     3
100
AcDbPoint
 10
-185.5288795671203
 20
24.01141103588138
 30
0.0
 50
0.0
  0
LINE
  5
7F8
330
A
100
AcDbEntity
  8
1.2DRWDWS
  6
Continuous
 48
2.0
370
     0
 62
     1
284
     3
100
AcDbLine
 10
-45.79827114222881
 20
-68.52514651723757
 30
0.0
 11
-45.79827114222881
 21
-86.52514651723757
 31
0.0
  0
LINE
  5
7F9
330
A
100
AcDbEntity
  8
1.2DRWDWS
  6
Continuous
 48
2.0
370
     0
 62
     1
284
     3
100
AcDbLine
 10
-45.79827114222881
 20
-86.52514651723757
 30
0.0
 11
-78.77263779038289
 21
-86.52514648437496
 31
0.0
  0
POINT
  5
7FA
330
A
100
AcDbEntity
  8
1.2DRWDWS
  6
Continuous
 48
12.0
370
     0
 62
    51
284
     3
100
AcDbPoint
 10
-191.7982669379676
 20
-139.0251463484303
 30
0.0
 50
0.0
  0
LINE
  5
7FB
330
A
100
AcDbEntity
  8
1.2DRWDWS
  6
Continuous
 48
24.0
370
     0
 62
     3
284
     3
100
AcDbLine
 10
-192.4232669379676
 20
-138.0825193953053
 30
0.0
 11
-228.4232669379676
 21
-138.0825193953053
 31
0.0
  0
LINE
  5
7FC
330
A
100
AcDbEntity
  8
1.2DRWDWS
  6
Continuous
 48
24.0
370
     0
 62
     3
284
     3
100
AcDbLine
 10
-192.4232669379676
 20
-136.3325193953053
 30
0.0
 11
-228.4232669379676
 21
-136.3325193953053
 31
0.0
  0
LINE
  5
7FD
330
A
100
AcDbEntity
  8
1.2DRWDWS
  6
Continuous
 48
24.0
370
     0
 62
     3
284
     3
100
AcDbLine
 10
-192.4232669379676
 20
-138.0825193953053
 30
0.0
 11
-192.4232669379676
 21
-136.3325193953053
 31
0.0
  0
LINE
  5
7FE
330
A
100
AcDbEntity
  8
1.2DRWDWS
  6
Continuous
 48
24.0
370
     0
 62
     3
284
     3
100
AcDbLine
 10
-228.4232669379676
 20
-138.0825193953053
 30
0.0
 11
-228.4232669379676
 21
-136.3325193953053
 31
0.0
  0
ARC
  5
7FF
330
A
100
AcDbEntity
  8
1.2DRWDWS
  6
Continuous
 48
24.0
370
     0
 62
     1
284
     3
100
AcDbCircle
 10
-192.4232669379676
 20
-138.0825193953053
 30
0.0
 40
36.0
100
AcDbArc
 50
90.0
 51
177.2168
  0
LINE
  5
800
330
A
100
AcDbEntity
  8
1.2DRWDWS
  6
Continuous
 48
24.0
370
     0
 62
     3
284
     3
100
AcDbLine
 10
-184.6732788085938
 20
-102.0822752546803
 30
0.0
 11
-184.6732788085938
 21
-98.0822752546803
 31
0.0
  0
LINE
  5
801
330
A
100
AcDbEntity
  8
1.2DRWDWS
  6
Continuous
 48
24.0
370
     0
 62
     3
284
     3
100
AcDbLine
 10
-192.4232669379676
 20
-102.0822752546803
 30
0.0
 11
-192.4232669379676
 21
-98.0822752546803
 31
0.0
  0
LINE
  5
802
330
A
100
AcDbEntity
  8
1.2DRWDWS
  6
Continuous
 48
24.0
370
     0
 62
     3
284
     3
100
AcDbLine
 10
-192.4232669379676
 20
-102.0822752546803
 30
0.0
 11
-190.4237552192176
 21
-102.0822752546803
 31
0.0
  0
LINE
  5
803
330
A
100
AcDbEntity
  8
1.2DRWDWS
  6
Continuous
 48
24.0
370
     0
 62
     3
284
     3
100
AcDbLine
 10
-188.4237552192176
 20
-102.0822752546803
 30
0.0
 11
-184.6732788085938
 21
-102.0822752546803
 31
0.0
  0
LINE
  5
804
330
A
100
AcDbEntity
  8
1.2DRWDWS
  6
Continuous
 48
24.0
370
     0
 62
     3
284
     3
100
AcDbLine
 10
-188.4237552192176
 20
-102.8322752546803
 30
0.0
 11
-188.4237552192176
 21
-102.0822752546803
 31
0.0
  0
LINE
  5
805
330
A
100
AcDbEntity
  8
1.2DRWDWS
  6
Continuous
 48
24.0
370
     0
 62
     3
284
     3
100
AcDbLine
 10
-190.4237552192176
 20
-102.8322752546803
 30
0.0
 11
-190.4237552192176
 21
-102.0822752546803
 31
0.0
  0
LINE
  5
806
330
A
100
AcDbEntity
  8
1.2DRWDWS
  6
Continuous
 48
24.0
370
     0
 62
     3
284
     3
100
AcDbLine
 10
-190.4237552192176
 20
-102.8322752546803
 30
0.0
 11
-188.4237552192176
 21
-102.8322752546803
 31
0.0
  0
LINE
  5
807
330
A
100
AcDbEntity
  8
1.2DRWDWS
  6
Continuous
 48
12.0
370
     0
 62
     3
284
     3
100
AcDbLine
 10
-192.4232669379676
 20
-98.0822752546803
 30
0.0
 11
-191.7982669379676
 21
-98.0822752546803
 31
0.0
  0
LINE
  5
808
330
A
100
AcDbEntity
  8
1.2DRWDWS
  6
Continuous
 48
12.0
370
     0
 62
     3
284
     3
100
AcDbLine
 10
-184.6732788085938
 20
-98.0822752546803
 30
0.0
 11
-185.2982788085938
 21
-98.0822752546803
 31
0.0
  0
LINE
  5
809
330
A
100
AcDbEntity
  8
1.2DRWDWS
  6
Continuous
 48
24.0
370
     0
 62
     3
284
     3
100
AcDbLine
 10
-184.6732788085938
 20
-142.0251463484303
 30
0.0
 11
-184.6732788085938
 21
-138.0251463484303
 31
0.0
  0
LINE
  5
80A
330
A
100
AcDbEntity
  8
1.2DRWDWS
  6
Continuous
 48
24.0
370
     0
 62
     3
284
     3
100
AcDbLine
 10
-192.4232669379676
 20
-142.0251463484303
 30
0.0
 11
-192.4232669379676
 21
-138.0251463484303
 31
0.0
  0
LINE
  5
80B
330
A
100
AcDbEntity
  8
1.2DRWDWS
  6
Continuous
 48
24.0
370
     0
 62
     3
284
     3
100
AcDbLine
 10
-192.4232669379676
 20
-138.0251463484303
 30
0.0
 11
-190.4227786567176
 21
-138.0251463484303
 31
0.0
  0
LINE
  5
80C
330
A
100
AcDbEntity
  8
1.2DRWDWS
  6
Continuous
 48
24.0
370
     0
 62
     3
284
     3
100
AcDbLine
 10
-188.4227786567176
 20
-138.0251463484303
 30
0.0
 11
-184.6732788085938
 21
-138.0251463484303
 31
0.0
  0
LINE
  5
80D
330
A
100
AcDbEntity
  8
1.2DRWDWS
  6
Continuous
 48
24.0
370
     0
 62
     3
284
     3
100
AcDbLine
 10
-188.4227786567176
 20
-138.0251463484303
 30
0.0
 11
-188.4227786567176
 21
-137.2751463484303
 31
0.0
  0
LINE
  5
80E
330
A
100
AcDbEntity
  8
1.2DRWDWS
  6
Continuous
 48
24.0
370
     0
 62
     3
284
     3
100
AcDbLine
 10
-190.4227786567176
 20
-138.0251463484303
 30
0.0
 11
-190.4227786567176
 21
-137.2751463484303
 31
0.0
  0
LINE
  5
80F
330
A
100
AcDbEntity
  8
1.2DRWDWS
  6
Continuous
 48
24.0
370
     0
 62
     3
284
     3
100
AcDbLine
 10
-190.4227786567176
 20
-137.2751463484303
 30
0.0
 11
-188.4227786567176
 21
-137.2751463484303
 31
0.0
  0
LINE
  5
810
330
A
100
AcDbEntity
  8
1.2DRWDWS
  6
Continuous
 48
12.0
370
     0
 62
     3
284
     3
100
AcDbLine
 10
-192.4232669379676
 20
-142.0251463484303
 30
0.0
 11
-191.7982669379676
 21
-142.0251463484303
 31
0.0
  0
LINE
  5
811
330
A
100
AcDbEntity
  8
1.2DRWDWS
  6
Continuous
 48
12.0
370
     0
 62
     3
284
     3
100
AcDbLine
 10
-184.6732788085938
 20
-142.0251463484303
 30
0.0
 11
-185.2982788085938
 21
-142.0251463484303
 31
0.0
  0
LINE
  5
812
330
A
100
AcDbEntity
  8
1.2DRWDWS
  6
Continuous
 48
12.0
370
     0
 62
     3
284
     3
100
AcDbLine
 10
-80.75611557548343
 20
-234.5251385871842
 30
0.0
 11
-132.6071275199645
 21
-234.5251385871842
 31
0.0
  0
LINE
  5
813
330
A
100
AcDbEntity
  8
1.2DRWDWS
  6
Continuous
 48
12.0
370
     0
 62
     3
284
     3
100
AcDbLine
 10
-132.6071275199645
 20
-234.5251385871842
 30
0.0
 11
-185.7982704420255
 21
-234.5251395767251
 31
0.0
  0
LINE
  5
814
330
A
100
AcDbEntity
  8
1.2DRWDWS
  6
Continuous
 48
12.0
370
     0
 62
     3
284
     3
100
AcDbLine
 10
-80.75611557548343
 20
-234.5251385871842
 30
0.0
 11
-79.80514630256489
 21
-234.5251385871842
 31
0.0
  0
LINE
  5
815
330
A
100
AcDbEntity
  8
1.2DRWDWS
  6
Continuous
 48
12.0
370
     0
 62
     3
284
     3
100
AcDbLine
 10
-79.80514630256489
 20
-234.5251385871842
 30
0.0
 11
-79.80514630256489
 21
-231.0251385871842
 31
0.0
  0
LINE
  5
816
330
A
100
AcDbEntity
  8
1.2DRWDWS
  6
Continuous
 48
12.0
370
     0
 62
     3
284
     3
100
AcDbLine
 10
-79.80514630256489
 20
-231.0251385871842
 30
0.0
 11
-185.6762743935821
 21
-231.0251385871842
 31
0.0
  0
LINE
  5
817
330
A
100
AcDbEntity
  8
1.2DRWDWS
  6
Continuous
 48
12.0
370
     0
 62
     3
284
     3
100
AcDbLine
 10
-80.75611557548343
 20
-231.0251385871842
 30
0.0
 11
-80.75611557548339
 21
-184.2751425357796
 31
0.0
  0
LINE
  5
818
330
A
100
AcDbEntity
  8
1.2DRWDWS
  6
Continuous
 48
12.0
370
     0
 62
     3
284
     3
100
AcDbLine
 10
-90.75611557548343
 20
-231.0251385871842
 30
0.0
 11
-90.75611557548339
 21
-184.2751425357796
 31
0.0
  0
LINE
  5
819
330
A
100
AcDbEntity
  8
1.2DRWDWS
  6
Continuous
 48
12.0
370
     0
 62
     3
284
     3
100
AcDbLine
 10
-100.7561155754834
 20
-231.0251385871842
 30
0.0
 11
-100.7561155754834
 21
-184.2751425357796
 31
0.0
  0
LINE
  5
81A
330
A
100
AcDbEntity
  8
1.2DRWDWS
  6
Continuous
 48
12.0
370
     0
 62
     3
284
     3
100
AcDbLine
 10
-110.7561155754834
 20
-231.0251385871842
 30
0.0
 11
-110.7561155754834
 21
-184.2751425357796
 31
0.0
  0
LINE
  5
81B
330
A
100
AcDbEntity
  8
1.2DRWDWS
  6
Continuous
 48
12.0
370
     0
 62
     3
284
     3
100
AcDbLine
 10
-120.7561155754834
 20
-231.0251385871842
 30
0.0
 11
-120.7561155754834
 21
-184.2751425357796
 31
0.0
  0
LINE
  5
81C
330
A
100
AcDbEntity
  8
1.2DRWDWS
  6
Continuous
 48
12.0
370
     0
 62
     3
284
     3
100
AcDbLine
 10
-130.7561155754834
 20
-231.0251385871842
 30
0.0
 11
-130.7561155754834
 21
-184.2751425357796
 31
0.0
  0
LINE
  5
81D
330
A
100
AcDbEntity
  8
1.2DRWDWS
  6
Continuous
 48
8.0
370
     0
 62
     1
284
     3
100
AcDbLine
 10
-132.4801355699531
 20
-160.275146484375
 30
0.0
 11
-132.4801355699531
 21
-138.2467675502267
 31
0.0
  0
LINE
  5
81E
330
A
100
AcDbEntity
  8
1.2DRWDWS
  6
Continuous
 48
8.0
370
     0
 62
     1
284
     3
100
AcDbLine
 10
-132.4801355699531
 20
-138.2467675502267
 30
0.0
 11
-184.7366096143575
 21
-138.2467675502267
 31
0.0
  0
POINT
  5
81F
330
A
100
AcDbEntity
  8
1.2DRWDWS
  6
Continuous
 48
12.0
370
     0
 62
    51
284
     3
100
AcDbPoint
 10
-45.79827006824322
 20
140.9748573303223
 30
0.0
 50
0.0
  0
LINE
  5
820
330
A
100
AcDbEntity
  8
1.2DRWDWS
  6
Continuous
 48
24.0
370
     0
 62
     3
284
     3
100
AcDbLine
 10
-46.4232700682433
 20
201.9174842834473
 30
0.0
 11
-76.42327006824331
 21
201.9174842834473
 31
0.0
  0
LINE
  5
821
330
A
100
AcDbEntity
  8
1.2DRWDWS
  6
Continuous
 48
24.0
370
     0
 62
     3
284
     3
100
AcDbLine
 10
-46.4232700682433
 20
200.1674842834473
 30
0.0
 11
-76.42327006824331
 21
200.1674842834473
 31
0.0
  0
LINE
  5
822
330
A
100
AcDbEntity
  8
1.2DRWDWS
  6
Continuous
 48
24.0
370
     0
 62
     3
284
     3
100
AcDbLine
 10
-46.4232700682433
 20
201.9174842834473
 30
0.0
 11
-46.4232700682433
 21
200.1674842834473
 31
0.0
  0
LINE
  5
823
330
A
100
AcDbEntity
  8
1.2DRWDWS
  6
Continuous
 48
24.0
370
     0
 62
     3
284
     3
100
AcDbLine
 10
-76.42327006824331
 20
201.9174842834473
 30
0.0
 11
-76.42327006824331
 21
200.1674842834473
 31
0.0
  0
LINE
  5
824
330
A
100
AcDbEntity
  8
1.2DRWDWS
  6
Continuous
 48
24.0
370
     0
 62
     3
284
     3
100
AcDbLine
 10
-46.42327006824329
 20
141.9174842834473
 30
0.0
 11
-76.42327006824331
 21
141.9174842834473
 31
0.0
  0
LINE
  5
825
330
A
100
AcDbEntity
  8
1.2DRWDWS
  6
Continuous
 48
24.0
370
     0
 62
     3
284
     3
100
AcDbLine
 10
-46.42327006824329
 20
143.6674842834473
 30
0.0
 11
-76.42327006824331
 21
143.6674842834473
 31
0.0
  0
LINE
  5
826
330
A
100
AcDbEntity
  8
1.2DRWDWS
  6
Continuous
 48
24.0
370
     0
 62
     3
284
     3
100
AcDbLine
 10
-46.42327006824329
 20
141.9174842834473
 30
0.0
 11
-46.42327006824329
 21
143.6674842834473
 31
0.0
  0
LINE
  5
827
330
A
100
AcDbEntity
  8
1.2DRWDWS
  6
Continuous
 48
24.0
370
     0
 62
     3
284
     3
100
AcDbLine
 10
-76.42327006824331
 20
141.9174842834473
 30
0.0
 11
-76.42327006824331
 21
143.6674842834473
 31
0.0
  0
ARC
  5
828
330
A
100
AcDbEntity
  8
1.2DRWDWS
  6
Continuous
 48
12.0
370
     0
 62
     1
284
     3
100
AcDbCircle
 10
-46.4232700682433
 20
141.9174842834473
 30
0.0
 40
30.00000000000001
100
AcDbArc
 50
90.0
 51
176.6615299999999
  0
ARC
  5
829
330
A
100
AcDbEntity
  8
1.2DRWDWS
  6
Continuous
 48
12.0
370
     0
 62
     1
284
     3
100
AcDbCircle
 10
-46.42327006824327
 20
201.9174842834473
 30
0.0
 40
30.05099868774417
100
AcDbArc
 50
183.33848
 51
269.9183000000001
  0
LINE
  5
82A
330
A
100
AcDbEntity
  8
1.2DRWDWS
  6
Continuous
 48
24.0
370
     0
 62
     3
284
     3
100
AcDbLine
 10
-40.54827006824329
 20
137.9748573303223
 30
0.0
 11
-40.54827006824329
 21
141.9748573303223
 31
0.0
  0
LINE
  5
82B
330
A
100
AcDbEntity
  8
1.2DRWDWS
  6
Continuous
 48
24.0
370
     0
 62
     3
284
     3
100
AcDbLine
 10
-46.42327006824329
 20
137.9748573303224
 30
0.0
 11
-46.42327006824329
 21
141.9748573303223
 31
0.0
  0
LINE
  5
82C
330
A
100
AcDbEntity
  8
1.2DRWDWS
  6
Continuous
 48
24.0
370
     0
 62
     3
284
     3
100
AcDbLine
 10
-46.42327006824329
 20
141.9748573303223
 30
0.0
 11
-44.67278178699329
 21
141.9748573303223
 31
0.0
  0
LINE
  5
82D
330
A
100
AcDbEntity
  8
1.2DRWDWS
  6
Continuous
 48
24.0
370
     0
 62
     3
284
     3
100
AcDbLine
 10
-42.42278178699329
 20
141.9748573303223
 30
0.0
 11
-40.54827006824329
 21
141.9748573303223
 31
0.0
  0
LINE
  5
82E
330
A
100
AcDbEntity
  8
1.2DRWDWS
  6
Continuous
 48
24.0
370
     0
 62
     3
284
     3
100
AcDbLine
 10
-42.42278178699329
 20
141.9748573303223
 30
0.0
 11
-42.42278178699329
 21
142.7248573303223
 31
0.0
  0
LINE
  5
82F
330
A
100
AcDbEntity
  8
1.2DRWDWS
  6
Continuous
 48
24.0
370
     0
 62
     3
284
     3
100
AcDbLine
 10
-44.67278178699329
 20
141.9748573303223
 30
0.0
 11
-44.67278178699329
 21
142.7248573303223
 31
0.0
  0
LINE
  5
830
330
A
100
AcDbEntity
  8
1.2DRWDWS
  6
Continuous
 48
24.0
370
     0
 62
     3
284
     3
100
AcDbLine
 10
-44.67278178699329
 20
142.7248573303223
 30
0.0
 11
-42.42278178699329
 21
142.7248573303223
 31
0.0
  0
LINE
  5
831
330
A
100
AcDbEntity
  8
1.2DRWDWS
  6
Continuous
 48
12.0
370
     0
 62
     3
284
     3
100
AcDbLine
 10
-46.42327006824329
 20
137.9748573303224
 30
0.0
 11
-45.79827006824329
 21
137.9748573303224
 31
0.0
  0
LINE
  5
832
330
A
100
AcDbEntity
  8
1.2DRWDWS
  6
Continuous
 48
12.0
370
     0
 62
     3
284
     3
100
AcDbLine
 10
-40.54827006824329
 20
137.9748573303223
 30
0.0
 11
-41.17327006824329
 21
137.9748573303223
 31
0.0
  0
LINE
  5
833
330
A
100
AcDbEntity
  8
1.2DRWDWS
  6
Continuous
 48
24.0
370
     0
 62
     3
284
     3
100
AcDbLine
 10
-40.5482700682433
 20
201.9177284240723
 30
0.0
 11
-40.5482700682433
 21
205.9177284240722
 31
0.0
  0
LINE
  5
834
330
A
100
AcDbEntity
  8
1.2DRWDWS
  6
Continuous
 48
24.0
370
     0
 62
     3
284
     3
100
AcDbLine
 10
-46.4232700682433
 20
201.9177284240723
 30
0.0
 11
-46.4232700682433
 21
205.9177284240722
 31
0.0
  0
LINE
  5
835
330
A
100
AcDbEntity
  8
1.2DRWDWS
  6
Continuous
 48
24.0
370
     0
 62
     3
284
     3
100
AcDbLine
 10
-46.4232700682433
 20
201.9177284240723
 30
0.0
 11
-44.6737583494933
 21
201.9177284240723
 31
0.0
  0
LINE
  5
836
330
A
100
AcDbEntity
  8
1.2DRWDWS
  6
Continuous
 48
24.0
370
     0
 62
     3
284
     3
100
AcDbLine
 10
-42.4237583494933
 20
201.9177284240723
 30
0.0
 11
-40.5482700682433
 21
201.9177284240723
 31
0.0
  0
LINE
  5
837
330
A
100
AcDbEntity
  8
1.2DRWDWS
  6
Continuous
 48
24.0
370
     0
 62
     3
284
     3
100
AcDbLine
 10
-42.4237583494933
 20
201.1677284240723
 30
0.0
 11
-42.4237583494933
 21
201.9177284240723
 31
0.0
  0
LINE
  5
838
330
A
100
AcDbEntity
  8
1.2DRWDWS
  6
Continuous
 48
24.0
370
     0
 62
     3
284
     3
100
AcDbLine
 10
-44.6737583494933
 20
201.1677284240723
 30
0.0
 11
-44.6737583494933
 21
201.9177284240723
 31
0.0
  0
LINE
  5
839
330
A
100
AcDbEntity
  8
1.2DRWDWS
  6
Continuous
 48
24.0
370
     0
 62
     3
284
     3
100
AcDbLine
 10
-44.6737583494933
 20
201.1677284240723
 30
0.0
 11
-42.4237583494933
 21
201.1677284240723
 31
0.0
  0
LINE
  5
83A
330
A
100
AcDbEntity
  8
1.2DRWDWS
  6
Continuous
 48
12.0
370
     0
 62
     3
284
     3
100
AcDbLine
 10
-46.4232700682433
 20
205.9177284240722
 30
0.0
 11
-45.7982700682433
 21
205.9177284240722
 31
0.0
  0
LINE
  5
83B
330
A
100
AcDbEntity
  8
1.2DRWDWS
  6
Continuous
 48
12.0
370
     0
 62
     3
284
     3
100
AcDbLine
 10
-40.5482700682433
 20
205.9177284240722
 30
0.0
 11
-41.1732700682433
 21
205.9177284240722
 31
0.0
  0
LINE
  5
83C
330
A
100
AcDbEntity
  8
1.2DRWDWS
  6
Continuous
 48
12.0
370
     0
 62
     3
284
     3
100
AcDbLine
 10
-191.7016449706483
 20
66.95327064862538
 30
0.0
 11
-189.9516449706483
 21
66.95327064862538
 31
0.0
  0
LINE
  5
83D
330
A
100
AcDbEntity
  8
1.2DRWDWS
  6
Continuous
 48
12.0
370
     0
 62
     3
284
     3
100
AcDbLine
 10
-191.7016449706483
 20
66.95327064862538
 30
0.0
 11
-191.7016449706483
 21
68.95327064862538
 31
0.0
  0
LINE
  5
83E
330
A
100
AcDbEntity
  8
1.2DRWDWS
  6
Continuous
 48
12.0
370
     0
 62
     3
284
     3
100
AcDbLine
 10
-189.9516449706483
 20
66.95327064862538
 30
0.0
 11
-189.9516449706483
 21
68.95327064862538
 31
0.0
  0
LINE
  5
83F
330
A
100
AcDbEntity
  8
1.2DRWDWS
  6
Continuous
 48
12.0
370
     0
 62
     3
284
     3
100
AcDbLine
 10
-190.8266449706483
 20
66.95327064862538
 30
0.0
 11
-190.7977753436056
 21
45.93386933880262
 31
0.0
  0
LINE
  5
840
330
A
100
AcDbEntity
  8
1.2DRWDWS
  6
Continuous
 48
12.0
370
     0
 62
     3
284
     3
100
AcDbLine
 10
-191.6727753436056
 20
45.93386933880262
 30
0.0
 11
-189.9227753436056
 21
45.93386933880262
 31
0.0
  0
LINE
  5
841
330
A
100
AcDbEntity
  8
1.2DRWDWS
  6
Continuous
 48
12.0
370
     0
 62
     3
284
     3
100
AcDbLine
 10
-191.6727753436056
 20
43.93386933880262
 30
0.0
 11
-191.6727753436056
 21
45.93386933880262
 31
0.0
  0
LINE
  5
842
330
A
100
AcDbEntity
  8
1.2DRWDWS
  6
Continuous
 48
12.0
370
     0
 62
     3
284
     3
100
AcDbLine
 10
-189.9227753436056
 20
43.93386933880262
 30
0.0
 11
-189.9227753436056
 21
45.93386933880262
 31
0.0
  0
LINE
  5
843
330
A
100
AcDbEntity
  8
1.2DRWDWS
  6
Continuous
 48
12.0
370
     0
 62
     7
284
     3
100
AcDbLine
 10
-184.702072216742
 20
68.95327064862538
 30
0.0
 11
-184.6732025896993
 21
43.93386933880262
 31
0.0
  0
LINE
  5
844
330
A
100
AcDbEntity
  8
1.2DRWDWS
  6
Continuous
 48
24.0
370
     0
 62
     3
284
     3
100
AcDbLine
 10
-192.452072216742
 20
68.95327064862538
 30
0.0
 11
-192.452072216742
 21
72.45327064862538
 31
0.0
  0
LINE
  5
845
330
A
100
AcDbEntity
  8
1.2DRWDWS
  6
Continuous
 48
24.0
370
     0
 62
     3
284
     3
100
AcDbLine
 10
-192.452072216742
 20
72.45327064862538
 30
0.0
 11
-191.827072216742
 21
72.45327064862538
 31
0.0
  0
LINE
  5
846
330
A
100
AcDbEntity
  8
1.2DRWDWS
  6
Continuous
 48
24.0
370
     0
 62
     3
284
     3
100
AcDbLine
 10
-184.702072216742
 20
68.95327064862538
 30
0.0
 11
-184.6732025878358
 21
73.58901264094008
 31
0.0
  0
LINE
  5
847
330
A
100
AcDbEntity
  8
1.2DRWDWS
  6
Continuous
 48
24.0
370
     0
 62
     3
284
     3
100
AcDbLine
 10
-184.6732025878358
 20
73.58901264094008
 30
0.0
 11
-185.298263622992
 21
73.58901264094008
 31
0.0
  0
LINE
  5
848
330
A
100
AcDbEntity
  8
1.2DRWDWS
  6
Continuous
 48
24.0
370
     0
 62
     3
284
     3
100
AcDbLine
 10
-184.702072216742
 20
68.95327064862538
 30
0.0
 11
-188.4516449706483
 21
68.95327064862538
 31
0.0
  0
LINE
  5
849
330
A
100
AcDbEntity
  8
1.2DRWDWS
  6
Continuous
 48
24.0
370
     0
 62
     3
284
     3
100
AcDbLine
 10
-189.9516449706483
 20
68.95327064862538
 30
0.0
 11
-192.452072216742
 21
68.95327064862538
 31
0.0
  0
LINE
  5
84A
330
A
100
AcDbEntity
  8
1.2DRWDWS
  6
Continuous
 48
24.0
370
     0
 62
     3
284
     3
100
AcDbLine
 10
-189.9516449706483
 20
68.20327064862538
 30
0.0
 11
-189.9516449706483
 21
68.95327064862538
 31
0.0
  0
LINE
  5
84B
330
A
100
AcDbEntity
  8
1.2DRWDWS
  6
Continuous
 48
24.0
370
     0
 62
     3
284
     3
100
AcDbLine
 10
-188.4516449706483
 20
68.20327064862538
 30
0.0
 11
-188.4516449706483
 21
68.95327064862538
 31
0.0
  0
LINE
  5
84C
330
A
100
AcDbEntity
  8
1.2DRWDWS
  6
Continuous
 48
24.0
370
     0
 62
     3
284
     3
100
AcDbLine
 10
-188.4516449706483
 20
68.20327064862538
 30
0.0
 11
-189.9516449706483
 21
68.20327064862538
 31
0.0
  0
LINE
  5
84D
330
A
100
AcDbEntity
  8
1.2DRWDWS
  6
Continuous
 48
24.0
370
     0
 62
     3
284
     3
100
AcDbLine
 10
-192.4232025896993
 20
43.93386933880262
 30
0.0
 11
-192.4232025896993
 21
40.43386933880262
 31
0.0
  0
LINE
  5
84E
330
A
100
AcDbEntity
  8
1.2DRWDWS
  6
Continuous
 48
24.0
370
     0
 62
     3
284
     3
100
AcDbLine
 10
-192.4232025896993
 20
40.43386933880262
 30
0.0
 11
-191.7982025896993
 21
40.43386933880262
 31
0.0
  0
LINE
  5
84F
330
A
100
AcDbEntity
  8
1.2DRWDWS
  6
Continuous
 48
24.0
370
     0
 62
     3
284
     3
100
AcDbLine
 10
-184.6732025896993
 20
43.93386933880262
 30
0.0
 11
-184.6732025896993
 21
40.40081129926214
 31
0.0
  0
LINE
  5
850
330
A
100
AcDbEntity
  8
1.2DRWDWS
  6
Continuous
 48
24.0
370
     0
 62
     3
284
     3
100
AcDbLine
 10
-184.6732025896993
 20
40.40081129926214
 30
0.0
 11
-185.2982636248556
 21
40.40081129926214
 31
0.0
  0
LINE
  5
851
330
A
100
AcDbEntity
  8
1.2DRWDWS
  6
Continuous
 48
24.0
370
     0
 62
     3
284
     3
100
AcDbLine
 10
-184.6732025896993
 20
43.93386933880262
 30
0.0
 11
-188.4227753436056
 21
43.93386933880262
 31
0.0
  0
LINE
  5
852
330
A
100
AcDbEntity
  8
1.2DRWDWS
  6
Continuous
 48
24.0
370
     0
 62
     3
284
     3
100
AcDbLine
 10
-189.9227753436056
 20
43.93386933880262
 30
0.0
 11
-192.4232025896993
 21
43.93386933880262
 31
0.0
  0
LINE
  5
853
330
A
100
AcDbEntity
  8
1.2DRWDWS
  6
Continuous
 48
24.0
370
     0
 62
     3
284
     3
100
AcDbLine
 10
-189.9227753436056
 20
44.68386933880262
 30
0.0
 11
-189.9227753436056
 21
43.93386933880262
 31
0.0
  0
LINE
  5
854
330
A
100
AcDbEntity
  8
1.2DRWDWS
  6
Continuous
 48
24.0
370
     0
 62
     3
284
     3
100
AcDbLine
 10
-188.4227753436056
 20
44.68386933880262
 30
0.0
 11
-188.4227753436056
 21
43.93386933880262
 31
0.0
  0
LINE
  5
855
330
A
100
AcDbEntity
  8
1.2DRWDWS
  6
Continuous
 48
24.0
370
     0
 62
     3
284
     3
100
AcDbLine
 10
-188.4227753436056
 20
44.68386933880262
 30
0.0
 11
-189.9227753436056
 21
44.68386933880262
 31
0.0
  0
LINE
  5
856
330
A
100
AcDbEntity
  8
1.2DRWDWS
  6
Continuous
 48
24.0
370
     0
 62
     7
284
     3
100
AcDbLine
 10
-192.7982025878358
 20
74.33901264094008
 30
0.0
 11
-191.7982025878358
 21
74.33901264094008
 31
0.0
  0
LINE
  5
857
330
A
100
AcDbEntity
  8
1.2DRWDWS
  6
Continuous
 48
12.0
370
     0
 62
     7
284
     3
100
AcDbLine
 10
-192.7982025878358
 20
74.33901264094008
 30
0.0
 11
-192.7982025896993
 21
39.68386933880262
 31
0.0
  0
LINE
  5
858
330
A
100
AcDbEntity
  8
1.2DRWDWS
  6
Continuous
 48
24.0
370
     0
 62
     7
284
     3
100
AcDbLine
 10
-192.7982025896993
 20
39.68386933880262
 30
0.0
 11
-191.7982025896993
 21
39.68386933880262
 31
0.0
  0
LINE
  5
859
330
A
100
AcDbEntity
  8
1.2DRWDWS
  6
Continuous
 48
24.0
370
     0
 62
     7
284
     3
100
AcDbLine
 10
-191.7016449706483
 20
66.95327064862538
 30
0.0
 11
-191.6727753436056
 21
45.93386933880262
 31
0.0
  0
LINE
  5
85A
330
A
100
AcDbEntity
  8
1.2DRWDWS
  6
Continuous
 48
24.0
370
     0
 62
     7
284
     3
100
AcDbLine
 10
-189.9516449706483
 20
66.95327064862538
 30
0.0
 11
-189.9227753436056
 21
45.93386933880262
 31
0.0
  0
POINT
  5
85B
330
A
100
AcDbEntity
  8
1.2DRWDWS
  6
Continuous
370
     0
 62
    51
284
     3
100
AcDbPoint
 10
-191.7982636248556
 20
42.93386933880262
 30
0.0
 50
0.0
  0
POINT
  5
85C
330
A
100
AcDbEntity
  8
1.2DRWDWS
  6
Continuous
 48
2.0
370
     0
 62
    11
284
     3
100
AcDbPoint
 10
134.8267222409492
 20
-87.52507262999337
 30
0.0
 50
0.0
  0
LINE
  5
85D
330
A
100
AcDbEntity
  8
1.2DRWDWS
  6
Continuous
 48
24.0
370
     0
 62
     3
284
     3
100
AcDbLine
 10
218.7590942382812
 20
-78.40013885498047
 30
0.0
 11
196.2247934555809
 21
-55.67998726581207
 31
0.0
  0
LINE
  5
85E
330
A
100
AcDbEntity
  8
1.2DRWDWS
  6
Continuous
 48
24.0
370
     0
 62
     3
284
     3
100
AcDbLine
 10
217.5165859482486
 20
-79.63248342903439
 30
0.0
 11
194.9822851655483
 21
-56.91233183986599
 31
0.0
  0
LINE
  5
85F
330
A
100
AcDbEntity
  8
1.2DRWDWS
  6
Continuous
 48
24.0
370
     0
 62
     3
284
     3
100
AcDbLine
 10
218.7590942382812
 20
-78.40013885498047
 30
0.0
 11
217.5165859482486
 21
-79.63248342903439
 31
0.0
  0
LINE
  5
860
330
A
100
AcDbEntity
  8
1.2DRWDWS
  6
Continuous
 48
24.0
370
     0
 62
     3
284
     3
100
AcDbLine
 10
196.2247934555809
 20
-55.67998726581207
 30
0.0
 11
194.9822851655483
 21
-56.91233183986599
 31
0.0
  0
LINE
  5
861
330
A
100
AcDbEntity
  8
1.2DRWDWS
  6
Continuous
 48
24.0
370
     0
 62
     3
284
     3
100
AcDbLine
 10
186.7588500976562
 20
-84.27513885498047
 30
0.0
 11
182.7588500976562
 21
-84.27513885498047
 31
0.0
  0
LINE
  5
862
330
A
100
AcDbEntity
  8
1.2DRWDWS
  6
Continuous
 48
24.0
370
     0
 62
     3
284
     3
100
AcDbLine
 10
186.7588500976562
 20
-78.40013885498047
 30
0.0
 11
182.7588500976562
 21
-78.40013885498047
 31
0.0
  0
LINE
  5
863
330
A
100
AcDbEntity
  8
1.2DRWDWS
  6
Continuous
 48
24.0
370
     0
 62
     3
284
     3
100
AcDbLine
 10
186.7588500976562
 20
-78.40013885498047
 30
0.0
 11
186.7588500976562
 21
-79.89965057373047
 31
0.0
  0
LINE
  5
864
330
A
100
AcDbEntity
  8
1.2DRWDWS
  6
Continuous
 48
24.0
370
     0
 62
     3
284
     3
100
AcDbLine
 10
186.7588500976562
 20
-82.39965057373047
 30
0.0
 11
186.7588500976562
 21
-84.27513885498047
 31
0.0
  0
LINE
  5
865
330
A
100
AcDbEntity
  8
1.2DRWDWS
  6
Continuous
 48
24.0
370
     0
 62
     3
284
     3
100
AcDbLine
 10
187.5088500976562
 20
-82.39965057373047
 30
0.0
 11
186.7588500976562
 21
-82.39965057373047
 31
0.0
  0
LINE
  5
866
330
A
100
AcDbEntity
  8
1.2DRWDWS
  6
Continuous
 48
24.0
370
     0
 62
     3
284
     3
100
AcDbLine
 10
187.5088500976562
 20
-79.89965057373047
 30
0.0
 11
186.7588500976562
 21
-79.89965057373047
 31
0.0
  0
LINE
  5
867
330
A
100
AcDbEntity
  8
1.2DRWDWS
  6
Continuous
 48
24.0
370
     0
 62
     3
284
     3
100
AcDbLine
 10
187.5088500976562
 20
-79.89965057373047
 30
0.0
 11
187.5088500976562
 21
-82.39965057373047
 31
0.0
  0
LINE
  5
868
330
A
100
AcDbEntity
  8
1.2DRWDWS
  6
Continuous
 48
12.0
370
     0
 62
     3
284
     3
100
AcDbLine
 10
182.7588500976562
 20
-78.40013885498047
 30
0.0
 11
182.7588500976562
 21
-79.02513885498047
 31
0.0
  0
LINE
  5
869
330
A
100
AcDbEntity
  8
1.2DRWDWS
  6
Continuous
 48
12.0
370
     0
 62
     3
284
     3
100
AcDbLine
 10
182.7588500976562
 20
-84.27513885498047
 30
0.0
 11
182.7588500976562
 21
-83.65013885498047
 31
0.0
  0
LINE
  5
86A
330
A
100
AcDbEntity
  8
1.2DRWDWS
  6
Continuous
 48
24.0
370
     0
 62
     3
284
     3
100
AcDbLine
 10
222.7017211914062
 20
-84.27513885498047
 30
0.0
 11
218.7017211914062
 21
-84.27513885498047
 31
0.0
  0
LINE
  5
86B
330
A
100
AcDbEntity
  8
1.2DRWDWS
  6
Continuous
 48
24.0
370
     0
 62
     3
284
     3
100
AcDbLine
 10
222.7017211914062
 20
-78.40013885498047
 30
0.0
 11
218.7017211914062
 21
-78.40013885498047
 31
0.0
  0
LINE
  5
86C
330
A
100
AcDbEntity
  8
1.2DRWDWS
  6
Continuous
 48
24.0
370
     0
 62
     3
284
     3
100
AcDbLine
 10
218.7017211914062
 20
-78.40013885498047
 30
0.0
 11
218.7017211914062
 21
-79.90062713623047
 31
0.0
  0
LINE
  5
86D
330
A
100
AcDbEntity
  8
1.2DRWDWS
  6
Continuous
 48
24.0
370
     0
 62
     3
284
     3
100
AcDbLine
 10
218.7017211914062
 20
-82.40062713623047
 30
0.0
 11
218.7017211914062
 21
-84.27513885498047
 31
0.0
  0
LINE
  5
86E
330
A
100
AcDbEntity
  8
1.2DRWDWS
  6
Continuous
 48
24.0
370
     0
 62
     3
284
     3
100
AcDbLine
 10
218.7017211914062
 20
-82.40062713623047
 30
0.0
 11
217.9517211914062
 21
-82.40062713623047
 31
0.0
  0
LINE
  5
86F
330
A
100
AcDbEntity
  8
1.2DRWDWS
  6
Continuous
 48
24.0
370
     0
 62
     3
284
     3
100
AcDbLine
 10
218.7017211914062
 20
-79.90062713623047
 30
0.0
 11
217.9517211914062
 21
-79.90062713623047
 31
0.0
  0
LINE
  5
870
330
A
100
AcDbEntity
  8
1.2DRWDWS
  6
Continuous
 48
24.0
370
     0
 62
     3
284
     3
100
AcDbLine
 10
217.9517211914062
 20
-79.90062713623047
 30
0.0
 11
217.9517211914062
 21
-82.40062713623047
 31
0.0
  0
LINE
  5
871
330
A
100
AcDbEntity
  8
1.2DRWDWS
  6
Continuous
 48
12.0
370
     0
 62
     3
284
     3
100
AcDbLine
 10
222.7017211914062
 20
-78.40013885498047
 30
0.0
 11
222.7017211914062
 21
-79.02513885498047
 31
0.0
  0
LINE
  5
872
330
A
100
AcDbEntity
  8
1.2DRWDWS
  6
Continuous
 48
12.0
370
     0
 62
     3
284
     3
100
AcDbLine
 10
222.7017211914062
 20
-84.27513885498047
 30
0.0
 11
222.7017211914062
 21
-83.65013885498047
 31
0.0
  0
ARC
  5
873
330
A
100
AcDbEntity
  8
1.2DRWDWS
  6
Continuous
370
     0
 62
     1
284
     3
100
AcDbCircle
 10
218.7017059326172
 20
-78.40013885498047
 30
0.0
 40
31.94286346435547
100
AcDbArc
 50
134.6916516530721
 51
180.0
  0
LINE
  5
874
330
A
100
AcDbEntity
  8
1.2DRWDWS
  6
Continuous
 48
12.0
370
     0
 62
     3
284
     3
100
AcDbLine
 10
126.6939529410461
 20
31.43774238900425
 30
0.0
 11
103.0767279233117
 21
31.43774183041617
 31
0.0
  0
LINE
  5
875
330
A
100
AcDbEntity
  8
1.2DRWDWS
  6
Continuous
 48
2.0
370
     0
 62
     3
284
     3
100
AcDbLine
 10
-143.883572906346
 20
21.38122171898954
 30
0.0
 11
-143.8835729040188
 21
20.381221723644
 31
0.0
  0
POINT
  5
876
330
A
100
AcDbEntity
  8
1.2DRWDWS
  6
Continuous
 48
2.0
370
     0
 62
     7
284
     3
100
AcDbPoint
 10
-125.5839458195859
 20
10.78356321408366
 30
0.0
 50
0.0
  0
LINE
  5
877
330
A
100
AcDbEntity
  8
1.2DRWDWS
  6
Continuous
370
     0
 62
     7
284
     3
100
AcDbLine
 10
105.2717109400803
 20
50.85716609023156
 30
0.0
 11
105.2717109400803
 21
52.56389982821396
 31
0.0
  0
LINE
  5
878
330
A
100
AcDbEntity
  8
1.2DRWDWS
  6
Continuous
370
     0
 62
     7
284
     3
100
AcDbLine
 10
102.5152426153036
 20
50.33255544492739
 30
0.0
 11
103.3835543682514
 21
50.33255544492739
 31
0.0
  0
LINE
  5
879
330
A
100
AcDbEntity
  8
1.2DRWDWS
  6
Continuous
370
     0
 62
     7
284
     3
100
AcDbLine
 10
102.5152426153036
 20
53.08851047351813
 30
0.0
 11
103.3835543682514
 21
53.08851047351813
 31
0.0
  0
LINE
  5
87A
330
A
100
AcDbEntity
  8
1.2DRWDWS
  6
Continuous
370
     0
 62
     7
284
     3
100
AcDbLine
 10
102.2110085423792
 20
50.56600245976473
 30
0.0
 11
101.9452881887107
 21
51.55768432017659
 31
0.0
  0
LINE
  5
87B
330
A
100
AcDbEntity
  8
1.2DRWDWS
  6
Continuous
370
     0
 62
     7
284
     3
100
AcDbLine
 10
102.2110085423792
 20
52.85506345868079
 30
0.0
 11
101.9452881887107
 21
51.86338159826904
 31
0.0
  0
LINE
  5
87C
330
A
100
AcDbEntity
  8
1.2DRWDWS
  6
Continuous
370
     0
 62
     7
284
     3
100
AcDbLine
 10
105.0748371283801
 20
51.01307449124876
 30
0.0
 11
105.0748371283801
 21
52.40799009354591
 31
0.0
  0
CIRCLE
  5
87D
330
A
100
AcDbEntity
  8
1.2DRWDWS
  6
Continuous
370
     0
 62
     7
284
     3
100
AcDbCircle
 10
97.59439239576385
 20
54.46648798780167
 30
0.0
 40
0.2755955028472618
  0
CIRCLE
  5
87E
330
A
100
AcDbEntity
  8
1.2DRWDWS
  6
Continuous
370
     0
 62
     7
284
     3
100
AcDbCircle
 10
97.59439239576385
 20
48.95457793064385
 30
0.0
 40
0.2755955028472618
  0
ARC
  5
87F
330
A
100
AcDbEntity
  8
1.2DRWDWS
  6
Continuous
370
     0
 62
     3
284
     3
100
AcDbCircle
 10
105.4595337102607
 20
45.11592628367907
 30
0.0
 40
13.58290826504253
100
AcDbArc
 50
48.11138106741154
 51
83.90049566268134
  0
ARC
  5
880
330
A
100
AcDbEntity
  8
1.2DRWDWS
  6
Continuous
370
     0
 62
     3
284
     3
100
AcDbCircle
 10
111.3741737778546
 20
51.71052620152364
 30
0.0
 40
3.149662889811226
100
AcDbArc
 50
311.9318406863114
 51
408.0538129744864
  0
ARC
  5
881
330
A
100
AcDbEntity
  8
1.2DRWDWS
  6
Continuous
370
     0
 62
     3
284
     3
100
AcDbCircle
 10
105.4595337102607
 20
45.11592628367909
 30
0.0
 40
12.00807682013691
100
AcDbArc
 50
48.11138106741122
 51
90.55115889121096
  0
ARC
  5
882
330
A
100
AcDbEntity
  8
1.2DRWDWS
  6
Continuous
370
     0
 62
     3
284
     3
100
AcDbCircle
 10
105.4008317842554
 20
51.21810284052984
 30
0.0
 40
5.905617918425568
100
AcDbArc
 50
90.55115889121105
 51
123.5054464096994
  0
ARC
  5
883
330
A
100
AcDbEntity
  8
1.2DRWDWS
  6
Continuous
370
     0
 62
     3
284
     3
100
AcDbCircle
 10
105.4008317842553
 20
51.2181028405298
 30
0.0
 40
5.826876346153139
100
AcDbArc
 50
90.55115889121051
 51
123.5054464099978
  0
ARC
  5
884
330
A
100
AcDbEntity
  8
1.2DRWDWS
  6
Continuous
370
     0
 62
     3
284
     3
100
AcDbCircle
 10
105.4595337102607
 20
45.1159262836791
 30
0.0
 40
11.92933524788807
100
AcDbArc
 50
71.90263360588362
 51
90.55115889121083
  0
ARC
  5
885
330
A
100
AcDbEntity
  8
1.2DRWDWS
  6
Continuous
370
     0
 62
     3
284
     3
100
AcDbCircle
 10
111.2954322056059
 20
51.71053295921093
 30
0.0
 40
2.952808959212785
100
AcDbArc
 50
316.8058170584975
 51
403.1941829415025
  0
ARC
  5
886
330
A
100
AcDbEntity
  8
1.2DRWDWS
  6
Continuous
370
     0
 62
     3
284
     3
100
AcDbCircle
 10
105.9854134585937
 20
46.72510786865588
 30
0.0
 40
10.23640439189831
100
AcDbArc
 50
43.19418294141266
 51
71.90263360601278
  0
ARC
  5
887
330
A
100
AcDbEntity
  8
1.2DRWDWS
  6
Continuous
370
     0
 62
     7
284
     3
100
AcDbCircle
 10
103.3835543682515
 20
48.36401613880129
 30
0.0
 40
4.724494334716837
100
AcDbArc
 50
68.06524265961775
 51
90.0
  0
ARC
  5
888
330
A
100
AcDbEntity
  8
1.2DRWDWS
  6
Continuous
370
     0
 62
     7
284
     3
100
AcDbCircle
 10
105.0748570094818
 20
52.56389982821395
 30
0.0
 40
0.1968539306220646
100
AcDbArc
 50
0.0
 51
68.06524265846122
  0
ARC
  5
889
330
A
100
AcDbEntity
  8
1.2DRWDWS
  6
Continuous
370
     0
 62
     7
284
     3
100
AcDbCircle
 10
103.3835543682514
 20
55.05704977964424
 30
0.0
 40
4.724494334716846
100
AcDbArc
 50
270.0
 51
291.9347573403822
  0
ARC
  5
88A
330
A
100
AcDbEntity
  8
1.2DRWDWS
  6
Continuous
370
     0
 62
     7
284
     3
100
AcDbCircle
 10
105.0748570094818
 20
50.85716609023156
 30
0.0
 40
0.1968539306220568
100
AcDbArc
 50
291.934757341535
 51
360.0
  0
ARC
  5
88B
330
A
100
AcDbEntity
  8
1.2DRWDWS
  6
Continuous
370
     0
 62
     7
284
     3
100
AcDbCircle
 10
102.5157270754764
 20
51.71053295921094
 30
0.0
 40
0.5905617918425314
100
AcDbArc
 50
164.9999999983038
 51
195.0000000016962
  0
ARC
  5
88C
330
A
100
AcDbEntity
  8
1.2DRWDWS
  6
Continuous
370
     0
 62
     7
284
     3
100
AcDbCircle
 10
102.5152426153036
 20
50.64752173389913
 30
0.0
 40
0.3149662889716826
100
AcDbArc
 50
195.0000000027014
 51
270.0
  0
ARC
  5
88D
330
A
100
AcDbEntity
  8
1.2DRWDWS
  6
Continuous
370
     0
 62
     7
284
     3
100
AcDbCircle
 10
102.5152426153036
 20
52.77354418454639
 30
0.0
 40
0.3149662889716826
100
AcDbArc
 50
90.0
 51
164.9999999972986
  0
ARC
  5
88E
330
A
100
AcDbEntity
  8
1.2DRWDWS
  6
Continuous
370
     0
 62
     7
284
     3
100
AcDbCircle
 10
104.9567247700304
 20
51.01307449124876
 30
0.0
 40
0.1181123583732384
100
AcDbArc
 50
285.0809879152836
 51
360.0
  0
ARC
  5
88F
330
A
100
AcDbEntity
  8
1.2DRWDWS
  6
Continuous
370
     0
 62
     7
284
     3
100
AcDbCircle
 10
104.9567247700304
 20
52.40799009354591
 30
0.0
 40
0.118112358373237
100
AcDbArc
 50
0.0
 51
74.91897421935631
  0
ARC
  5
890
330
A
100
AcDbEntity
  8
1.2DRWDWS
  6
Continuous
370
     0
 62
     7
284
     3
100
AcDbCircle
 10
102.3188820997891
 20
42.95053304693078
 30
0.0
 40
9.842696530677818
100
AcDbArc
 50
73.73979529170697
 51
90.0
  0
CIRCLE
  5
891
330
A
100
AcDbEntity
  8
1.2DRWDWS
  6
Continuous
370
     0
 62
     7
284
     3
100
AcDbCircle
 10
97.59439239576385
 20
54.46648798780167
 30
0.0
 40
0.275594924840544
  0
CIRCLE
  5
892
330
A
100
AcDbEntity
  8
1.2DRWDWS
  6
Continuous
370
     0
 62
     7
284
     3
100
AcDbCircle
 10
97.59439239576385
 20
48.95457793064385
 30
0.0
 40
0.275594924840544
  0
ARC
  5
893
330
A
100
AcDbEntity
  8
1.2DRWDWS
  6
Continuous
370
     0
 62
     3
284
     3
100
AcDbCircle
 10
105.4595337102607
 20
45.11592628367908
 30
0.0
 40
13.58290826504253
100
AcDbArc
 50
48.11138106741162
 51
96.11328507777976
  0
ARC
  5
894
330
A
100
AcDbEntity
  8
1.2DRWDWS
  6
Continuous
370
     0
 62
     3
284
     3
100
AcDbCircle
 10
124.9769031724123
 20
-137.112886146778
 30
0.0
 40
196.8539310442559
100
AcDbArc
 50
96.11328238640031
 51
98.79833985212275
  0
ARC
  5
895
330
A
100
AcDbEntity
  8
1.2DRWDWS
  6
Continuous
370
     0
 62
     3
284
     3
100
AcDbCircle
 10
89.99893011207307
 20
52.39952171636459
 30
0.0
 40
1.968539306126073
100
AcDbArc
 50
155.8903364571461
 51
179.4839487215978
  0
ARC
  5
896
330
A
100
AcDbEntity
  8
1.2DRWDWS
  6
Continuous
370
     0
 62
     3
284
     3
100
AcDbCircle
 10
89.99893011207314
 20
51.02154420208096
 30
0.0
 40
1.968539306126142
100
AcDbArc
 50
180.5160512783989
 51
204.1096635428584
  0
ARC
  5
897
330
A
100
AcDbEntity
  8
1.2DRWDWS
  6
Continuous
370
     0
 62
     3
284
     3
100
AcDbCircle
 10
166.4934222203184
 20
51.71053291324259
 30
0.0
 40
78.46613422563019
100
AcDbArc
 50
179.4839486879935
 51
180.5160513120065
  0
ARC
  5
898
330
A
100
AcDbEntity
  8
1.2DRWDWS
  6
Continuous
370
     0
 62
     7
284
     3
100
AcDbCircle
 10
102.3188820997891
 20
60.47053287151466
 30
0.0
 40
9.842696530677767
100
AcDbArc
 50
270.0
 51
286.2602047082928
  0
ARC
  5
899
330
A
100
AcDbEntity
  8
1.2DRWDWS
  6
Continuous
370
     0
 62
     3
284
     3
100
AcDbCircle
 10
90.02733860661394
 20
60.17525197559566
 30
0.0
 40
1.259861965050548
100
AcDbArc
 50
83.54413765389309
 51
172.1200804854013
  0
ARC
  5
89A
330
A
100
AcDbEntity
  8
1.2DRWDWS
  6
Continuous
370
     0
 62
     3
284
     3
100
AcDbCircle
 10
94.44001631523292
 20
59.59602897017011
 30
0.0
 40
0.4330764998452545
100
AcDbArc
 50
5.781080365504074
 51
60.52194232260559
  0
ARC
  5
89B
330
A
100
AcDbEntity
  8
1.2DRWDWS
  6
Continuous
370
     0
 62
     3
284
     3
100
AcDbCircle
 10
88.84105744994484
 20
49.69081163113257
 30
0.0
 40
11.81120085252742
100
AcDbArc
 50
60.52250445910768
 51
83.54456733290422
  0
ARC
  5
89C
330
A
100
AcDbEntity
  8
1.2DRWDWS
  6
Continuous
370
     0
 62
     3
284
     3
100
AcDbCircle
 10
88.84105744994405
 20
49.69081163113253
 30
0.0
 40
11.81120085252783
100
AcDbArc
 50
59.42933849200734
 51
60.5225044591043
  0
ARC
  5
89D
330
A
100
AcDbEntity
  8
1.2DRWDWS
  6
Continuous
370
     0
 62
     3
284
     3
100
AcDbCircle
 10
16.52956136491686
 20
51.7105329592266
 30
0.0
 40
78.7415652922888
100
AcDbArc
 50
5.779366046402546
 51
5.940752721618046
  0
ARC
  5
89E
330
A
100
AcDbEntity
  8
1.2DRWDWS
  6
Continuous
370
     0
 62
     3
284
     3
100
AcDbCircle
 10
16.52956136491911
 20
51.71053295922505
 30
0.0
 40
78.74156529228672
100
AcDbArc
 50
0.0
 51
5.77936604640395
  0
ARC
  5
89F
330
A
100
AcDbEntity
  8
1.2DRWDWS
  6
Continuous
370
     0
 62
     3
284
     3
100
AcDbCircle
 10
111.3741675386939
 20
51.71053295921094
 30
0.0
 40
4.724490304780013
100
AcDbArc
 50
312.1939405140911
 51
408.111342672191
  0
ARC
  5
8A0
330
A
100
AcDbEntity
  8
1.2DRWDWS
  6
Continuous
370
     0
 62
     3
284
     3
100
AcDbCircle
 10
105.4595337102607
 20
58.30513963476654
 30
0.0
 40
13.58290826504252
100
AcDbArc
 50
277.2310498359932
 51
311.9948042281949
  0
ARC
  5
8A1
330
A
100
AcDbEntity
  8
1.2DRWDWS
  6
Continuous
370
     0
 62
     3
284
     3
100
AcDbCircle
 10
105.0748320784451
 20
51.71053295921094
 30
0.0
 40
5.315056126559408
100
AcDbArc
 50
123.5054464099973
 51
236.4945535900027
  0
ARC
  5
8A2
330
A
100
AcDbEntity
  8
1.2DRWDWS
  6
Continuous
370
     0
 62
     3
284
     3
100
AcDbCircle
 10
105.4595337102607
 20
58.30513963476655
 30
0.0
 40
12.00807682013692
100
AcDbArc
 50
269.4488411087888
 51
311.8886189325884
  0
ARC
  5
8A3
330
A
100
AcDbEntity
  8
1.2DRWDWS
  6
Continuous
370
     0
 62
     3
284
     3
100
AcDbCircle
 10
105.4008317842554
 20
52.20296307791567
 30
0.0
 40
5.905617918425571
100
AcDbArc
 50
236.4945535903003
 51
269.4488411087887
  0
ARC
  5
8A4
330
A
100
AcDbEntity
  8
1.2DRWDWS
  6
Continuous
370
     0
 62
     3
284
     3
100
AcDbCircle
 10
105.0748320784451
 20
51.71053295921094
 30
0.0
 40
5.236314554310574
100
AcDbArc
 50
123.5054464099983
 51
236.4945535900017
  0
ARC
  5
8A5
330
A
100
AcDbEntity
  8
1.2DRWDWS
  6
Continuous
370
     0
 62
     3
284
     3
100
AcDbCircle
 10
105.4008317842553
 20
52.2029630779157
 30
0.0
 40
5.826876346153121
100
AcDbArc
 50
236.4945535901979
 51
269.4488411087894
  0
ARC
  5
8A6
330
A
100
AcDbEntity
  8
1.2DRWDWS
  6
Continuous
370
     0
 62
     3
284
     3
100
AcDbCircle
 10
105.4595337102607
 20
58.30513963476654
 30
0.0
 40
11.92933524788808
100
AcDbArc
 50
269.4488411087891
 51
288.0973663941161
  0
ARC
  5
8A7
330
A
100
AcDbEntity
  8
1.2DRWDWS
  6
Continuous
370
     0
 62
     3
284
     3
100
AcDbCircle
 10
105.9854134585937
 20
56.69595804978964
 30
0.0
 40
10.23640439192193
100
AcDbArc
 50
288.0973663939869
 51
316.805817058497
  0
ARC
  5
8A8
330
A
100
AcDbEntity
  8
1.2DRWDWS
  6
Continuous
370
     0
 62
     3
284
     3
100
AcDbCircle
 10
111.3741675386939
 20
51.71053295921094
 30
0.0
 40
4.724490304780013
100
AcDbArc
 50
312.1939405140911
 51
408.111342672191
  0
ARC
  5
8A9
330
A
100
AcDbEntity
  8
1.2DRWDWS
  6
Continuous
370
     0
 62
     3
284
     3
100
AcDbCircle
 10
105.4595337102607
 20
58.30513963476657
 30
0.0
 40
13.58290980767725
100
AcDbArc
 50
265.1847633227863
 51
311.8886140626071
  0
ARC
  5
8AA
330
A
100
AcDbEntity
  8
1.2DRWDWS
  6
Continuous
370
     0
 62
     3
284
     3
100
AcDbCircle
 10
124.9769031724122
 20
240.5339500695193
 30
0.0
 40
196.8539306133906
100
AcDbArc
 50
261.2016600954153
 51
263.9762766675153
  0
ARC
  5
8AB
330
A
100
AcDbEntity
  8
1.2DRWDWS
  6
Continuous
370
     0
 62
     3
284
     3
100
AcDbCircle
 10
90.02733860661395
 20
43.24581394285452
 30
0.0
 40
1.259837075021597
100
AcDbArc
 50
187.8816931406085
 51
276.4558623461032
  0
ARC
  5
8AC
330
A
100
AcDbEntity
  8
1.2DRWDWS
  6
Continuous
370
     0
 62
     3
284
     3
100
AcDbCircle
 10
94.44001631523292
 20
43.82503694828019
 30
0.0
 40
0.4330764998452546
100
AcDbArc
 50
299.4780576773944
 51
354.2189196344959
  0
ARC
  5
8AD
330
A
100
AcDbEntity
  8
1.2DRWDWS
  6
Continuous
370
     0
 62
     3
284
     3
100
AcDbCircle
 10
88.84105744994486
 20
53.73025428731763
 30
0.0
 40
11.81120085252742
100
AcDbArc
 50
276.4554326670956
 51
299.4774955408921
  0
ARC
  5
8AE
330
A
100
AcDbEntity
  8
1.2DRWDWS
  6
Continuous
370
     0
 62
     3
284
     3
100
AcDbCircle
 10
151.177649904479
 20
51.71053295922516
 30
0.0
 40
62.9932319261424
100
AcDbArc
 50
172.1189496801101
 51
187.8810857915098
  0
ARC
  5
8AF
330
A
100
AcDbEntity
  8
1.2DRWDWS
  6
Continuous
370
     0
 62
     3
284
     3
100
AcDbCircle
 10
88.84105744994476
 20
53.73025428731764
 30
0.0
 40
11.81120085252746
100
AcDbArc
 50
299.4774955408926
 51
300.5706615079896
  0
ARC
  5
8B0
330
A
100
AcDbEntity
  8
1.2DRWDWS
  6
Continuous
370
     0
 62
     3
284
     3
100
AcDbCircle
 10
16.52956136491791
 20
51.71053295922359
 30
0.0
 40
78.74156529228775
100
AcDbArc
 50
354.0592472783819
 51
354.2206339535973
  0
ARC
  5
8B1
330
A
100
AcDbEntity
  8
1.2DRWDWS
  6
Continuous
370
     0
 62
     3
284
     3
100
AcDbCircle
 10
16.5295613649191
 20
51.71053295922515
 30
0.0
 40
78.74156529228674
100
AcDbArc
 50
354.220633953596
 51
360.0
  0
POINT
  5
8B2
330
A
100
AcDbEntity
  8
1.2DRWDWS
  6
Continuous
 48
11.99886226654053
370
     0
 62
    51
284
     3
100
AcDbPoint
 10
86.26941554859739
 20
53.21053295922515
 30
0.0
 50
0.0
  0
LINE
  5
8B3
330
A
100
AcDbEntity
  8
1.2DRWDWS
  6
Continuous
 48
12.0
370
     0
 62
     3
284
     3
100
AcDbLine
 10
103.0767299719022
 20
35.72486114501955
 30
0.0
 11
103.0767299719022
 21
36.43774238900425
 31
0.0
  0
LINE
  5
8B4
330
A
100
AcDbEntity
  8
1.2DRWDWS
  6
Continuous
 48
12.0
370
     0
 62
     3
284
     3
100
AcDbLine
 10
103.0767299719022
 20
36.43774238900425
 30
0.0
 11
130.0311510873814
 21
36.43774238900425
 31
0.0
  0
LINE
  5
8B5
330
A
100
AcDbEntity
  8
1.2DRWDWS
  6
Continuous
 48
12.0
370
     0
 62
     3
284
     3
100
AcDbLine
 10
130.0311510873814
 20
36.43774238900425
 30
0.0
 11
130.0311510873814
 21
31.43774238900425
 31
0.0
  0
LINE
  5
8B6
330
A
100
AcDbEntity
  8
1.2DRWDWS
  6
Continuous
 48
12.0
370
     0
 62
     3
284
     3
100
AcDbLine
 10
130.0311510873814
 20
31.43774238900425
 30
0.0
 11
103.0767299719022
 21
31.43774238900425
 31
0.0
  0
LINE
  5
8B7
330
A
100
AcDbEntity
  8
1.2DRWDWS
  6
Continuous
 48
24.0
370
     0
 62
     3
284
     3
100
AcDbLine
 10
222.7017211914062
 20
-78.71263885498047
 30
0.0
 11
222.7017211914062
 21
-13.56884479522705
 31
0.0
  0
LINE
  5
8B8
330
A
100
AcDbEntity
  8
1.2DRWDWS
  6
Continuous
 48
24.0
370
     0
 62
     3
284
     3
100
AcDbLine
 10
222.7017211914062
 20
-13.56884479522705
 30
0.0
 11
258.7017211914062
 21
-13.56884479522705
 31
0.0
  0
LINE
  5
8B9
330
A
100
AcDbEntity
  8
1.2DRWDWS
  6
Continuous
 48
24.0
370
     0
 62
     3
284
     3
100
AcDbLine
 10
222.7017211914062
 20
-18.06884384155273
 30
0.0
 11
258.7017211914062
 21
-18.06884384155273
 31
0.0
  0
LINE
  5
8BA
330
A
100
AcDbEntity
  8
1.2DRWDWS
  6
Continuous
 48
2.0
370
     0
 62
     3
284
     3
100
AcDbLine
 10
-73.79827123942283
 20
-23.59915513251443
 30
0.0
 11
-102.7982712394228
 21
-23.59915513251443
 31
0.0
  0
LINE
  5
8BB
330
A
100
AcDbEntity
  8
1.2DRWDWS
  6
Continuous
 48
2.0
370
     0
 62
     3
284
     3
100
AcDbLine
 10
-73.79827123942283
 20
-23.59915513251443
 30
0.0
 11
-73.79827123942277
 21
36.40084486748552
 31
0.0
  0
LINE
  5
8BC
330
A
100
AcDbEntity
  8
1.2DRWDWS
  6
Continuous
 48
2.0
370
     0
 62
     3
284
     3
100
AcDbLine
 10
-102.7982712394228
 20
36.40084486748552
 30
0.0
 11
-73.79827123942277
 21
36.40084486748552
 31
0.0
  0
LINE
  5
8BD
330
A
100
AcDbEntity
  8
1.2DRWDWS
  6
Continuous
 48
2.0
370
     0
 62
     3
284
     3
100
AcDbLine
 10
-102.7982712394228
 20
-22.59915513251443
 30
0.0
 11
-74.79827123942283
 21
-22.59915513251443
 31
0.0
  0
LINE
  5
8BE
330
A
100
AcDbEntity
  8
1.2DRWDWS
  6
Continuous
 48
2.0
370
     0
 62
     3
284
     3
100
AcDbLine
 10
-74.79827123942283
 20
-22.59915513251443
 30
0.0
 11
-74.79827123942277
 21
35.40084486748552
 31
0.0
  0
LINE
  5
8BF
330
A
100
AcDbEntity
  8
1.2DRWDWS
  6
Continuous
 48
2.0
370
     0
 62
     3
284
     3
100
AcDbLine
 10
-74.79827123942277
 20
35.40084486748552
 30
0.0
 11
-102.7982712394228
 21
35.40084486748552
 31
0.0
  0
LINE
  5
8C0
330
A
100
AcDbEntity
  8
1.2DRWDWS
  6
Continuous
 48
2.0
370
     0
 62
     3
284
     3
100
AcDbLine
 10
-102.7982712394228
 20
36.40084486748552
 30
0.0
 11
-102.7982712394228
 21
-23.59915513251443
 31
0.0
  0
LINE
  5
8C1
330
A
100
AcDbEntity
  8
1.2DRWDWS
  6
Continuous
 48
2.0
370
     0
 62
     3
284
     3
100
AcDbLine
 10
-99.79827123942277
 20
11.40102797295427
 30
0.0
 11
-99.79827123942277
 21
-1.599155132514483
 31
0.0
  0
LINE
  5
8C2
330
A
100
AcDbEntity
  8
1.2DRWDWS
  6
Continuous
 48
2.0
370
     0
 62
     3
284
     3
100
AcDbLine
 10
-95.79827123942277
 20
-20.59915513251443
 30
0.0
 11
-93.79827123942283
 21
-20.59915513251443
 31
0.0
  0
LINE
  5
8C3
330
A
100
AcDbEntity
  8
1.2DRWDWS
  6
Continuous
 48
2.0
370
     0
 62
     3
284
     3
100
AcDbLine
 10
-91.79827123942283
 20
-20.59915513251443
 30
0.0
 11
-90.09832006754783
 21
-20.59915513251443
 31
0.0
  0
LINE
  5
8C4
330
A
100
AcDbEntity
  8
1.2DRWDWS
  6
Continuous
 48
2.0
370
     0
 62
     3
284
     3
100
AcDbLine
 10
-87.49822241129783
 20
-20.59915513251443
 30
0.0
 11
-85.79827123942283
 21
-20.59915513251443
 31
0.0
  0
LINE
  5
8C5
330
A
100
AcDbEntity
  8
1.2DRWDWS
  6
Continuous
 48
2.0
370
     0
 62
     3
284
     3
100
AcDbLine
 10
-83.79827123942283
 20
-20.59915513251443
 30
0.0
 11
-81.79827123942283
 21
-20.59915513251443
 31
0.0
  0
LINE
  5
8C6
330
A
100
AcDbEntity
  8
1.2DRWDWS
  6
Continuous
 48
2.0
370
     0
 62
     3
284
     3
100
AcDbLine
 10
-77.79827123942283
 20
-1.599155132514483
 30
0.0
 11
-77.79827123942283
 21
11.40102797295427
 31
0.0
  0
ELLIPSE
  5
8C7
330
A
100
AcDbEntity
  8
1.2DRWDWS
  6
Continuous
 48
2.0
370
     0
 62
     3
284
     3
100
AcDbEllipse
 10
-84.79827123942283
 20
11.90084486748552
 30
0.0
 11
-3.76566453800381E-15
 21
-20.5
 31
0.0
210
0.0
220
0.0
230
1.0
 40
0.3414634146341464
 41
1.546413497807274
 42
3.141592534380507
  0
ARC
  5
8C8
330
A
100
AcDbEntity
  8
1.2DRWDWS
  6
Continuous
 48
2.0
370
     0
 62
     3
284
     3
100
AcDbCircle
 10
-81.79827123942283
 20
-17.59915513251448
 30
0.0
 40
3.0
100
AcDbArc
 50
270.0
 51
360.0
  0
ARC
  5
8C9
330
A
100
AcDbEntity
  8
1.2DRWDWS
  6
Continuous
 48
2.0
370
     0
 62
     3
284
     3
100
AcDbCircle
 10
-95.79827123942277
 20
-17.59915513251448
 30
0.0
 40
3.0
100
AcDbArc
 50
180.0
 51
270.0
  0
ELLIPSE
  5
8CA
330
A
100
AcDbEntity
  8
1.2DRWDWS
  6
Continuous
 48
2.0
370
     0
 62
     3
284
     3
100
AcDbEllipse
 10
-92.79827123942283
 20
11.90084486748552
 30
0.0
 11
1.255221512667937E-15
 21
20.5
 31
0.0
210
0.0
220
0.0
230
1.0
 40
0.3414634146341464
 41
1.192092877744244E-07
 42
1.595179155782523
  0
LINE
  5
8CB
330
A
100
AcDbEntity
  8
1.2DRWDWS
  6
Continuous
 48
2.0
370
     0
 62
     3
284
     3
100
AcDbLine
 10
-92.79827123942277
 20
32.40084486748552
 30
0.0
 11
-84.79827123942277
 21
32.40084486748552
 31
0.0
  0
LINE
  5
8CC
330
A
100
AcDbEntity
  8
1.2DRWDWS
  6
Continuous
 48
2.0
370
     0
 62
     3
284
     3
100
AcDbLine
 10
-78.79827123942283
 20
-17.59915513251448
 30
0.0
 11
-77.79827123942283
 21
-1.599155132514483
 31
0.0
  0
LINE
  5
8CD
330
A
100
AcDbEntity
  8
1.2DRWDWS
  6
Continuous
 48
2.0
370
     0
 62
     3
284
     3
100
AcDbLine
 10
-99.79827123942277
 20
-1.599155132514483
 30
0.0
 11
-98.79827123942277
 21
-17.59915513251448
 31
0.0
  0
LINE
  5
8CE
330
A
100
AcDbEntity
  8
1.2DRWDWS
  6
Continuous
 48
2.0
370
     0
 62
     3
284
     3
100
AcDbLine
 10
-87.29827123942283
 20
-22.59915513251443
 30
0.0
 11
-87.79827123942283
 21
-17.59915513251448
 31
0.0
  0
LINE
  5
8CF
330
A
100
AcDbEntity
  8
1.2DRWDWS
  6
Continuous
 48
2.0
370
     0
 62
     3
284
     3
100
AcDbLine
 10
-87.79827123942283
 20
-17.59915513251448
 30
0.0
 11
-89.79827123942283
 21
-17.59915513251448
 31
0.0
  0
LINE
  5
8D0
330
A
100
AcDbEntity
  8
1.2DRWDWS
  6
Continuous
 48
2.0
370
     0
 62
     3
284
     3
100
AcDbLine
 10
-89.79827123942283
 20
-17.59915513251448
 30
0.0
 11
-90.29827123942283
 21
-22.59915513251443
 31
0.0
  0
LINE
  5
8D1
330
A
100
AcDbEntity
  8
1.2DRWDWS
  6
Continuous
 48
2.0
370
     0
 62
     3
284
     3
100
AcDbLine
 10
-85.79827123942283
 20
-19.59915513251443
 30
0.0
 11
-85.79827123942283
 21
-22.09915513251443
 31
0.0
  0
LINE
  5
8D2
330
A
100
AcDbEntity
  8
1.2DRWDWS
  6
Continuous
 48
2.0
370
     0
 62
     3
284
     3
100
AcDbLine
 10
-85.79827123942283
 20
-22.09915513251443
 30
0.0
 11
-83.79827123942283
 21
-22.09915513251443
 31
0.0
  0
LINE
  5
8D3
330
A
100
AcDbEntity
  8
1.2DRWDWS
  6
Continuous
 48
2.0
370
     0
 62
     3
284
     3
100
AcDbLine
 10
-83.79827123942283
 20
-22.09915513251443
 30
0.0
 11
-83.79827123942283
 21
-19.59915513251443
 31
0.0
  0
LINE
  5
8D4
330
A
100
AcDbEntity
  8
1.2DRWDWS
  6
Continuous
 48
2.0
370
     0
 62
     3
284
     3
100
AcDbLine
 10
-83.79827123942283
 20
-19.59915513251443
 30
0.0
 11
-85.79827123942283
 21
-19.59915513251443
 31
0.0
  0
LINE
  5
8D5
330
A
100
AcDbEntity
  8
1.2DRWDWS
  6
Continuous
 48
2.0
370
     0
 62
     3
284
     3
100
AcDbLine
 10
-93.79827123942283
 20
-19.59915513251443
 30
0.0
 11
-93.79827123942283
 21
-22.09915513251443
 31
0.0
  0
LINE
  5
8D6
330
A
100
AcDbEntity
  8
1.2DRWDWS
  6
Continuous
 48
2.0
370
     0
 62
     3
284
     3
100
AcDbLine
 10
-93.79827123942283
 20
-22.09915513251443
 30
0.0
 11
-91.79827123942283
 21
-22.09915513251443
 31
0.0
  0
LINE
  5
8D7
330
A
100
AcDbEntity
  8
1.2DRWDWS
  6
Continuous
 48
2.0
370
     0
 62
     3
284
     3
100
AcDbLine
 10
-91.79827123942283
 20
-22.09915513251443
 30
0.0
 11
-91.79827123942283
 21
-19.59915513251443
 31
0.0
  0
LINE
  5
8D8
330
A
100
AcDbEntity
  8
1.2DRWDWS
  6
Continuous
 48
2.0
370
     0
 62
     3
284
     3
100
AcDbLine
 10
-91.79827123942283
 20
-19.59915513251443
 30
0.0
 11
-93.79827123942283
 21
-19.59915513251443
 31
0.0
  0
CIRCLE
  5
8D9
330
A
100
AcDbEntity
  8
1.2DRWDWS
  6
Continuous
 48
2.0
370
     0
 62
     3
284
     3
100
AcDbCircle
 10
-88.79827123942283
 20
-15.59915513251448
 30
0.0
 40
1.0
  0
LINE
  5
8DA
330
A
100
AcDbEntity
  8
1.2DRWDWS
  6
Continuous
 48
12.0
370
     0
 62
     3
284
     3
100
AcDbLine
 10
-191.7016449706483
 20
9.348419096693769
 30
0.0
 11
-189.9516449706483
 21
9.348419096693769
 31
0.0
  0
LINE
  5
8DB
330
A
100
AcDbEntity
  8
1.2DRWDWS
  6
Continuous
 48
12.0
370
     0
 62
     3
284
     3
100
AcDbLine
 10
-191.7016449706483
 20
9.348419096693769
 30
0.0
 11
-191.7016449706483
 21
7.348419096693769
 31
0.0
  0
LINE
  5
8DC
330
A
100
AcDbEntity
  8
1.2DRWDWS
  6
Continuous
 48
12.0
370
     0
 62
     3
284
     3
100
AcDbLine
 10
-189.9516449706483
 20
9.348419096693769
 30
0.0
 11
-189.9516449706483
 21
7.348419096693769
 31
0.0
  0
LINE
  5
8DD
330
A
100
AcDbEntity
  8
1.2DRWDWS
  6
Continuous
 48
12.0
370
     0
 62
     3
284
     3
100
AcDbLine
 10
-190.8266449706483
 20
9.348419096693769
 30
0.0
 11
-190.7977753436056
 21
30.36782040651653
 31
0.0
  0
LINE
  5
8DE
330
A
100
AcDbEntity
  8
1.2DRWDWS
  6
Continuous
 48
12.0
370
     0
 62
     3
284
     3
100
AcDbLine
 10
-191.6727753436056
 20
30.36782040651653
 30
0.0
 11
-189.9227753436056
 21
30.36782040651653
 31
0.0
  0
LINE
  5
8DF
330
A
100
AcDbEntity
  8
1.2DRWDWS
  6
Continuous
 48
12.0
370
     0
 62
     3
284
     3
100
AcDbLine
 10
-191.6727753436056
 20
32.36782040651652
 30
0.0
 11
-191.6727753436056
 21
30.36782040651653
 31
0.0
  0
LINE
  5
8E0
330
A
100
AcDbEntity
  8
1.2DRWDWS
  6
Continuous
 48
12.0
370
     0
 62
     3
284
     3
100
AcDbLine
 10
-189.9227753436056
 20
32.36782040651652
 30
0.0
 11
-189.9227753436056
 21
30.36782040651653
 31
0.0
  0
LINE
  5
8E1
330
A
100
AcDbEntity
  8
1.2DRWDWS
  6
Continuous
 48
12.0
370
     0
 62
     7
284
     3
100
AcDbLine
 10
-184.702072216742
 20
7.348419096693769
 30
0.0
 11
-184.6732025896993
 21
32.36782040651652
 31
0.0
  0
LINE
  5
8E2
330
A
100
AcDbEntity
  8
1.2DRWDWS
  6
Continuous
 48
24.0
370
     0
 62
     3
284
     3
100
AcDbLine
 10
-192.452072216742
 20
7.348419096693769
 30
0.0
 11
-192.452072216742
 21
3.84841909669377
 31
0.0
  0
LINE
  5
8E3
330
A
100
AcDbEntity
  8
1.2DRWDWS
  6
Continuous
 48
24.0
370
     0
 62
     3
284
     3
100
AcDbLine
 10
-192.452072216742
 20
3.84841909669377
 30
0.0
 11
-191.827072216742
 21
3.84841909669377
 31
0.0
  0
LINE
  5
8E4
330
A
100
AcDbEntity
  8
1.2DRWDWS
  6
Continuous
 48
24.0
370
     0
 62
     3
284
     3
100
AcDbLine
 10
-184.702072216742
 20
7.348419096693769
 30
0.0
 11
-184.6732025878358
 21
2.712677104379063
 31
0.0
  0
LINE
  5
8E5
330
A
100
AcDbEntity
  8
1.2DRWDWS
  6
Continuous
 48
24.0
370
     0
 62
     3
284
     3
100
AcDbLine
 10
-184.6732025878358
 20
2.712677104379063
 30
0.0
 11
-185.298263622992
 21
2.712677104379063
 31
0.0
  0
LINE
  5
8E6
330
A
100
AcDbEntity
  8
1.2DRWDWS
  6
Continuous
 48
24.0
370
     0
 62
     3
284
     3
100
AcDbLine
 10
-184.702072216742
 20
7.348419096693769
 30
0.0
 11
-188.4516449706483
 21
7.348419096693769
 31
0.0
  0
LINE
  5
8E7
330
A
100
AcDbEntity
  8
1.2DRWDWS
  6
Continuous
 48
24.0
370
     0
 62
     3
284
     3
100
AcDbLine
 10
-189.9516449706483
 20
7.348419096693769
 30
0.0
 11
-192.452072216742
 21
7.348419096693769
 31
0.0
  0
LINE
  5
8E8
330
A
100
AcDbEntity
  8
1.2DRWDWS
  6
Continuous
 48
24.0
370
     0
 62
     3
284
     3
100
AcDbLine
 10
-189.9516449706483
 20
8.098419096693769
 30
0.0
 11
-189.9516449706483
 21
7.348419096693769
 31
0.0
  0
LINE
  5
8E9
330
A
100
AcDbEntity
  8
1.2DRWDWS
  6
Continuous
 48
24.0
370
     0
 62
     3
284
     3
100
AcDbLine
 10
-188.4516449706483
 20
8.098419096693769
 30
0.0
 11
-188.4516449706483
 21
7.348419096693769
 31
0.0
  0
LINE
  5
8EA
330
A
100
AcDbEntity
  8
1.2DRWDWS
  6
Continuous
 48
24.0
370
     0
 62
     3
284
     3
100
AcDbLine
 10
-188.4516449706483
 20
8.098419096693769
 30
0.0
 11
-189.9516449706483
 21
8.098419096693769
 31
0.0
  0
LINE
  5
8EB
330
A
100
AcDbEntity
  8
1.2DRWDWS
  6
Continuous
 48
24.0
370
     0
 62
     3
284
     3
100
AcDbLine
 10
-192.4232025896993
 20
32.36782040651652
 30
0.0
 11
-192.4232025896993
 21
35.86782040651652
 31
0.0
  0
LINE
  5
8EC
330
A
100
AcDbEntity
  8
1.2DRWDWS
  6
Continuous
 48
24.0
370
     0
 62
     3
284
     3
100
AcDbLine
 10
-192.4232025896993
 20
35.86782040651652
 30
0.0
 11
-191.7982025896993
 21
35.86782040651652
 31
0.0
  0
LINE
  5
8ED
330
A
100
AcDbEntity
  8
1.2DRWDWS
  6
Continuous
 48
24.0
370
     0
 62
     3
284
     3
100
AcDbLine
 10
-184.6732025896993
 20
32.36782040651652
 30
0.0
 11
-184.6732025896993
 21
35.900878446057
 31
0.0
  0
LINE
  5
8EE
330
A
100
AcDbEntity
  8
1.2DRWDWS
  6
Continuous
 48
24.0
370
     0
 62
     3
284
     3
100
AcDbLine
 10
-184.6732025896993
 20
35.900878446057
 30
0.0
 11
-185.2982636248556
 21
35.900878446057
 31
0.0
  0
LINE
  5
8EF
330
A
100
AcDbEntity
  8
1.2DRWDWS
  6
Continuous
 48
24.0
370
     0
 62
     3
284
     3
100
AcDbLine
 10
-184.6732025896993
 20
32.36782040651652
 30
0.0
 11
-188.4227753436056
 21
32.36782040651652
 31
0.0
  0
LINE
  5
8F0
330
A
100
AcDbEntity
  8
1.2DRWDWS
  6
Continuous
 48
24.0
370
     0
 62
     3
284
     3
100
AcDbLine
 10
-189.9227753436056
 20
32.36782040651652
 30
0.0
 11
-192.4232025896993
 21
32.36782040651652
 31
0.0
  0
LINE
  5
8F1
330
A
100
AcDbEntity
  8
1.2DRWDWS
  6
Continuous
 48
24.0
370
     0
 62
     3
284
     3
100
AcDbLine
 10
-189.9227753436056
 20
31.61782040651653
 30
0.0
 11
-189.9227753436056
 21
32.36782040651652
 31
0.0
  0
LINE
  5
8F2
330
A
100
AcDbEntity
  8
1.2DRWDWS
  6
Continuous
 48
24.0
370
     0
 62
     3
284
     3
100
AcDbLine
 10
-188.4227753436056
 20
31.61782040651653
 30
0.0
 11
-188.4227753436056
 21
32.36782040651652
 31
0.0
  0
LINE
  5
8F3
330
A
100
AcDbEntity
  8
1.2DRWDWS
  6
Continuous
 48
24.0
370
     0
 62
     3
284
     3
100
AcDbLine
 10
-188.4227753436056
 20
31.61782040651653
 30
0.0
 11
-189.9227753436056
 21
31.61782040651653
 31
0.0
  0
LINE
  5
8F4
330
A
100
AcDbEntity
  8
1.2DRWDWS
  6
Continuous
 48
24.0
370
     0
 62
     7
284
     3
100
AcDbLine
 10
-192.7982025878358
 20
1.962677104379063
 30
0.0
 11
-191.7982025878358
 21
1.962677104379063
 31
0.0
  0
LINE
  5
8F5
330
A
100
AcDbEntity
  8
1.2DRWDWS
  6
Continuous
 48
12.0
370
     0
 62
     7
284
     3
100
AcDbLine
 10
-192.7982025878358
 20
1.962677104379063
 30
0.0
 11
-192.7982025896993
 21
36.61782040651652
 31
0.0
  0
LINE
  5
8F6
330
A
100
AcDbEntity
  8
1.2DRWDWS
  6
Continuous
 48
24.0
370
     0
 62
     7
284
     3
100
AcDbLine
 10
-192.7982025896993
 20
36.61782040651652
 30
0.0
 11
-191.7982025896993
 21
36.61782040651652
 31
0.0
  0
LINE
  5
8F7
330
A
100
AcDbEntity
  8
1.2DRWDWS
  6
Continuous
 48
24.0
370
     0
 62
     7
284
     3
100
AcDbLine
 10
-191.7016449706483
 20
9.348419096693769
 30
0.0
 11
-191.6727753436056
 21
30.36782040651653
 31
0.0
  0
LINE
  5
8F8
330
A
100
AcDbEntity
  8
1.2DRWDWS
  6
Continuous
 48
24.0
370
     0
 62
     7
284
     3
100
AcDbLine
 10
-189.9516449706483
 20
9.348419096693769
 30
0.0
 11
-189.9227753436056
 21
30.36782040651653
 31
0.0
  0
POINT
  5
8F9
330
A
100
AcDbEntity
  8
1.2DRWDWS
  6
Continuous
370
     0
 62
    51
284
     3
100
AcDbPoint
 10
-191.7982636248556
 20
33.36782040651652
 30
0.0
 50
0.0
  0
LINE
  5
8FA
330
A
100
AcDbEntity
  8
1.2DRWDWS
  6
Continuous
 48
2.0
370
     0
 62
     3
284
     3
100
AcDbLine
 10
-143.883572906346
 20
-31.68936106957401
 30
0.0
 11
-143.8835729040188
 21
-32.68936106491954
 31
0.0
  0
POINT
  5
8FB
330
A
100
AcDbEntity
  8
1.2DRWDWS
  6
Continuous
 48
2.0
370
     0
 62
     7
284
     3
100
AcDbPoint
 10
-125.5839458195859
 20
-42.28701957447988
 30
0.0
 50
0.0
  0
HATCH
  5
8FE
330
A
100
AcDbEntity
  8
1.2FILL
  6
Continuous
 48
12.0
370
     0
 62
     7
284
     3
100
AcDbHatch
 10
0.0
 20
0.0
 30
0.0
210
0.0
220
0.0
230
1.0
  2
SOLID
 70
     1
 71
     0
 91
        1
 92
        2
 72
     0
 73
     1
 93
        6
 10
-191.298264
 20
229.724853
 10
-191.298271
 20
217.054887
 10
-185.798271
 20
217.054887
 10
-185.798264
 20
224.224853
 10
-178.948433
 20
224.224853
 10
-178.948433
 20
229.724853
 97
        0
 75
     0
 76
     2
 98
        0
  0
HATCH
  5
901
330
A
100
AcDbEntity
  8
1.2FILL
  6
Continuous
 48
12.0
370
     0
 62
     7
284
     3
100
AcDbHatch
 10
0.0
 20
0.0
 30
0.0
210
0.0
220
0.0
230
1.0
  2
SOLID
 70
     1
 71
     0
 91
        1
 92
        2
 72
     0
 73
     1
 93
        4
 10
85.701736
 20
229.724853
 10
85.701736
 20
224.224853
 10
168.701729
 20
224.224853
 10
168.701729
 20
229.724853
 97
        0
 75
     0
 76
     2
 98
        0
  0
HATCH
  5
904
330
A
100
AcDbEntity
  8
1.2FILL
  6
Continuous
 48
12.0
370
     0
 62
     7
284
     3
100
AcDbHatch
 10
0.0
 20
0.0
 30
0.0
210
0.0
220
0.0
230
1.0
  2
SOLID
 70
     1
 71
     0
 91
        1
 92
        2
 72
     0
 73
     1
 93
        6
 10
216.701736
 20
229.724853
 10
205.701729
 20
229.724853
 10
205.701729
 20
224.224853
 10
211.201736
 20
224.224853
 10
211.201736
 20
205.724857
 10
216.701736
 20
205.724857
 97
        0
 75
     0
 76
     2
 98
        0
  0
HATCH
  5
907
330
A
100
AcDbEntity
  8
1.2FILL
  6
Continuous
 48
12.0
370
     0
 62
     7
284
     3
100
AcDbHatch
 10
0.0
 20
0.0
 30
0.0
210
0.0
220
0.0
230
1.0
  2
SOLID
 70
     1
 71
     0
 91
        1
 92
        2
 72
     0
 73
     1
 93
       21
 10
-41.798271
 20
71.724861
 10
-41.798271
 20
79.105785
 10
-185.798264
 20
82.974853
 10
-185.798264
 20
145.224857
 10
-191.298264
 20
145.224857
 10
-191.327134
 20
69.839111
 10
-185.827134
 20
69.839111
 10
-185.798264
 20
79.10578599999999
 10
-191.298264
 20
79.10578599999999
 10
-191.298264
 20
83.442831
 10
-185.798264
 20
83.442831
 10
-185.798264
 20
82.974853
 10
-45.298272
 20
79.105785
 10
-45.298271
 20
39.900844
 10
-41.798272
 20
39.900844
 10
-41.798272
 20
-4.599156
 10
-45.298272
 20
-4.599156
 10
-45.298272
 20
-23.599156
 10
-41.798272
 20
-23.599156
 10
-41.798272
 20
68.224861
 10
-41.798272
 20
71.724861
 97
        0
 75
     0
 76
     2
 98
        0
  0
HATCH
  5
90A
330
A
100
AcDbEntity
  8
1.2FILL
  6
Continuous
 48
12.0
370
     0
 62
     7
284
     3
100
AcDbHatch
 10
0.0
 20
0.0
 30
0.0
210
0.0
220
0.0
230
1.0
  2
SOLID
 70
     1
 71
     0
 91
        1
 92
        2
 72
     0
 73
     1
 93
       14
 10
163.636808
 20
-79.525139
 10
163.636808
 20
-83.025139
 10
180.275205
 20
-83.025139
 10
180.275205
 20
-79.525142
 10
225.242525
 20
-79.525142
 10
225.242525
 20
-83.025139
 10
259.201712
 20
-83.025139
 10
259.201721
 20
-99.50512500000001
 10
264.701721
 20
-99.50512500000001
 10
264.701721
 20
-0.160158
 10
259.201721
 20
-0.160158
 10
259.201721
 20
-14.068845
 10
259.201721
 20
-17.568844
 10
259.201721
 20
-79.525143
 97
        0
 75
     0
 76
     2
 98
        0
  0
HATCH
  5
90D
330
A
100
AcDbEntity
  8
1.2FILL
  6
Continuous
 48
12.0
370
     0
 62
     7
284
     3
100
AcDbHatch
 10
0.0
 20
0.0
 30
0.0
210
0.0
220
0.0
230
1.0
  2
SOLID
 70
     1
 71
     0
 91
        1
 92
        2
 72
     0
 73
     1
 93
        4
 10
264.701721
 20
-135.275147
 10
259.201721
 20
-135.275147
 10
259.201721
 20
-233.505125
 10
264.701721
 20
-233.505125
 97
        0
 75
     0
 76
     2
 98
        0
  0
HATCH
  5
910
330
A
100
AcDbEntity
  8
1.2FILL
  6
Continuous
 48
12.0
370
     0
 62
     7
284
     3
100
AcDbHatch
 10
0.0
 20
0.0
 30
0.0
210
0.0
220
0.0
230
1.0
  2
SOLID
 70
     1
 71
     0
 91
        1
 92
        2
 72
     0
 73
     1
 93
        6
 10
264.701721
 20
-269.275147
 10
259.201721
 20
-269.275147
 10
259.201721
 20
-280.775147
 10
247.201721
 20
-280.775147
 10
247.201721
 20
-286.275147
 10
264.701721
 20
-286.275147
 97
        0
 75
     0
 76
     2
 98
        0
  0
HATCH
  5
913
330
A
100
AcDbEntity
  8
1.2FILL
  6
Continuous
 48
12.0
370
     0
 62
     7
284
     3
100
AcDbHatch
 10
0.0
 20
0.0
 30
0.0
210
0.0
220
0.0
230
1.0
  2
SOLID
 70
     1
 71
     0
 91
        1
 92
        2
 72
     0
 73
     1
 93
        4
 10
96.201729
 20
-280.775147
 10
96.201729
 20
-286.275147
 10
187.201721
 20
-286.275147
 10
187.201721
 20
-280.775147
 97
        0
 75
     0
 76
     2
 98
        0
  0
HATCH
  5
916
330
A
100
AcDbEntity
  8
1.2FILL
  6
Continuous
 48
12.0
370
     0
 62
     7
284
     3
100
AcDbHatch
 10
0.0
 20
0.0
 30
0.0
210
0.0
220
0.0
230
1.0
  2
SOLID
 70
     1
 71
     0
 91
        1
 92
        2
 72
     0
 73
     1
 93
        4
 10
-75.798271
 20
-286.275147
 10
-75.798271
 20
-280.775147
 10
-136.798271
 20
-280.775147
 10
-136.798271
 20
-286.275147
 97
        0
 75
     0
 76
     2
 98
        0
  0
HATCH
  5
919
330
A
100
AcDbEntity
  8
1.2FILL
  6
Continuous
 48
0.09375
370
     0
 62
     7
284
     3
100
AcDbHatch
 10
0.0
 20
0.0
 30
0.0
210
0.0
220
0.0
230
1.0
  2
SOLID
 70
     1
 71
     0
 91
        1
 92
        2
 72
     0
 73
     1
 93
        4
 10
-737.798279
 20
-3.583624
 10
-743.298279
 20
-3.583624
 10
-743.298279
 20
-85.041282
 10
-737.798279
 20
-85.041282
 97
        0
 75
     0
 76
     2
 98
        0
  0
HATCH
  5
91C
330
A
100
AcDbEntity
  8
1.2FILL
  6
Continuous
 48
0.09375
370
     0
 62
     7
284
     3
100
AcDbHatch
 10
0.0
 20
0.0
 30
0.0
210
0.0
220
0.0
230
1.0
  2
SOLID
 70
     1
 71
     0
 91
        1
 92
        2
 72
     0
 73
     1
 93
        4
 10
-737.798279
 20
-120.811304
 10
-743.298279
 20
-120.811304
 10
-743.298279
 20
-202.067492
 10
-737.798279
 20
-202.067492
 97
        0
 75
     0
 76
     2
 98
        0
  0
HATCH
  5
91F
330
A
100
AcDbEntity
  8
1.2FILL
  6
Continuous
 48
8.0
370
     0
 62
     7
284
     3
100
AcDbHatch
 10
0.0
 20
0.0
 30
0.0
210
0.0
220
0.0
230
1.0
  2
SOLID
 70
     1
 71
     0
 91
        1
 92
        2
 72
     0
 73
     1
 93
        4
 10
609.3051809999999
 20
-258.688865
 10
648.209132
 20
-258.688865
 10
648.209132
 20
-253.688865
 10
609.3051809999999
 20
-253.688865
 97
        0
 75
     0
 76
     2
 98
        0
  0
HATCH
  5
922
330
A
100
AcDbEntity
  8
1.2FILL
  6
Continuous
 48
8.0
370
     0
 62
     7
284
     3
100
AcDbHatch
 10
0.0
 20
0.0
 30
0.0
210
0.0
220
0.0
230
1.0
  2
SOLID
 70
     1
 71
     0
 91
        1
 92
        2
 72
     0
 73
     1
 93
        4
 10
609.3051809999999
 20
-273.856865
 10
648.209132
 20
-273.856865
 10
648.209132
 20
-268.856865
 10
609.3051809999999
 20
-268.856865
 97
        0
 75
     0
 76
     2
 98
        0
  0
WIPEOUT
  5
923
330
A
100
AcDbEntity
  8
1.2FILL
  6
Continuous
 48
2.0
370
     0
160
         336
310
5001000002000000C400000026000000348D37ECFE517F4070B85F4E13BE6EC0000000000000000000000000000000000000000000000000000000000000F03F000000000000F03F00000000000000000000000000000000410063004400620057006900700065006F007500740000000B0000000000000000000000000000
310
00000000000000F03F0000000000000000000000000000F03F00000000000000000000000000000000000000000000000000000000000000000000000000000000740078007400000000000000840000000600000005000000348D37ECFE517F4070B85F4E13BE6EC00000000000000000480EFDF0D337834070B85F4E13BE
310
6EC00000000000000000480EFDF0D337834070B85F4E13566DC00000000000000000348D37ECFE517F4070B85F4E13566DC00000000000000000348D37ECFE517F4070B85F4E13BE6EC00000000000000000
 62
     3
284
     3
100
AcDbWipeout
 90
        0
 10
501.1247369928344
 20
501.1247369928344
 30
0.0
 11
501.1247369928344
 21
0.0
 31
0.0
 12
0.0
 22
501.1247369928344
 32
0.0
 13
1.0
 23
1.0
340
0
 70
     4
280
     1
281
     0
282
     0
283
     0
360
0
 71
     2
 91
        4
 14
-0.5
 24
1.990775726186205
 14
-0.272803572453403
 24
1.990775726186205
 14
-0.272803572453403
 24
1.968326225753419
 14
-0.5
 24
1.968326225753419
290
     0
  0
TEXT
  5
924
330
A
100
AcDbEntity
  8
1.2FILL
  6
Continuous
 48
2.0
370
     0
 62
     3
284
     3
100
AcDbText
 10
502.9997369928344
 20
-244.0648567075291
 30
0.0
 40
6.0
  1
Existing construction to be removed
 41
0.8333333333333334
  7
DCADTXTSTYLE16
 11
502.9997369928344
 21
-244.0648567075291
 31
0.0
100
AcDbText
 73
     1
  0
WIPEOUT
  5
926
330
A
100
AcDbEntity
  8
1.2FILL
  6
Continuous
 48
2.0
370
     0
160
         336
310
5001000002000000C400000026000000348D37ECFE517F40DC77F4C7B95170C0000000000000000000000000000000000000000000000000000000000000F03F000000000000F03F00000000000000000000000000000000410063004400620057006900700065006F007500740000000B0000000000000000000000000000
310
00000000000000F03F0000000000000000000000000000F03F00000000000000000000000000000000000000000000000000000000000000000000000000000000740078007400000000000000840000000600000005000000348D37ECFE517F40DC77F4C7B95170C00000000000000000A6C846FDD5BA8240DC77F4C7B951
310
70C00000000000000000A6C846FDD5BA8240BCEFE88F733B6FC00000000000000000348D37ECFE517F40BCEFE88F733B6FC00000000000000000348D37ECFE517F40DC77F4C7B95170C00000000000000000
 62
     3
284
     3
100
AcDbWipeout
 90
        0
 10
501.1247369928344
 20
501.1247369928344
 30
0.0
 11
501.1247369928344
 21
0.0
 31
0.0
 12
0.0
 22
501.1247369928344
 32
0.0
 13
1.0
 23
1.0
340
0
 70
     4
280
     1
281
     0
282
     0
283
     0
360
0
 71
     2
 91
        4
 14
-0.5
 24
2.021043639303048
 14
-0.3039814386544551
 24
2.021043639303048
 14
-0.3039814386544551
 24
1.998594138870263
 14
-0.5
 24
1.998594138870263
290
     0
  0
TEXT
  5
927
330
A
100
AcDbEntity
  8
1.2FILL
  6
Continuous
 48
2.0
370
     0
 62
     3
284
     3
100
AcDbText
 10
502.9997369928344
 20
-259.2328567075291
 30
0.0
 40
6.0
  1
Existing construction to remain
 41
0.8333333333333334
  7
DCADTXTSTYLE17
 11
502.9997369928344
 21
-259.2328567075291
 31
0.0
100
AcDbText
 73
     1
  0
WIPEOUT
  5
929
330
A
100
AcDbEntity
  8
1.2FILL
  6
Continuous
 48
2.0
370
     0
160
         336
310
5001000002000000C400000026000000348D37ECFE517F408613B9E8694471C0000000000000000000000000000000000000000000000000000000000000F03F000000000000F03F00000000000000000000000000000000410063004400620057006900700065006F007500740000000B0000000000000000000000000000
310
00000000000000F03F0000000000000000000000000000F03F00000000000000000000000000000000000000000000000000000000000000000000000000000000740078007400000000000000840000000600000005000000348D37ECFE517F408613B9E8694471C000000000000000004A398407AD6B81408613B9E86944
310
71C000000000000000004A398407AD6B81408213B9E8699070C00000000000000000348D37ECFE517F408213B9E8699070C00000000000000000348D37ECFE517F408613B9E8694471C00000000000000000
 62
     3
284
     3
100
AcDbWipeout
 90
        0
 10
501.1247369928344
 20
501.1247369928344
 30
0.0
 11
501.1247369928344
 21
0.0
 31
0.0
 12
0.0
 22
501.1247369928344
 32
0.0
 13
1.0
 23
1.0
340
0
 70
     4
280
     1
281
     0
282
     0
283
     0
360
0
 71
     2
 91
        4
 14
-0.5
 24
2.051311552419891
 14
-0.3875833782661471
 24
2.051311552419891
 14
-0.3875833782661471
 24
2.028862051987105
 14
-0.5
 24
2.028862051987105
290
     0
  0
TEXT
  5
92A
330
A
100
AcDbEntity
  8
1.2FILL
  6
Continuous
 48
2.0
370
     0
 62
     3
284
     3
100
AcDbText
 10
502.9997369928344
 20
-274.4008567075291
 30
0.0
 40
6.0
  1
New construction
 41
0.8333333333333334
  7
DCADTXTSTYLE18
 11
502.9997369928344
 21
-274.4008567075291
 31
0.0
100
AcDbText
 73
     1
  0
LINE
  5
92C
330
A
100
AcDbEntity
  8
1.2FILL
  6
Continuous
 48
2.0
370
     0
 62
    11
284
     3
100
AcDbLine
 10
609.3051817814687
 20
-238.520864268491
 30
0.0
 11
648.2091322086349
 21
-238.520864268491
 31
0.0
  0
LINE
  5
92D
330
A
100
AcDbEntity
  8
1.2FILL
  6
Continuous
 48
2.0
370
     0
 62
    11
284
     3
100
AcDbLine
 10
609.3051817814687
 20
-243.520864268491
 30
0.0
 11
648.2091322086349
 21
-243.520864268491
 31
0.0
  0
LINE
  5
92E
330
A
100
AcDbEntity
  8
1.2FILL
  6
Continuous
 48
2.0
370
     0
 62
     5
284
     3
100
AcDbLine
 10
609.3051817814687
 20
-253.688864268491
 30
0.0
 11
648.2091322086349
 21
-253.688864268491
 31
0.0
  0
LINE
  5
92F
330
A
100
AcDbEntity
  8
1.2FILL
  6
Continuous
 48
2.0
370
     0
 62
     5
284
     3
100
AcDbLine
 10
609.3051817814687
 20
-258.688864268491
 30
0.0
 11
648.2091322086349
 21
-258.688864268491
 31
0.0
  0
LINE
  5
930
330
A
100
AcDbEntity
  8
1.2FILL
  6
Continuous
 48
2.0
370
     0
 62
     5
284
     3
100
AcDbLine
 10
609.3051817814687
 20
-268.856864268491
 30
0.0
 11
648.2091322086349
 21
-268.856864268491
 31
0.0
  0
LINE
  5
931
330
A
100
AcDbEntity
  8
1.2FILL
  6
Continuous
 48
2.0
370
     0
 62
     5
284
     3
100
AcDbLine
 10
609.3051817814687
 20
-273.856864268491
 30
0.0
 11
648.2091322086349
 21
-273.856864268491
 31
0.0
  0
TEXT
  5
932
330
A
100
AcDbEntity
  8
1.2FILL
  6
Continuous
 48
1.375
370
     0
 62
     5
284
     3
100
AcDbText
 10
502.1405946909406
 20
-222.5367741227826
 30
0.0
 40
6.0
  1
LEGEND
 41
0.9090909090909091
  7
DCADTXTSTYLE19
 11
502.1405946909406
 21
-222.5367741227826
 31
0.0
100
AcDbText
 73
     1
  0
LWPOLYLINE
  5
934
330
A
100
AcDbEntity
  8
1.2FILL
  6
Continuous
 48
8.0
370
     0
 62
     5
284
     3
100
AcDbPolyline
 90
        4
 70
     1
 43
0.0
 38
50623.97187472026
 10
493.5859404982186
 20
-287.6420116242856
 10
663.7707112968912
 20
-287.6420116242856
 10
663.7707112968912
 20
-208.6584183376644
 10
493.5859404982186
 20
-208.6584183376644
  0
LINE
  5
935
330
A
100
AcDbEntity
  8
1.2FILL
  6
Continuous
 48
8.0
370
     0
 62
     5
284
     3
100
AcDbLine
 10
493.5859404982186
 20
-208.6584183376644
 30
0.0
 11
493.5859404982186
 21
-226.9223729718933
 31
0.0
  0
LINE
  5
936
330
A
100
AcDbEntity
  8
1.2FILL
  6
Continuous
 48
8.0
370
     0
 62
     5
284
     3
100
AcDbLine
 10
493.5859404982186
 20
-226.9223729718933
 30
0.0
 11
663.7707112968912
 21
-226.9223729718933
 31
0.0
  0
HATCH
  5
939
330
A
100
AcDbEntity
  8
1.2FILL
  6
Continuous
 48
8.0
370
     0
 62
     7
284
     3
100
AcDbHatch
 10
0.0
 20
0.0
 30
0.0
210
0.0
220
0.0
230
1.0
  2
SOLID
 70
     1
 71
     0
 91
        1
 92
        2
 72
     0
 73
     1
 93
       43
 10
-185.798271
 20
-87.025147
 10
-185.798266
 20
0.547978
 10
-191.298265
 20
0.547978
 10
-191.298265
 20
-3.235476
 10
-191.298267
 20
-51.025147
 10
-185.798264
 20
-51.025147
 10
-185.798264
 20
-85.025147
 10
-191.298264
 20
-85.025147
 10
-191.298269
 20
-201.719344
 10
-191.298271
 20
-286.275147
 10
-174.798271
 20
-286.275147
 10
-174.798271
 20
-280.775147
 10
-185.798271
 20
-280.775147
 10
-185.798271
 20
-256.775143
 10
-185.798272
 20
-159.775147
 10
-136.003621
 20
-159.775147
 10
-136.003621
 20
-156.275147
 10
-185.798273
 20
-156.275147
 10
-185.798279
 20
-143.780395
 10
-191.298264
 20
-143.780395
 10
-191.298267
 20
-96.269899
 10
-185.798282
 20
-96.269899
 10
-185.798277
 20
-90.525147
 10
-122.298271
 20
-90.525147
 10
-118.798271
 20
-90.525147
 10
-81.79828000000001
 20
-90.525147
 10
-78.29828000000001
 20
-90.525147
 10
-61.79828
 20
-90.525147
 10
-61.79828
 20
-90.52515099999999
 10
-58.29828
 20
-90.52515099999999
 10
-58.29828
 20
-87.02515099999999
 10
-45.798276
 20
-87.02515099999999
 10
-58.29828
 20
-87.02515099999999
 10
-58.29828
 20
-90.52515099999999
 10
-45.298272
 20
-90.52515099999999
 10
-45.298272
 20
-90.525147
 10
-41.798272
 20
-90.525147
 10
-41.798272
 20
-80.514096
 10
-45.298272
 20
-80.514096
 10
-45.298272
 20
-87.025147
 10
-132.835039
 20
-87.025147
 10
-132.835039
 20
-90.525147
 10
-132.835039
 20
-87.025147
 97
        0
 75
     0
 76
     2
 98
        0
  0
HATCH
  5
93C
330
A
100
AcDbEntity
  8
1.2FILL
  6
Continuous
 48
8.0
370
     0
 62
     7
284
     3
100
AcDbHatch
 10
0.0
 20
0.0
 30
0.0
210
0.0
220
0.0
230
1.0
  2
SOLID
 70
     1
 71
     0
 91
        1
 92
        2
 72
     0
 73
     1
 93
       10
 10
-41.986016
 20
-183.775143
 10
-41.798272
 20
-156.593227
 10
-45.298272
 20
-156.593227
 10
-45.298272
 20
-180.275143
 10
-128.480143
 20
-180.275143
 10
-128.480143
 20
-156.275147
 10
-136.003621
 20
-156.275147
 10
-136.003621
 20
-159.775147
 10
-131.980143
 20
-159.775147
 10
-131.980143
 20
-183.775143
 97
        0
 75
     0
 76
     2
 98
        0
  0
HATCH
  5
93F
330
A
100
AcDbEntity
  8
1.2FILL
  6
Continuous
 48
12.0
370
     0
 62
     7
284
     3
100
AcDbHatch
 10
0.0
 20
0.0
 30
0.0
210
0.0
220
0.0
230
1.0
  2
SOLID
 70
     1
 71
     0
 91
        1
 92
        2
 72
     0
 73
     1
 93
        5
 10
3.799617
 20
120.724861
 10
33.951729
 20
120.724861
 10
33.951729
 20
124.224861
 10
7.299616
 20
124.224861
 10
3.799617
 20
124.224861
 97
        0
 75
     0
 76
     2
 98
        0
  0
HATCH
  5
942
330
A
100
AcDbEntity
  8
1.2FILL
  6
Continuous
 48
8.0
370
     0
 62
     7
284
     3
100
AcDbHatch
 10
0.0
 20
0.0
 30
0.0
210
0.0
220
0.0
230
1.0
  2
SOLID
 70
     1
 71
     0
 91
        1
 92
        2
 72
     0
 73
     1
 93
        9
 10
6.951729
 20
20.224857
 10
10.451729
 20
20.224857
 10
10.451729
 20
52.224861
 10
80.699619
 20
52.224861
 10
80.699619
 20
55.724861
 10
10.451729
 20
55.724861
 10
10.451728
 20
55.724861
 10
6.951728
 20
55.724861
 10
6.951729
 20
55.724861
 97
        0
 75
     0
 76
     2
 98
        0
  0
HATCH
  5
945
330
A
100
AcDbEntity
  8
1.2FILL
  6
Continuous
 48
8.0
370
     0
 62
     7
284
     3
100
AcDbHatch
 10
0.0
 20
0.0
 30
0.0
210
0.0
220
0.0
230
1.0
  2
SOLID
 70
     1
 71
     0
 91
        1
 92
        2
 72
     0
 73
     1
 93
        4
 10
33.951729
 20
224.224853
 10
30.45173
 20
224.224853
 10
30.45173
 20
202.974857
 10
33.951729
 20
202.974857
 97
        0
 75
     0
 76
     2
 98
        0
  0
HATCH
  5
948
330
A
100
AcDbEntity
  8
1.2FILL
  6
Continuous
 48
8.0
370
     0
 62
     7
284
     3
100
AcDbHatch
 10
0.0
 20
0.0
 30
0.0
210
0.0
220
0.0
230
1.0
  2
SOLID
 70
     1
 71
     0
 91
        1
 92
        2
 72
     0
 73
     1
 93
       21
 10
3.799617
 20
120.724861
 10
3.799617
 20
124.224861
 10
30.45173
 20
124.2546
 10
30.45173
 20
140.974857
 10
33.951729
 20
140.974857
 10
33.951729
 20
124.224861
 10
30.45173
 20
124.224861
 10
-3.923271
 20
124.224861
 10
-3.923271
 20
224.224853
 10
-7.423271
 20
224.224853
 10
-7.423271
 20
124.224861
 10
-41.798271
 20
124.224861
 10
-41.798271
 20
223.724853
 10
-45.298272
 20
223.724853
 10
-45.298272
 20
202.974857
 10
-41.798271
 20
202.974857
 10
-41.798271
 20
140.974857
 10
-45.298272
 20
140.974857
 10
-45.298272
 20
117.276975
 10
-41.798272
 20
117.276975
 10
-41.798272
 20
120.724861
 97
        0
 75
     0
 76
     2
 98
        0
  0
HATCH
  5
94B
330
A
100
AcDbEntity
  8
1.2FILL
  6
Continuous
 48
8.0
370
     0
 62
     7
284
     3
100
AcDbHatch
 10
0.0
 20
0.0
 30
0.0
210
0.0
220
0.0
230
1.0
  2
SOLID
 70
     1
 71
     0
 91
        1
 92
        2
 72
     0
 73
     1
 93
        2
 10
-184.052492
 20
9.229969000000001
 10
-184.052492
 20
5.729969
 97
        0
 75
     0
 76
     2
 98
        0
  0
HATCH
  5
94E
330
A
100
AcDbEntity
  8
1.2FILL
  6
Continuous
 48
8.0
370
     0
 62
     7
284
     3
100
AcDbHatch
 10
0.0
 20
0.0
 30
0.0
210
0.0
220
0.0
230
1.0
  2
SOLID
 70
     1
 71
     0
 91
        1
 92
        2
 72
     0
 73
     1
 93
        4
 10
-45.298272
 20
79.105785
 10
-41.798271
 20
79.105785
 10
-41.798271
 20
83.27697499999999
 10
-45.298272
 20
83.27697499999999
 97
        0
 75
     0
 76
     2
 98
        0
  0
HATCH
  5
951
330
A
100
AcDbEntity
  8
1.2FILL
  6
Continuous
 48
8.0
370
     0
 62
     7
284
     3
100
AcDbHatch
 10
0.0
 20
0.0
 30
0.0
210
0.0
220
0.0
230
1.0
  2
SOLID
 70
     1
 71
     0
 91
        1
 92
        2
 72
     0
 73
     1
 93
        2
 10
102.576729
 20
20.224857
 10
102.576729
 20
16.724857
 97
        0
 75
     0
 76
     2
 98
        0
  0
HATCH
  5
954
330
A
100
AcDbEntity
  8
1.2FILL
  6
Continuous
 48
8.0
370
     0
 62
     7
284
     3
100
AcDbHatch
 10
0.0
 20
0.0
 30
0.0
210
0.0
220
0.0
230
1.0
  2
SOLID
 70
     1
 71
     0
 91
        1
 92
        2
 72
     0
 73
     1
 93
        8
 10
102.576729
 20
20.224857
 10
99.076729
 20
20.224857
 10
99.076729
 20
-79.525139
 10
71.576729
 20
-79.525139
 10
71.576729
 20
-83.025139
 10
129.636808
 20
-83.025139
 10
129.636808
 20
-79.525139
 10
102.576729
 20
-79.525139
 97
        0
 75
     0
 76
     2
 98
        0
  0
HATCH
  5
957
330
A
100
AcDbEntity
  8
1.2FILL
  6
Continuous
 48
8.0
370
     0
 62
     7
284
     3
100
AcDbHatch
 10
0.0
 20
0.0
 30
0.0
210
0.0
220
0.0
230
1.0
  2
SOLID
 70
     1
 71
     0
 91
        1
 92
        2
 72
     0
 73
     1
 93
        8
 10
6.951729
 20
-91.525143
 10
10.451729
 20
-91.525143
 10
10.451729
 20
-83.025139
 10
37.576729
 20
-83.025139
 10
37.576729
 20
-79.525139
 10
10.451729
 20
-79.525139
 10
10.451729
 20
20.224857
 10
6.951729
 20
20.224857
 97
        0
 75
     0
 76
     2
 98
        0
  0
HATCH
  5
95A
330
A
100
AcDbEntity
  8
1.2FILL
  6
Continuous
 48
8.0
370
     0
 62
     7
284
     3
100
AcDbHatch
 10
0.0
 20
0.0
 30
0.0
210
0.0
220
0.0
230
1.0
  2
SOLID
 70
     1
 71
     0
 91
        1
 92
        2
 72
     0
 73
     1
 93
        4
 10
-128.480143
 20
-156.275147
 10
-128.480143
 20
-159.775147
 10
-117.889207
 20
-159.775147
 10
-117.889207
 20
-156.275147
 97
        0
 75
     0
 76
     2
 98
        0
  0
HATCH
  5
95D
330
A
100
AcDbEntity
  8
1.2FILL
  6
Continuous
 48
8.0
370
     0
 62
     7
284
     3
100
AcDbHatch
 10
0.0
 20
0.0
 30
0.0
210
0.0
220
0.0
230
1.0
  2
SOLID
 70
     1
 71
     0
 91
        1
 92
        2
 72
     0
 73
     1
 93
        6
 10
-55.889207
 20
-156.275147
 10
-55.889207
 20
-159.775147
 10
-45.298272
 20
-159.775147
 10
-45.298272
 20
-156.593227
 10
-41.798272
 20
-156.593227
 10
-41.798272
 20
-156.275147
 97
        0
 75
     0
 76
     2
 98
        0
  0
HATCH
  5
960
330
A
100
AcDbEntity
  8
1.2FILL
  6
Continuous
 48
8.0
370
     0
 62
     7
284
     3
100
AcDbHatch
 10
0.0
 20
0.0
 30
0.0
210
0.0
220
0.0
230
1.0
  2
SOLID
 70
     1
 71
     0
 91
        1
 92
        2
 72
     0
 73
     1
 93
       13
 10
259.201721
 20
68.224857
 10
259.201721
 20
33.609868
 10
264.701721
 20
33.609868
 10
264.701721
 20
73.724857
 10
216.701736
 20
73.724857
 10
216.701736
 20
98.724857
 10
211.201736
 20
98.724857
 10
211.201736
 20
71.724861
 10
153.949619
 20
71.724861
 10
153.949619
 20
68.224861
 10
189.199615
 20
68.224861
 10
192.699619
 20
68.224861
 10
211.201736
 20
68.224861
 97
        0
 75
     0
 76
     2
 98
        0
  0
HATCH
  5
963
330
A
100
AcDbEntity
  8
1.2FILL
  6
Continuous
 48
8.0
370
     0
 62
     7
284
     3
100
AcDbHatch
 10
0.0
 20
0.0
 30
0.0
210
0.0
220
0.0
230
1.0
  2
SOLID
 70
     1
 71
     0
 91
        1
 92
        2
 72
     0
 73
     1
 93
        4
 10
-191.298264
 20
79.10578599999999
 10
-185.798264
 20
79.10578599999999
 10
-185.798264
 20
83.442831
 10
-191.298264
 20
83.442831
 97
        0
 75
     0
 76
     2
 98
        0
  0
HATCH
  5
966
330
A
100
AcDbEntity
  8
1.2FILL
  6
Continuous
 48
8.0
370
     0
 62
     7
284
     3
100
AcDbHatch
 10
0.0
 20
0.0
 30
0.0
210
0.0
220
0.0
230
1.0
  2
SOLID
 70
     1
 71
     0
 91
        1
 92
        2
 72
     0
 73
     1
 93
        8
 10
10.451729
 20
-125.525143
 10
6.951729
 20
-125.525143
 10
6.951729
 20
-280.775147
 10
-15.798271
 20
-280.775147
 10
-15.798271
 20
-286.275147
 10
36.201729
 20
-286.275147
 10
36.201729
 20
-280.775147
 10
10.451729
 20
-280.775147
 97
        0
 75
     0
 76
     2
 98
        0
  0
LINE
  5
967
330
A
100
AcDbEntity
  8
1.2FILL
  6
Continuous
 48
12.0
370
     0
 62
    11
284
     3
100
AcDbLine
 10
181.9898997787754
 20
-274.7872352691778
 30
0.0
 11
103.9898997787754
 21
-274.7872047515997
 31
0.0
  0
LINE
  5
968
330
A
100
AcDbEntity
  8
1.2FILL
  6
Continuous
 48
12.0
370
     0
 62
    11
284
     3
100
AcDbLine
 10
103.9898997787754
 20
-274.7872047515997
 30
0.0
 11
103.9898997787754
 21
-194.7872047515997
 31
0.0
  0
LINE
  5
969
330
A
100
AcDbEntity
  8
1.2FILL
  6
Continuous
 48
12.0
370
     0
 62
    11
284
     3
100
AcDbLine
 10
103.9898997787754
 20
-194.7872047515997
 30
0.0
 11
181.9898997787754
 21
-194.7872352691778
 31
0.0
  0
LINE
  5
96A
330
A
100
AcDbEntity
  8
1.2FILL
  6
Continuous
 48
12.0
370
     0
 62
    11
284
     3
100
AcDbLine
 10
181.9898997787754
 20
-194.7872352691778
 30
0.0
 11
181.9898997787754
 21
-274.7872352691778
 31
0.0
  0
LINE
  5
96B
330
A
100
AcDbEntity
  8
1.2FILL
  6
Continuous
 48
12.0
370
     0
 62
    11
284
     3
100
AcDbLine
 10
101.9898997787754
 20
-277.7872047515997
 30
0.0
 11
101.9898997787754
 21
-275.7872047515997
 31
0.0
  0
LINE
  5
96C
330
A
100
AcDbEntity
  8
1.2FILL
  6
Continuous
 48
12.0
370
     0
 62
    11
284
     3
100
AcDbLine
 10
101.9898997787754
 20
-275.7872047515997
 30
0.0
 11
183.9898997787754
 21
-275.7872352691778
 31
0.0
  0
LINE
  5
96D
330
A
100
AcDbEntity
  8
1.2FILL
  6
Continuous
 48
12.0
370
     0
 62
    11
284
     3
100
AcDbLine
 10
183.9898997787754
 20
-275.7872352691778
 30
0.0
 11
183.9898997787754
 21
-277.7872352691778
 31
0.0
  0
LINE
  5
96E
330
A
100
AcDbEntity
  8
1.2FILL
  6
Continuous
 48
12.0
370
     0
 62
    11
284
     3
100
AcDbLine
 10
183.9898997787754
 20
-277.7872352691778
 30
0.0
 11
101.9898997787754
 21
-277.7872047515997
 31
0.0
  0
LINE
  5
96F
330
A
100
AcDbEntity
  8
1.2FILL
  6
Continuous
 48
12.0
370
     0
 62
    11
284
     3
100
AcDbLine
 10
149.9898997787754
 20
-270.7872047515997
 30
0.0
 11
149.9898997787754
 21
-254.7872047515997
 31
0.0
  0
LINE
  5
970
330
A
100
AcDbEntity
  8
1.2FILL
  6
Continuous
 48
12.0
370
     0
 62
    11
284
     3
100
AcDbLine
 10
149.9898997787754
 20
-254.7872047515997
 30
0.0
 11
173.9898997787754
 21
-254.7872352691778
 31
0.0
  0
LINE
  5
971
330
A
100
AcDbEntity
  8
1.2FILL
  6
Continuous
 48
12.0
370
     0
 62
    11
284
     3
100
AcDbLine
 10
173.9898997787754
 20
-254.7872352691778
 30
0.0
 11
173.9898997787754
 21
-270.7872352691778
 31
0.0
  0
LINE
  5
972
330
A
100
AcDbEntity
  8
1.2FILL
  6
Continuous
 48
12.0
370
     0
 62
    11
284
     3
100
AcDbLine
 10
173.9898997787754
 20
-270.7872352691778
 30
0.0
 11
149.9898997787754
 21
-270.7872047515997
 31
0.0
  0
LINE
  5
973
330
A
100
AcDbEntity
  8
1.2FILL
  6
Continuous
 48
12.0
370
     0
 62
    11
284
     3
100
AcDbLine
 10
181.9898997787754
 20
-250.7872352691778
 30
0.0
 11
103.9898997787754
 21
-250.7872047515997
 31
0.0
  0
LINE
  5
974
330
A
100
AcDbEntity
  8
1.2FILL
  6
Continuous
 48
12.0
370
     0
 62
    11
284
     3
100
AcDbLine
 10
103.9898997787754
 20
-248.7872047515997
 30
0.0
 11
181.9898997787754
 21
-248.7872352691778
 31
0.0
  0
LINE
  5
975
330
A
100
AcDbEntity
  8
1.2FILL
  6
Continuous
 48
12.0
370
     0
 62
    11
284
     3
100
AcDbLine
 10
181.9898997787754
 20
-246.7872352691778
 30
0.0
 11
103.9898997787754
 21
-228.7872047515997
 31
0.0
  0
LINE
  5
976
330
A
100
AcDbEntity
  8
1.2FILL
  6
Continuous
 48
12.0
370
     0
 62
    11
284
     3
100
AcDbLine
 10
111.9898997787754
 20
-270.7872047515997
 30
0.0
 11
111.9898997787754
 21
-254.7872047515997
 31
0.0
  0
LINE
  5
977
330
A
100
AcDbEntity
  8
1.2FILL
  6
Continuous
 48
12.0
370
     0
 62
    11
284
     3
100
AcDbLine
 10
111.9898997787754
 20
-254.7872047515997
 30
0.0
 11
135.9898997787754
 21
-254.7872047515997
 31
0.0
  0
LINE
  5
978
330
A
100
AcDbEntity
  8
1.2FILL
  6
Continuous
 48
12.0
370
     0
 62
    11
284
     3
100
AcDbLine
 10
135.9898997787754
 20
-254.7872047515997
 30
0.0
 11
135.9898997787754
 21
-270.7872047515997
 31
0.0
  0
LINE
  5
979
330
A
100
AcDbEntity
  8
1.2FILL
  6
Continuous
 48
12.0
370
     0
 62
    11
284
     3
100
AcDbLine
 10
135.9898997787754
 20
-270.7872047515997
 30
0.0
 11
111.9898997787754
 21
-270.7872047515997
 31
0.0
  0
LINE
  5
97A
330
A
100
AcDbEntity
  8
1.2FILL
  6
Continuous
 48
12.0
370
     0
 62
    11
284
     3
100
AcDbLine
 10
183.9898997787754
 20
-191.7872047515997
 30
0.0
 11
183.9898997787754
 21
-193.7872047515997
 31
0.0
  0
LINE
  5
97B
330
A
100
AcDbEntity
  8
1.2FILL
  6
Continuous
 48
12.0
370
     0
 62
    11
284
     3
100
AcDbLine
 10
183.9898997787754
 20
-193.7872047515997
 30
0.0
 11
101.9898997787754
 21
-193.7872047515997
 31
0.0
  0
LINE
  5
97C
330
A
100
AcDbEntity
  8
1.2FILL
  6
Continuous
 48
12.0
370
     0
 62
    11
284
     3
100
AcDbLine
 10
101.9898997787754
 20
-193.7872047515997
 30
0.0
 11
101.9898997787754
 21
-191.7872047515997
 31
0.0
  0
LINE
  5
97D
330
A
100
AcDbEntity
  8
1.2FILL
  6
Continuous
 48
12.0
370
     0
 62
    11
284
     3
100
AcDbLine
 10
101.9898997787754
 20
-191.7872047515997
 30
0.0
 11
183.9898997787754
 21
-191.7872047515997
 31
0.0
  0
LINE
  5
97E
330
A
100
AcDbEntity
  8
1.2FILL
  6
Continuous
 48
12.0
370
     0
 62
    11
284
     3
100
AcDbLine
 10
181.9898997787754
 20
-240.7872352691778
 30
0.0
 11
103.9898997787754
 21
-222.7872047515997
 31
0.0
  0
LINE
  5
97F
330
A
100
AcDbEntity
  8
1.2FILL
  6
Continuous
 48
12.0
370
     0
 62
    11
284
     3
100
AcDbLine
 10
100.9898997787754
 20
-261.7872352691778
 30
0.0
 11
100.9898997787754
 21
-277.7872352691778
 31
0.0
  0
LINE
  5
980
330
A
100
AcDbEntity
  8
1.2FILL
  6
Continuous
 48
12.0
370
     0
 62
    11
284
     3
100
AcDbLine
 10
100.9898997787754
 20
-277.7872352691778
 30
0.0
 11
84.9898997787754
 21
-277.7872352691778
 31
0.0
  0
LINE
  5
981
330
A
100
AcDbEntity
  8
1.2FILL
  6
Continuous
 48
12.0
370
     0
 62
    11
284
     3
100
AcDbLine
 10
84.9898997787754
 20
-277.7872352691778
 30
0.0
 11
84.9898997787754
 21
-261.7872352691778
 31
0.0
  0
LINE
  5
982
330
A
100
AcDbEntity
  8
1.2FILL
  6
Continuous
 48
12.0
370
     0
 62
    11
284
     3
100
AcDbLine
 10
84.9898997787754
 20
-261.7872352691778
 30
0.0
 11
100.9898997787754
 21
-261.7872352691778
 31
0.0
  0
LINE
  5
983
330
A
100
AcDbEntity
  8
1.2FILL
  6
Continuous
 48
12.0
370
     0
 62
    11
284
     3
100
AcDbLine
 10
200.9898997787754
 20
-261.7872352691778
 30
0.0
 11
200.9898997787753
 21
-277.7872352691778
 31
0.0
  0
LINE
  5
984
330
A
100
AcDbEntity
  8
1.2FILL
  6
Continuous
 48
12.0
370
     0
 62
    11
284
     3
100
AcDbLine
 10
200.9898997787753
 20
-277.7872352691778
 30
0.0
 11
184.9898997787754
 21
-277.7872352691778
 31
0.0
  0
LINE
  5
985
330
A
100
AcDbEntity
  8
1.2FILL
  6
Continuous
 48
12.0
370
     0
 62
    11
284
     3
100
AcDbLine
 10
184.9898997787754
 20
-277.7872352691778
 30
0.0
 11
184.9898997787754
 21
-261.7872352691778
 31
0.0
  0
LINE
  5
986
330
A
100
AcDbEntity
  8
1.2FILL
  6
Continuous
 48
12.0
370
     0
 62
    11
284
     3
100
AcDbLine
 10
184.9898997787754
 20
-261.7872352691778
 30
0.0
 11
200.9898997787754
 21
-261.7872352691778
 31
0.0
  0
LWPOLYLINE
  5
987
330
A
100
AcDbEntity
  8
1.2FILL
  6
Continuous
 48
12.0
370
     0
 62
    11
284
     3
100
AcDbPolyline
 90
        4
 70
     1
 43
0.0
 38
50647.97187472026
 10
98.184519116849
 20
-88.3558138413853
 10
98.18451911684897
 20
-85.06355884676421
 10
176.3543466236227
 20
-85.06355884676418
 10
176.3543466236227
 20
-88.3558138413853
  0
LWPOLYLINE
  5
988
330
A
100
AcDbEntity
  8
1.2FILL
  6
Continuous
 48
12.0
370
     0
 62
    11
284
     3
100
AcDbPolyline
 90
        4
 70
     1
 43
0.0
 38
50647.97187472026
 10
238.5949279223411
 20
-222.1477088057759
 10
255.2756865617547
 20
-222.1477088057759
 10
255.2756865617547
 20
-146.1613960338283
 10
238.5949279223411
 20
-146.1613960338283
  0
LWPOLYLINE
  5
989
330
A
100
AcDbEntity
  8
1.2FILL
  6
Continuous
 48
12.0
370
     0
 62
    11
284
     3
100
AcDbPolyline
 90
        4
 70
     1
 43
0.0
 38
50647.97187472026
 10
14.59761091533181
 20
-222.2547384250276
 10
14.59761091533183
 20
-144.3380368856615
 10
35.34100089617955
 20
-144.3380368856615
 10
35.34100089617955
 20
-222.2547384250276
  0
POINT
  5
98A
330
A
100
AcDbEntity
  8
1.2FILL
  6
Continuous
 48
12.0
370
     0
 62
     7
284
     3
100
AcDbPoint
 10
-5.673270028097832
 20
224.224853515625
 30
0.0
 50
0.0
  0
POINT
  5
98B
330
A
100
AcDbEntity
  8
1.2FILL
  6
Continuous
 48
12.0
370
     0
 62
     7
284
     3
100
AcDbPoint
 10
5.549616932868958
 20
224.224853515625
 30
0.0
 50
0.0
  0
HATCH
  5
98E
330
A
100
AcDbEntity
  8
1.2FILL
  6
Continuous
 48
12.0
370
     0
 62
     7
284
     3
100
AcDbHatch
 10
0.0
 20
0.0
 30
0.0
210
0.0
220
0.0
230
1.0
  2
SOLID
 70
     1
 71
     0
 91
        1
 92
        2
 72
     0
 73
     1
 93
        4
 10
180.275205
 20
-79.525142
 10
180.275205
 20
-83.025139
 10
185.758865
 20
-83.025139
 10
185.758865
 20
-79.525142
 97
        0
 75
     0
 76
     2
 98
        0
  0
HATCH
  5
991
330
A
100
AcDbEntity
  8
1.2FILL
  6
Continuous
 48
12.0
370
     0
 62
     7
284
     3
100
AcDbHatch
 10
0.0
 20
0.0
 30
0.0
210
0.0
220
0.0
230
1.0
  2
SOLID
 70
     1
 71
     0
 91
        1
 92
        2
 72
     0
 73
     1
 93
        4
 10
129.636808
 20
-83.025139
 10
163.636808
 20
-83.025139
 10
163.636808
 20
-79.525142
 10
129.636808
 20
-79.525142
 97
        0
 75
     0
 76
     2
 98
        0
  0
POINT
  5
992
330
A
100
AcDbEntity
  8
1.2FILL
  6
Continuous
 48
12.0
370
     0
 62
    51
284
     3
100
AcDbPoint
 10
-185.2982636115767
 20
-85.02514659377474
 30
0.0
 50
0.0
  0
LINE
  5
993
330
A
100
AcDbEntity
  8
1.2FILL
  6
Continuous
 48
24.0
370
     0
 62
     3
284
     3
100
AcDbLine
 10
-184.6732636115767
 20
-84.08251964064968
 30
0.0
 11
-152.6732636115767
 21
-84.08251964064968
 31
0.0
  0
LINE
  5
994
330
A
100
AcDbEntity
  8
1.2FILL
  6
Continuous
 48
24.0
370
     0
 62
     3
284
     3
100
AcDbLine
 10
-184.6732636115767
 20
-82.33251964064968
 30
0.0
 11
-152.6732636115767
 21
-82.33251964064968
 31
0.0
  0
LINE
  5
995
330
A
100
AcDbEntity
  8
1.2FILL
  6
Continuous
 48
24.0
370
     0
 62
     3
284
     3
100
AcDbLine
 10
-184.6732636115767
 20
-84.08251964064968
 30
0.0
 11
-184.6732636115767
 21
-82.33251964064968
 31
0.0
  0
LINE
  5
996
330
A
100
AcDbEntity
  8
1.2FILL
  6
Continuous
 48
24.0
370
     0
 62
     3
284
     3
100
AcDbLine
 10
-152.6732636115767
 20
-84.08251964064968
 30
0.0
 11
-152.6732636115767
 21
-82.33251964064968
 31
0.0
  0
LINE
  5
997
330
A
100
AcDbEntity
  8
1.2FILL
  6
Continuous
 48
24.0
370
     0
 62
     3
284
     3
100
AcDbLine
 10
-192.5482658771162
 20
-52.08227545812782
 30
0.0
 11
-192.5482658771162
 21
-48.08227545812782
 31
0.0
  0
LINE
  5
998
330
A
100
AcDbEntity
  8
1.2FILL
  6
Continuous
 48
24.0
370
     0
 62
     3
284
     3
100
AcDbLine
 10
-184.6732636115767
 20
-52.08227550002467
 30
0.0
 11
-184.6732636115767
 21
-48.08227550002467
 31
0.0
  0
LINE
  5
999
330
A
100
AcDbEntity
  8
1.2FILL
  6
Continuous
 48
24.0
370
     0
 62
     3
284
     3
100
AcDbLine
 10
-184.6732636115767
 20
-52.08227550002467
 30
0.0
 11
-186.1727753303267
 21
-52.08227550002467
 31
0.0
  0
LINE
  5
99A
330
A
100
AcDbEntity
  8
1.2FILL
  6
Continuous
 48
24.0
370
     0
 62
     3
284
     3
100
AcDbLine
 10
-188.6727753303267
 20
-52.08227550002467
 30
0.0
 11
-192.5482658771162
 21
-52.08227545812782
 31
0.0
  0
LINE
  5
99B
330
A
100
AcDbEntity
  8
1.2FILL
  6
Continuous
 48
24.0
370
     0
 62
     3
284
     3
100
AcDbLine
 10
-188.6727753303267
 20
-52.83227550002467
 30
0.0
 11
-188.6727753303267
 21
-52.08227550002467
 31
0.0
  0
LINE
  5
99C
330
A
100
AcDbEntity
  8
1.2FILL
  6
Continuous
 48
24.0
370
     0
 62
     3
284
     3
100
AcDbLine
 10
-186.1727753303267
 20
-52.83227550002467
 30
0.0
 11
-186.1727753303267
 21
-52.08227550002467
 31
0.0
  0
LINE
  5
99D
330
A
100
AcDbEntity
  8
1.2FILL
  6
Continuous
 48
24.0
370
     0
 62
     3
284
     3
100
AcDbLine
 10
-186.1727753303267
 20
-52.83227550002467
 30
0.0
 11
-188.6727753303267
 21
-52.83227550002467
 31
0.0
  0
LINE
  5
99E
330
A
100
AcDbEntity
  8
1.2FILL
  6
Continuous
 48
12.0
370
     0
 62
     3
284
     3
100
AcDbLine
 10
-184.6732636115767
 20
-48.08227550002467
 30
0.0
 11
-185.2982636115767
 21
-48.08227550002467
 31
0.0
  0
LINE
  5
99F
330
A
100
AcDbEntity
  8
1.2FILL
  6
Continuous
 48
12.0
370
     0
 62
     3
284
     3
100
AcDbLine
 10
-192.5482658771162
 20
-48.08227545812782
 30
0.0
 11
-191.9232658771162
 21
-48.08227545812782
 31
0.0
  0
LINE
  5
9A0
330
A
100
AcDbEntity
  8
1.2FILL
  6
Continuous
 48
24.0
370
     0
 62
     3
284
     3
100
AcDbLine
 10
-192.5482658771162
 20
-88.02514655187781
 30
0.0
 11
-192.5482658771162
 21
-84.02514655187781
 31
0.0
  0
LINE
  5
9A1
330
A
100
AcDbEntity
  8
1.2FILL
  6
Continuous
 48
24.0
370
     0
 62
     3
284
     3
100
AcDbLine
 10
-184.6732636109605
 20
-86.52514648463172
 30
0.0
 11
-184.6732636115767
 21
-84.02514659377468
 31
0.0
  0
LINE
  5
9A2
330
A
100
AcDbEntity
  8
1.2FILL
  6
Continuous
 48
24.0
370
     0
 62
     3
284
     3
100
AcDbLine
 10
-184.6732636115767
 20
-84.02514659377468
 30
0.0
 11
-186.1737518928267
 21
-84.02514659377468
 31
0.0
  0
LINE
  5
9A3
330
A
100
AcDbEntity
  8
1.2FILL
  6
Continuous
 48
24.0
370
     0
 62
     3
284
     3
100
AcDbLine
 10
-188.6737518928267
 20
-84.02514659377468
 30
0.0
 11
-192.5482658771162
 21
-84.02514655187781
 31
0.0
  0
LINE
  5
9A4
330
A
100
AcDbEntity
  8
1.2FILL
  6
Continuous
 48
24.0
370
     0
 62
     3
284
     3
100
AcDbLine
 10
-188.6737518928267
 20
-84.02514659377468
 30
0.0
 11
-188.6737518928267
 21
-83.27514659377468
 31
0.0
  0
LINE
  5
9A5
330
A
100
AcDbEntity
  8
1.2FILL
  6
Continuous
 48
24.0
370
     0
 62
     3
284
     3
100
AcDbLine
 10
-186.1737518928267
 20
-84.02514659377468
 30
0.0
 11
-186.1737518928267
 21
-83.27514659377468
 31
0.0
  0
LINE
  5
9A6
330
A
100
AcDbEntity
  8
1.2FILL
  6
Continuous
 48
24.0
370
     0
 62
     3
284
     3
100
AcDbLine
 10
-186.1737518928267
 20
-83.27514659377468
 30
0.0
 11
-188.6737518928267
 21
-83.27514659377468
 31
0.0
  0
LINE
  5
9A7
330
A
100
AcDbEntity
  8
1.2FILL
  6
Continuous
 48
12.0
370
     0
 62
     3
284
     3
100
AcDbLine
 10
-184.6732636109605
 20
-86.52514648463172
 30
0.0
 11
-185.2982636109605
 21
-86.52514648463172
 31
0.0
  0
LINE
  5
9A8
330
A
100
AcDbEntity
  8
1.2FILL
  6
Continuous
 48
12.0
370
     0
 62
     3
284
     3
100
AcDbLine
 10
-192.5482658771162
 20
-88.02514655187781
 30
0.0
 11
-191.9232658771162
 21
-88.02514655187781
 31
0.0
  0
ARC
  5
9A9
330
A
100
AcDbEntity
  8
1.2FILL
  6
Continuous
370
     0
 62
     1
284
     3
100
AcDbCircle
 10
-184.6732636115767
 20
-84.02513896438013
 30
0.0
 40
31.94286346435548
100
AcDbArc
 50
359.89725
 51
450.0
  0
HATCH
  5
9AC
330
A
100
AcDbEntity
  8
1.2FILL
  6
Continuous
 48
8.0
370
     0
 62
     7
284
     3
100
AcDbHatch
 10
0.0
 20
0.0
 30
0.0
210
0.0
220
0.0
230
1.0
  2
SOLID
 70
     1
 71
     0
 91
        1
 92
        2
 72
     0
 73
     1
 93
        4
 10
-191.298266
 20
-96.269899
 10
-185.798264
 20
-96.269899
 10
-185.798264
 20
-101.025147
 10
-191.298266
 20
-101.025147
 97
        0
 75
     0
 76
     2
 98
        0
  0
LWPOLYLINE
  5
9AD
330
A
100
AcDbEntity
  8
1.2FILL
  6
Continuous
 48
12.0
370
     0
 62
    11
284
     3
100
AcDbPolyline
 90
        4
 70
     1
 43
0.0
 38
50647.97187472026
 10
110.8133522277858
 20
-187.9324748128427
 10
177.316903119132
 20
-187.9324748128427
 10
177.316903119132
 20
-168.7175451463732
 10
110.8133522277858
 20
-168.7175451463732
  0
HATCH
  5
9B0
330
A
100
AcDbEntity
  8
1.2FILL
  6
Continuous
 48
12.0
370
     0
 62
     7
284
     3
100
AcDbHatch
 10
0.0
 20
0.0
 30
0.0
210
0.0
220
0.0
230
1.0
  2
SOLID
 70
     1
 71
     0
 91
        1
 92
        2
 72
     0
 73
     1
 93
        4
 10
219.758865
 20
-79.525142
 10
219.758865
 20
-83.02513999999999
 10
225.242525
 20
-83.02513999999999
 10
225.242525
 20
-79.525142
 97
        0
 75
     0
 76
     2
 98
        0
  0
HATCH
  5
9B3
330
A
100
AcDbEntity
  8
1.2FILL
  6
Continuous
 48
8.0
370
     0
 62
     7
284
     3
100
AcDbHatch
 10
0.0
 20
0.0
 30
0.0
210
0.0
220
0.0
230
1.0
  2
SOLID
 70
     1
 71
     0
 91
        1
 92
        2
 72
     0
 73
     1
 93
        6
 10
124.985832
 20
-44.562258
 10
124.985832
 20
-46.793699
 10
128.485824
 20
-46.793699
 10
128.485824
 20
-41.062258
 10
102.576729
 20
-41.062258
 10
102.576729
 20
-44.562258
 97
        0
 75
     0
 76
     2
 98
        0
  0
HATCH
  5
9B6
330
A
100
AcDbEntity
  8
1.2FILL
  6
Continuous
 48
8.0
370
     0
 62
     7
284
     3
100
AcDbHatch
 10
0.0
 20
0.0
 30
0.0
210
0.0
220
0.0
230
1.0
  2
SOLID
 70
     1
 71
     0
 91
        1
 92
        2
 72
     0
 73
     1
 93
        4
 10
124.985832
 20
-79.525139
 10
128.485824
 20
-79.525139
 10
128.485824
 20
-72.793699
 10
124.985832
 20
-72.793699
 97
        0
 75
     0
 76
     2
 98
        0
  0
POINT
  5
9B7
330
A
100
AcDbEntity
  8
1.2FILL
  6
Continuous
 48
12.0
370
     0
 62
    51
284
     3
100
AcDbPoint
 10
128.9858245849609
 20
-72.7936985839177
 30
0.0
 50
0.0
  0
LINE
  5
9B8
330
A
100
AcDbEntity
  8
1.2FILL
  6
Continuous
 48
24.0
370
     0
 62
     3
284
     3
100
AcDbLine
 10
129.6108245849609
 20
-71.8510716307927
 30
0.0
 11
153.4989328941754
 21
-71.85106781609544
 31
0.0
  0
LINE
  5
9B9
330
A
100
AcDbEntity
  8
1.2FILL
  6
Continuous
 48
24.0
370
     0
 62
     3
284
     3
100
AcDbLine
 10
129.6108245849609
 20
-70.1010716307927
 30
0.0
 11
153.4989328941754
 21
-70.10106781609544
 31
0.0
  0
LINE
  5
9BA
330
A
100
AcDbEntity
  8
1.2FILL
  6
Continuous
 48
24.0
370
     0
 62
     3
284
     3
100
AcDbLine
 10
129.6108245849609
 20
-71.8510716307927
 30
0.0
 11
129.6108245849609
 21
-70.1010716307927
 31
0.0
  0
LINE
  5
9BB
330
A
100
AcDbEntity
  8
1.2FILL
  6
Continuous
 48
24.0
370
     0
 62
     3
284
     3
100
AcDbLine
 10
153.4989328941754
 20
-71.85106781609544
 30
0.0
 11
153.4989328941754
 21
-70.10106781609544
 31
0.0
  0
LINE
  5
9BC
330
A
100
AcDbEntity
  8
1.2FILL
  6
Continuous
 48
24.0
370
     0
 62
     3
284
     3
100
AcDbLine
 10
123.7358093261719
 20
-47.90534422672957
 30
0.0
 11
123.7358093261719
 21
-45.06225761099574
 31
0.0
  0
LINE
  5
9BD
330
A
100
AcDbEntity
  8
1.2FILL
  6
Continuous
 48
24.0
370
     0
 62
     3
284
     3
100
AcDbLine
 10
129.6108093261719
 20
-47.90534422672957
 30
0.0
 11
129.6107635498047
 21
-43.90534613407821
 31
0.0
  0
LINE
  5
9BE
330
A
100
AcDbEntity
  8
1.2FILL
  6
Continuous
 48
24.0
370
     0
 62
     3
284
     3
100
AcDbLine
 10
129.6108093261719
 20
-47.90534422672957
 30
0.0
 11
128.1112976074219
 21
-47.90534422672957
 31
0.0
  0
LINE
  5
9BF
330
A
100
AcDbEntity
  8
1.2FILL
  6
Continuous
 48
24.0
370
     0
 62
     3
284
     3
100
AcDbLine
 10
125.6112976074219
 20
-47.90534422672957
 30
0.0
 11
123.7358093261719
 21
-47.90534422672957
 31
0.0
  0
LINE
  5
9C0
330
A
100
AcDbEntity
  8
1.2FILL
  6
Continuous
 48
24.0
370
     0
 62
     3
284
     3
100
AcDbLine
 10
125.6112976074219
 20
-48.65534422672957
 30
0.0
 11
125.6112976074219
 21
-47.90534422672957
 31
0.0
  0
LINE
  5
9C1
330
A
100
AcDbEntity
  8
1.2FILL
  6
Continuous
 48
24.0
370
     0
 62
     3
284
     3
100
AcDbLine
 10
128.1112976074219
 20
-48.65534422672957
 30
0.0
 11
128.1112976074219
 21
-47.90534422672957
 31
0.0
  0
LINE
  5
9C2
330
A
100
AcDbEntity
  8
1.2FILL
  6
Continuous
 48
24.0
370
     0
 62
     3
284
     3
100
AcDbLine
 10
128.1112976074219
 20
-48.65534422672957
 30
0.0
 11
125.6112976074219
 21
-48.65534422672957
 31
0.0
  0
LINE
  5
9C3
330
A
100
AcDbEntity
  8
1.2FILL
  6
Continuous
 48
12.0
370
     0
 62
     3
284
     3
100
AcDbLine
 10
129.6107635498047
 20
-43.90534613407821
 30
0.0
 11
128.9857635498047
 21
-43.90534613407821
 31
0.0
  0
LINE
  5
9C4
330
A
100
AcDbEntity
  8
1.2FILL
  6
Continuous
 48
12.0
370
     0
 62
     3
284
     3
100
AcDbLine
 10
123.7358093261719
 20
-45.06225761099574
 30
0.0
 11
124.3608093261719
 21
-45.06225761099574
 31
0.0
  0
LINE
  5
9C5
330
A
100
AcDbEntity
  8
1.2FILL
  6
Continuous
 48
24.0
370
     0
 62
     3
284
     3
100
AcDbLine
 10
123.7358703613281
 20
-75.79369858391769
 30
0.0
 11
123.7358245849609
 21
-71.7936985839177
 31
0.0
  0
LINE
  5
9C6
330
A
100
AcDbEntity
  8
1.2FILL
  6
Continuous
 48
24.0
370
     0
 62
     3
284
     3
100
AcDbLine
 10
129.6108703613281
 20
-75.79369858391769
 30
0.0
 11
129.6108245849609
 21
-71.7936985839177
 31
0.0
  0
LINE
  5
9C7
330
A
100
AcDbEntity
  8
1.2FILL
  6
Continuous
 48
24.0
370
     0
 62
     3
284
     3
100
AcDbLine
 10
129.6108245849609
 20
-71.7936985839177
 30
0.0
 11
128.1103363037109
 21
-71.7936985839177
 31
0.0
  0
LINE
  5
9C8
330
A
100
AcDbEntity
  8
1.2FILL
  6
Continuous
 48
24.0
370
     0
 62
     3
284
     3
100
AcDbLine
 10
125.6103363037109
 20
-71.7936985839177
 30
0.0
 11
123.7358245849609
 21
-71.7936985839177
 31
0.0
  0
LINE
  5
9C9
330
A
100
AcDbEntity
  8
1.2FILL
  6
Continuous
 48
24.0
370
     0
 62
     3
284
     3
100
AcDbLine
 10
125.6103363037109
 20
-71.7936985839177
 30
0.0
 11
125.6103363037109
 21
-71.0436985839177
 31
0.0
  0
LINE
  5
9CA
330
A
100
AcDbEntity
  8
1.2FILL
  6
Continuous
 48
24.0
370
     0
 62
     3
284
     3
100
AcDbLine
 10
128.1103363037109
 20
-71.7936985839177
 30
0.0
 11
128.1103363037109
 21
-71.0436985839177
 31
0.0
  0
LINE
  5
9CB
330
A
100
AcDbEntity
  8
1.2FILL
  6
Continuous
 48
24.0
370
     0
 62
     3
284
     3
100
AcDbLine
 10
128.1103363037109
 20
-71.0436985839177
 30
0.0
 11
125.6103363037109
 21
-71.0436985839177
 31
0.0
  0
LINE
  5
9CC
330
A
100
AcDbEntity
  8
1.2FILL
  6
Continuous
 48
12.0
370
     0
 62
     3
284
     3
100
AcDbLine
 10
129.6108703613281
 20
-75.79369858391769
 30
0.0
 11
128.9858703613281
 21
-75.79369858391769
 31
0.0
  0
LINE
  5
9CD
330
A
100
AcDbEntity
  8
1.2FILL
  6
Continuous
 48
12.0
370
     0
 62
     3
284
     3
100
AcDbLine
 10
123.7358703613281
 20
-75.79369858391769
 30
0.0
 11
124.3608703613281
 21
-75.79369858391769
 31
0.0
  0
ARC
  5
9CE
330
A
100
AcDbEntity
  8
1.2FILL
  6
Continuous
370
     0
 62
     1
284
     3
100
AcDbCircle
 10
129.6108551025391
 20
-71.79369858391769
 30
0.0
 40
23.88835244983949
100
AcDbArc
 50
0.0
 51
90.0
  0
HATCH
  5
9D1
330
A
100
AcDbEntity
  8
1.2FILL
  6
Continuous
 48
8.0
370
     0
 62
     7
284
     3
100
AcDbHatch
 10
0.0
 20
0.0
 30
0.0
210
0.0
220
0.0
230
1.0
  2
SOLID
 70
     1
 71
     0
 91
        1
 92
        2
 72
     0
 73
     1
 93
        8
 10
99.076729
 20
20.724857
 10
102.576729
 20
20.724857
 10
102.576729
 20
35.224861
 10
86.199619
 20
35.224861
 10
86.199619
 20
68.224861
 10
85.232004
 20
68.224861
 10
85.199619
 20
31.724861
 10
99.076729
 20
31.724861
 97
        0
 75
     0
 76
     2
 98
        0
  0
HATCH
  5
9D4
330
A
100
AcDbEntity
  8
1.2FILL
  6
Continuous
 48
8.0
370
     0
 62
     7
284
     3
100
AcDbHatch
 10
0.0
 20
0.0
 30
0.0
210
0.0
220
0.0
230
1.0
  2
SOLID
 70
     1
 71
     0
 91
        1
 92
        2
 72
     0
 73
     1
 93
        2
 10
80.699619
 20
55.724861
 10
80.699619
 20
52.224861
 97
        0
 75
     0
 76
     2
 98
        0
  0
HATCH
  5
9D7
330
A
100
AcDbEntity
  8
1.2FILL
  6
Continuous
 48
8.0
370
     0
 62
     7
284
     3
100
AcDbHatch
 10
0.0
 20
0.0
 30
0.0
210
0.0
220
0.0
230
1.0
  2
SOLID
 70
     1
 71
     0
 91
        1
 92
        2
 72
     0
 73
     1
 93
        4
 10
119.949619
 20
71.724861
 10
153.949619
 20
71.724861
 10
153.949619
 20
68.224861
 10
119.949619
 20
68.224861
 97
        0
 75
     0
 76
     2
 98
        0
  0
HATCH
  5
9DA
330
A
100
AcDbEntity
  8
1.2FILL
  6
Continuous
 48
8.0
370
     0
 62
     7
284
     3
100
AcDbHatch
 10
0.0
 20
0.0
 30
0.0
210
0.0
220
0.0
230
1.0
  2
SOLID
 70
     1
 71
     0
 91
        1
 92
        2
 72
     0
 73
     1
 93
        6
 10
119.949619
 20
71.724861
 10
80.699619
 20
71.724861
 10
80.699619
 20
31.724861
 10
85.199619
 20
31.724861
 10
85.232004
 20
68.224861
 10
119.949619
 20
68.224861
 97
        0
 75
     0
 76
     2
 98
        0
  0
HATCH
  5
9DD
330
A
100
AcDbEntity
  8
1.2FILL
  6
Continuous
 48
8.0
370
     0
 62
     7
284
     3
100
AcDbHatch
 10
0.0
 20
0.0
 30
0.0
210
0.0
220
0.0
230
1.0
  2
SOLID
 70
     1
 71
     0
 91
        1
 92
        2
 72
     0
 73
     1
 93
        4
 10
6.951729
 20
60.109958
 10
6.951729
 20
55.724861
 10
10.451728
 20
55.724861
 10
10.451728
 20
60.109958
 97
        0
 75
     0
 76
     2
 98
        0
  0
HATCH
  5
9E0
330
A
100
AcDbEntity
  8
1.2FILL
  6
Continuous
 48
8.0
370
     0
 62
     7
284
     3
100
AcDbHatch
 10
0.0
 20
0.0
 30
0.0
210
0.0
220
0.0
230
1.0
  2
SOLID
 70
     1
 71
     0
 91
        1
 92
        2
 72
     0
 73
     1
 93
        4
 10
6.95173
 20
120.724861
 10
6.95173
 20
94.10995800000001
 10
10.451728
 20
94.109962
 10
10.451728
 20
120.724861
 97
        0
 75
     0
 76
     2
 98
        0
  0
HATCH
  5
9E3
330
A
100
AcDbEntity
  8
1.2FILL
  6
Continuous
 48
8.0
370
     0
 62
     7
284
     3
100
AcDbHatch
 10
0.0
 20
0.0
 30
0.0
210
0.0
220
0.0
230
1.0
  2
SOLID
 70
     1
 71
     0
 91
        1
 92
        2
 72
     0
 73
     1
 93
       11
 10
30.45173
 20
224.224853
 10
33.951729
 20
224.224853
 10
33.951729
 20
202.974857
 10
34.451729
 20
202.974857
 10
34.451729
 20
223.724853
 10
48.701736
 20
223.724853
 10
48.701736
 20
229.724853
 10
-106.798268
 20
229.724853
 10
-106.798268
 20
224.224853
 10
-7.423271
 20
224.224853
 10
-3.923271
 20
224.224853
 97
        0
 75
     0
 76
     2
 98
        0
  0
LINE
  5
9E4
330
A
100
AcDbEntity
  8
1.2FILL
  6
Continuous
 48
8.0
370
     0
 62
    51
284
     3
100
AcDbLine
 10
-185.2982635498047
 20
78.974853515625
 30
0.0
 11
-206.1206553128481
 21
78.974853515625
 31
0.0
  0
LINE
  5
9E5
330
A
100
AcDbEntity
  8
1.2FILL
  6
Continuous
 48
8.0
370
     0
 62
    51
284
     3
100
AcDbLine
 10
-185.2982635498047
 20
68.974853515625
 30
0.0
 11
-206.1206553128481
 21
68.974853515625
 31
0.0
  0
LINE
  5
9E6
330
A
100
AcDbEntity
  8
1.2FILL
  6
Continuous
 48
8.0
370
     0
 62
    51
284
     3
100
AcDbLine
 10
-185.2982635516682
 20
35.81971021348754
 30
0.0
 11
-206.1206553147117
 21
35.81971021348754
 31
0.0
  0
LINE
  5
9E7
330
A
100
AcDbEntity
  8
1.2FILL
  6
Continuous
 48
8.0
370
     0
 62
    51
284
     3
100
AcDbLine
 10
-185.2982635498047
 20
-51.025146484375
 30
0.0
 11
-206.1206553128481
 21
-51.025146484375
 31
0.0
  0
HATCH
  5
9EA
330
A
100
AcDbEntity
  8
1.2FILL
  6
Continuous
 48
8.0
370
     0
 62
     7
284
     3
100
AcDbHatch
 10
0.0
 20
0.0
 30
0.0
210
0.0
220
0.0
230
1.0
  2
SOLID
 70
     1
 71
     0
 91
        1
 92
        2
 72
     0
 73
     1
 93
        4
 10
-191.298269
 20
-139.025147
 10
-185.798267
 20
-139.025147
 10
-185.798267
 20
-143.780395
 10
-191.298269
 20
-143.780395
 97
        0
 75
     0
 76
     2
 98
        0
  0
LINE
  5
9EB
330
A
100
AcDbEntity
  8
1.2FILL
  6
Continuous
 48
24.0
370
     0
 62
     3
284
     3
100
AcDbLine
 10
-45.7982700280979
 20
-64.52514648437499
 30
0.0
 11
-141.7982700280979
 21
-64.52514648437499
 31
0.0
  0
LINE
  5
9EC
330
A
100
AcDbEntity
  8
1.2FILL
  6
Continuous
 48
24.0
370
     0
 62
     3
284
     3
100
AcDbLine
 10
-141.7982700280979
 20
-64.52514648437499
 30
0.0
 11
-141.7982699804161
 21
-86.52514639009506
 31
0.0
  0
HATCH
  5
9EF
330
A
100
AcDbEntity
  8
1.2FILL
  6
Continuous
 48
8.0
370
     0
 62
     7
284
     3
100
AcDbHatch
 10
0.0
 20
0.0
 30
0.0
210
0.0
220
0.0
230
1.0
  2
SOLID
 70
     1
 71
     0
 91
        1
 92
        2
 72
     0
 73
     1
 93
        7
 10
-41.798271
 20
-23.599156
 10
-45.298272
 20
-23.599156
 10
-47.798272
 20
-23.599156
 10
-47.798272
 20
-27.099156
 10
-45.298272
 20
-27.062151
 10
-45.298272
 20
-30.525147
 10
-41.798271
 20
-30.525147
 97
        0
 75
     0
 76
     2
 98
        0
  0
HATCH
  5
9F2
330
A
100
AcDbEntity
  8
1.2FILL
  6
Continuous
 48
8.0
370
     0
 62
     7
284
     3
100
AcDbHatch
 10
0.0
 20
0.0
 30
0.0
210
0.0
220
0.0
230
1.0
  2
SOLID
 70
     1
 71
     0
 91
        1
 92
        2
 72
     0
 73
     1
 93
        4
 10
-41.798272
 20
-60.52303
 10
-45.298272
 20
-60.52303
 10
-45.298272
 20
-80.514096
 10
-41.798272
 20
-80.514096
 97
        0
 75
     0
 76
     2
 98
        0
  0
TEXT
  5
9F3
330
A
100
AcDbEntity
  8
1.2NOTES
  6
Continuous
 48
2.0
370
     0
 62
   132
284
     3
100
AcDbText
 10
-188.2317618386788
 20
-419.2272133234839
 30
0.0
 40
12.0
  1
SECOND  FLOOR  PLAN
 41
0.8333333333333334
  7
DCADTXTSTYLE20
 11
-188.2317618386788
 21
-419.2272133234839
 31
0.0
100
AcDbText
 73
     1
  0
LINE
  5
9F5
330
A
100
AcDbEntity
  8
1.2NOTES
  6
Continuous
 48
2.0
370
     0
 62
     3
284
     3
100
AcDbLine
 10
-191.7754630105536
 20
-423.1253151301248
 30
0.0
 11
136.2598590995301
 21
-423.1253151301245
 31
0.0
  0
LINE
  5
9F6
330
A
100
AcDbEntity
  8
1.2NOTES
  6
Continuous
 48
2.0
370
     0
 62
     3
284
     3
100
AcDbLine
 10
-191.7754630105536
 20
-423.1253151301248
 30
0.0
 11
136.2598590995301
 21
-423.1253151301245
 31
0.0
  0
TEXT
  5
9F7
330
A
100
AcDbEntity
  8
1.2NOTES
  6
Continuous
 48
2.0
370
     0
 62
     3
284
     3
100
AcDbText
 10
79.42740060343633
 20
-433.8401588801246
 30
0.0
 40
6.0
  1
SCALE: 1/4"=1'-0"
 41
0.8333333333333334
  7
DCADTXTSTYLE21
 11
79.42740060343633
 21
-433.8401588801246
 31
0.0
100
AcDbText
 73
     1
  0
LINE
  5
9F9
330
A
100
AcDbEntity
  8
1.2NOTES
  6
Continuous
 48
2.0
370
     0
 62
     7
284
     3
100
AcDbLine
 10
-191.7754630105536
 20
-426.1253151301249
 30
0.0
 11
0.02314904413637464
 21
-426.1253151301248
 31
0.0
  0
LINE
  5
9FA
330
A
100
AcDbEntity
  8
1.2NOTES
  6
Continuous
 48
2.0
370
     0
 62
     7
284
     3
100
AcDbLine
 10
-191.7754630105536
 20
-426.1253151301249
 30
0.0
 11
0.02314904413637464
 21
-426.1253151301248
 31
0.0
  0
TEXT
  5
9FB
330
A
100
AcDbEntity
  8
1.2NOTES
  6
Continuous
 48
6.0
370
     0
 62
     3
284
     3
100
AcDbText
 10
-185.008603466115
 20
-434.6066536311012
 30
0.0
 40
6.0
  1
1,582 Square feet Second Floor
 41
0.8333333333333334
  7
DCADTXTSTYLE22
 11
-185.008603466115
 21
-434.6066536311012
 31
0.0
100
AcDbText
 73
     1
  0
TEXT
  5
9FD
330
A
100
AcDbEntity
  8
1.2NOTES
  6
Continuous
 48
6.0
370
     0
 62
    51
284
     3
100
AcDbText
 10
-184.9369854526738
 20
-442.7809543819151
 30
0.0
 40
6.0
  1
1,248 Square feet Bonus Room
 41
0.8333333333333334
  7
DCADTXTSTYLE23
 11
-184.9369854526738
 21
-442.7809543819151
 31
0.0
100
AcDbText
 73
     1
  0
TEXT
  5
9FF
330
A
100
AcDbEntity
  8
1.2NOTES
  6
Continuous
 48
6.0
370
     0
 62
    51
284
     3
100
AcDbText
 10
-184.4098672849267
 20
-454.2632445401281
 30
0.0
 40
6.0
  1
3,034 Gross Square Feet Total Area
 41
0.8333333333333334
  7
DCADTXTSTYLE24
 11
-184.4098672849267
 21
-454.2632445401281
 31
0.0
100
AcDbText
 73
     1
  0
ARC
  5
A01
330
A
100
AcDbEntity
  8
1.2NOTES
  6
Continuous
 48
12.0
370
     0
 62
     1
284
     3
100
AcDbCircle
 10
178.2632387912053
 20
-424.7180494300844
 30
0.0
 40
24.00000001129807
100
AcDbArc
 50
153.6452886007185
 51
513.6450040639868
  0
LINE
  5
A02
330
A
100
AcDbEntity
  8
1.2NOTES
  6
Continuous
 48
12.0
370
     0
 62
    51
284
     3
100
AcDbLine
 10
197.5525179667747
 20
-435.297449620179
 30
0.0
 11
188.8426394407047
 21
-405.4287694012142
 31
0.0
  0
LINE
  5
A03
330
A
100
AcDbEntity
  8
1.2NOTES
  6
Continuous
 48
12.0
370
     0
 62
    51
284
     3
100
AcDbLine
 10
192.1967617118035
 20
-431.2195010332617
 30
0.0
 11
185.002572437203
 21
-406.5485550624713
 31
0.0
  0
LINE
  5
A04
330
A
100
AcDbEntity
  8
1.2NOTES
  6
Continuous
 48
12.0
370
     0
 62
    51
284
     3
100
AcDbLine
 10
197.5525179667747
 20
-435.297449620179
 30
0.0
 11
167.6838390425825
 21
-444.007327768686
 31
0.0
  0
LINE
  5
A05
330
A
100
AcDbEntity
  8
1.2NOTES
  6
Continuous
 48
12.0
370
     0
 62
    51
284
     3
100
AcDbLine
 10
191.2349980573434
 20
-432.9730718681469
 30
0.0
 11
166.5640533813255
 21
-440.1672607651843
 31
0.0
  0
LINE
  5
A06
330
A
100
AcDbEntity
  8
1.2NOTES
  6
Continuous
 48
12.0
370
     0
 62
    51
284
     3
100
AcDbLine
 10
167.6838390425825
 20
-444.007327768686
 30
0.0
 11
166.5640533813255
 21
-440.1672607651843
 31
0.0
  0
LINE
  5
A07
330
A
100
AcDbEntity
  8
1.2NOTES
  6
Continuous
 48
12.0
370
     0
 62
    51
284
     3
100
AcDbLine
 10
188.8426394407047
 20
-405.4287694012142
 30
0.0
 11
185.002572437203
 21
-406.5485550624713
 31
0.0
  0
LINE
  5
A08
330
A
100
AcDbEntity
  8
1.2NOTES
  6
Continuous
 48
12.0
370
     0
 62
    51
284
     3
100
AcDbLine
 10
156.7600565954093
 20
-414.0649416528651
 30
0.0
 11
191.2349980573434
 21
-432.9730718681469
 31
0.0
  0
LINE
  5
A09
330
A
100
AcDbEntity
  8
1.2NOTES
  6
Continuous
 48
12.0
370
     0
 62
    51
284
     3
100
AcDbLine
 10
157.7218202498693
 20
-412.3113708179799
 30
0.0
 11
192.1967617118035
 21
-431.2195010332617
 31
0.0
  0
LINE
  5
A0A
330
A
100
AcDbEntity
  8
1.2NOTES
  6
Continuous
 48
12.0
370
     0
 62
     1
284
     3
100
AcDbLine
 10
200.7803474592797
 20
-423.4198642083788
 30
0.0
 11
178.3711429005909
 21
-401.8368257048028
 31
0.0
  0
LINE
  5
A0B
330
A
100
AcDbEntity
  8
1.2NOTES
  6
Continuous
 48
12.0
370
     0
 62
     1
284
     3
100
AcDbLine
 10
194.1058841712658
 20
-422.5450330491475
 30
0.0
 11
175.596319382929
 21
-404.7178652679415
 31
0.0
  0
LINE
  5
A0C
330
A
100
AcDbEntity
  8
1.2NOTES
  6
Continuous
 48
12.0
370
     0
 62
     1
284
     3
100
AcDbLine
 10
200.7803474592797
 20
-423.4198642083788
 30
0.0
 11
179.1973089557036
 21
-445.8290687670676
 31
0.0
  0
LINE
  5
A0D
330
A
100
AcDbEntity
  8
1.2NOTES
  6
Continuous
 48
12.0
370
     0
 62
     1
284
     3
100
AcDbLine
 10
194.1434371737709
 20
-424.5446804610688
 30
0.0
 11
176.3162693925649
 21
-443.0542452494057
 31
0.0
  0
LINE
  5
A0E
330
A
100
AcDbEntity
  8
1.2NOTES
  6
Continuous
 48
12.0
370
     0
 62
     1
284
     3
100
AcDbLine
 10
179.1973089557036
 20
-445.8290687670676
 30
0.0
 11
176.3162693925649
 21
-443.0542452494057
 31
0.0
  0
LINE
  5
A0F
330
A
100
AcDbEntity
  8
1.2NOTES
  6
Continuous
 48
12.0
370
     0
 62
     1
284
     3
100
AcDbLine
 10
178.3711429005909
 20
-401.8368257048028
 30
0.0
 11
175.596319382929
 21
-404.7178652679415
 31
0.0
  0
LINE
  5
A10
330
A
100
AcDbEntity
  8
1.2NOTES
  6
Continuous
 48
12.0
370
     0
 62
     1
284
     3
100
AcDbLine
 10
154.8306668544546
 20
-425.2829668977092
 30
0.0
 11
194.1434371737709
 21
-424.5446804610688
 31
0.0
  0
LINE
  5
A11
330
A
100
AcDbEntity
  8
1.2NOTES
  6
Continuous
 48
12.0
370
     0
 62
     1
284
     3
100
AcDbLine
 10
154.7931138519496
 20
-423.283319485788
 30
0.0
 11
194.1058841712658
 21
-422.5450330491475
 31
0.0
  0
LINE
  5
A12
330
A
100
AcDbEntity
  8
1.2NOTES
  6
Continuous
 48
12.0
370
     0
 62
     1
284
     3
100
AcDbLine
 10
154.7931138519496
 20
-423.283319485788
 30
0.0
 11
154.8280756096732
 21
-425.2831376526356
 31
0.0
  0
LINE
  5
A13
330
A
100
AcDbEntity
  8
1.2NOTES
  6
Continuous
 48
12.0
370
     0
 62
     1
284
     3
100
AcDbLine
 10
178.2791697251496
 20
-401.9323194742291
 30
0.0
 11
178.4666366700172
 21
-401.9287988802442
 31
0.0
  0
LINE
  5
A14
330
A
100
AcDbEntity
  8
1.2NOTES
  6
Continuous
 48
12.0
370
     0
 62
     1
284
     3
100
AcDbLine
 10
177.8193038479427
 20
-402.4097883213601
 30
0.0
 11
178.9441055171482
 21
-402.3886647574511
 31
0.0
  0
LINE
  5
A15
330
A
100
AcDbEntity
  8
1.2NOTES
  6
Continuous
 48
12.0
370
     0
 62
     1
284
     3
100
AcDbLine
 10
177.3594379707358
 20
-402.8872571684914
 30
0.0
 11
179.4215743642794
 21
-402.848530634658
 31
0.0
  0
LINE
  5
A16
330
A
100
AcDbEntity
  8
1.2NOTES
  6
Continuous
 48
12.0
370
     0
 62
     1
284
     3
100
AcDbLine
 10
176.899572093529
 20
-403.3647260156225
 30
0.0
 11
179.8990432114107
 21
-403.3083965118648
 31
0.0
  0
LINE
  5
A17
330
A
100
AcDbEntity
  8
1.2NOTES
  6
Continuous
 48
12.0
370
     0
 62
     1
284
     3
100
AcDbLine
 10
176.439706216322
 20
-403.8421948627536
 30
0.0
 11
180.3765120585417
 21
-403.7682623890716
 31
0.0
  0
LINE
  5
A18
330
A
100
AcDbEntity
  8
1.2NOTES
  6
Continuous
 48
12.0
370
     0
 62
     1
284
     3
100
AcDbLine
 10
175.9798403391152
 20
-404.3196637098849
 30
0.0
 11
180.8539809056728
 21
-404.2281282662786
 31
0.0
  0
LINE
  5
A19
330
A
100
AcDbEntity
  8
1.2NOTES
  6
Continuous
 48
12.0
370
     0
 62
     1
284
     3
100
AcDbLine
 10
175.6755866720034
 20
-404.794210188962
 30
0.0
 11
181.331449752804
 21
-404.6879941434855
 31
0.0
  0
LINE
  5
A1A
330
A
100
AcDbEntity
  8
1.2NOTES
  6
Continuous
 48
12.0
370
     0
 62
     1
284
     3
100
AcDbLine
 10
176.1530555191345
 20
-405.254076066169
 30
0.0
 11
181.8089185999353
 21
-405.1478600206923
 31
0.0
  0
LINE
  5
A1B
330
A
100
AcDbEntity
  8
1.2NOTES
  6
Continuous
 48
12.0
370
     0
 62
     1
284
     3
100
AcDbLine
 10
176.6305243662657
 20
-405.713941943376
 30
0.0
 11
182.2863874470663
 21
-405.6077258978992
 31
0.0
  0
LINE
  5
A1C
330
A
100
AcDbEntity
  8
1.2NOTES
  6
Continuous
 48
12.0
370
     0
 62
     1
284
     3
100
AcDbLine
 10
177.1079932133968
 20
-406.1738078205829
 30
0.0
 11
182.7638562941974
 21
-406.0675917751061
 31
0.0
  0
LINE
  5
A1D
330
A
100
AcDbEntity
  8
1.2NOTES
  6
Continuous
 48
12.0
370
     0
 62
     1
284
     3
100
AcDbLine
 10
177.5854620605281
 20
-406.6336736977896
 30
0.0
 11
183.2413251413286
 21
-406.5274576523131
 31
0.0
  0
LINE
  5
A1E
330
A
100
AcDbEntity
  8
1.2NOTES
  6
Continuous
 48
12.0
370
     0
 62
     1
284
     3
100
AcDbLine
 10
178.0629309076591
 20
-407.0935395749966
 30
0.0
 11
183.7187939884599
 21
-406.9873235295198
 31
0.0
  0
LINE
  5
A1F
330
A
100
AcDbEntity
  8
1.2NOTES
  6
Continuous
 48
12.0
370
     0
 62
     1
284
     3
100
AcDbLine
 10
178.5403997547903
 20
-407.5534054522034
 30
0.0
 11
184.196262835591
 21
-407.4471894067267
 31
0.0
  0
LINE
  5
A20
330
A
100
AcDbEntity
  8
1.2NOTES
  6
Continuous
 48
12.0
370
     0
 62
     1
284
     3
100
AcDbLine
 10
179.0178686019217
 20
-408.0132713294103
 30
0.0
 11
184.6737316827221
 21
-407.9070552839337
 31
0.0
  0
LINE
  5
A21
330
A
100
AcDbEntity
  8
1.2NOTES
  6
Continuous
 48
12.0
370
     0
 62
     1
284
     3
100
AcDbLine
 10
179.4953374490527
 20
-408.4731372066171
 30
0.0
 11
185.1512005298533
 21
-408.3669211611405
 31
0.0
  0
LINE
  5
A22
330
A
100
AcDbEntity
  8
1.2NOTES
  6
Continuous
 48
12.0
370
     0
 62
     1
284
     3
100
AcDbLine
 10
179.9728062961838
 20
-408.933003083824
 30
0.0
 11
185.6286693769844
 21
-408.8267870383474
 31
0.0
  0
LINE
  5
A23
330
A
100
AcDbEntity
  8
1.2NOTES
  6
Continuous
 48
12.0
370
     0
 62
     1
284
     3
100
AcDbLine
 10
180.450275143315
 20
-409.3928689610311
 30
0.0
 11
186.1061382241156
 21
-409.2866529155543
 31
0.0
  0
LINE
  5
A24
330
A
100
AcDbEntity
  8
1.2NOTES
  6
Continuous
 48
12.0
370
     0
 62
     1
284
     3
100
AcDbLine
 10
180.9277439904463
 20
-409.8527348382377
 30
0.0
 11
186.5836070712467
 21
-409.7465187927613
 31
0.0
  0
LINE
  5
A25
330
A
100
AcDbEntity
  8
1.2NOTES
  6
Continuous
 48
12.0
370
     0
 62
     1
284
     3
100
AcDbLine
 10
181.4052128375772
 20
-410.3126007154445
 30
0.0
 11
187.0610759183778
 21
-410.2063846699679
 31
0.0
  0
LINE
  5
A26
330
A
100
AcDbEntity
  8
1.2NOTES
  6
Continuous
 48
12.0
370
     0
 62
     1
284
     3
100
AcDbLine
 10
181.8826816847083
 20
-410.7724665926515
 30
0.0
 11
187.5385447655089
 21
-410.6662505471749
 31
0.0
  0
LINE
  5
A27
330
A
100
AcDbEntity
  8
1.2NOTES
  6
Continuous
 48
12.0
370
     0
 62
     1
284
     3
100
AcDbLine
 10
182.3601505318396
 20
-411.2323324698583
 30
0.0
 11
188.0160136126401
 21
-411.1261164243817
 31
0.0
  0
LINE
  5
A28
330
A
100
AcDbEntity
  8
1.2NOTES
  6
Continuous
 48
12.0
370
     0
 62
     1
284
     3
100
AcDbLine
 10
182.8376193789707
 20
-411.6921983470651
 30
0.0
 11
188.4934824597712
 21
-411.5859823015887
 31
0.0
  0
LINE
  5
A29
330
A
100
AcDbEntity
  8
1.2NOTES
  6
Continuous
 48
12.0
370
     0
 62
     1
284
     3
100
AcDbLine
 10
183.3150882261019
 20
-412.1520642242721
 30
0.0
 11
188.9709513069025
 21
-412.0458481787954
 31
0.0
  0
LINE
  5
A2A
330
A
100
AcDbEntity
  8
1.2NOTES
  6
Continuous
 48
12.0
370
     0
 62
     1
284
     3
100
AcDbLine
 10
183.792557073233
 20
-412.6119301014791
 30
0.0
 11
189.4484201540335
 21
-412.5057140560023
 31
0.0
  0
LINE
  5
A2B
330
A
100
AcDbEntity
  8
1.2NOTES
  6
Continuous
 48
12.0
370
     0
 62
     1
284
     3
100
AcDbLine
 10
184.2700259203643
 20
-413.0717959786858
 30
0.0
 11
189.9258890011647
 21
-412.9655799332094
 31
0.0
  0
LINE
  5
A2C
330
A
100
AcDbEntity
  8
1.2NOTES
  6
Continuous
 48
12.0
370
     0
 62
     1
284
     3
100
AcDbLine
 10
184.7474947674955
 20
-413.5316618558928
 30
0.0
 11
190.4033578482961
 21
-413.425445810416
 31
0.0
  0
LINE
  5
A2D
330
A
100
AcDbEntity
  8
1.2NOTES
  6
Continuous
 48
12.0
370
     0
 62
     1
284
     3
100
AcDbLine
 10
185.2249636146264
 20
-413.9915277330996
 30
0.0
 11
190.8808266954271
 21
-413.8853116876228
 31
0.0
  0
LINE
  5
A2E
330
A
100
AcDbEntity
  8
1.2NOTES
  6
Continuous
 48
12.0
370
     0
 62
     1
284
     3
100
AcDbLine
 10
185.7024324617575
 20
-414.4513936103066
 30
0.0
 11
191.3582955425581
 21
-414.34517756483
 31
0.0
  0
LINE
  5
A2F
330
A
100
AcDbEntity
  8
1.2NOTES
  6
Continuous
 48
12.0
370
     0
 62
     1
284
     3
100
AcDbLine
 10
186.1799013088889
 20
-414.9112594875134
 30
0.0
 11
191.8357643896893
 21
-414.8050434420368
 31
0.0
  0
LINE
  5
A30
330
A
100
AcDbEntity
  8
1.2NOTES
  6
Continuous
 48
12.0
370
     0
 62
     1
284
     3
100
AcDbLine
 10
186.6573701560199
 20
-415.3711253647202
 30
0.0
 11
192.3132332368205
 21
-415.2649093192435
 31
0.0
  0
LINE
  5
A31
330
A
100
AcDbEntity
  8
1.2NOTES
  6
Continuous
 48
12.0
370
     0
 62
     1
284
     3
100
AcDbLine
 10
187.1348390031511
 20
-415.8309912419272
 30
0.0
 11
192.7907020839517
 21
-415.7247751964505
 31
0.0
  0
LINE
  5
A32
330
A
100
AcDbEntity
  8
1.2NOTES
  6
Continuous
 48
12.0
370
     0
 62
     1
284
     3
100
AcDbLine
 10
187.6123078502822
 20
-416.290857119134
 30
0.0
 11
193.2681709310827
 21
-416.1846410736574
 31
0.0
  0
LINE
  5
A33
330
A
100
AcDbEntity
  8
1.2NOTES
  6
Continuous
 48
12.0
370
     0
 62
     1
284
     3
100
AcDbLine
 10
188.0897766974133
 20
-416.7507229963408
 30
0.0
 11
193.745639778214
 21
-416.644506950864
 31
0.0
  0
LINE
  5
A34
330
A
100
AcDbEntity
  8
1.2NOTES
  6
Continuous
 48
12.0
370
     0
 62
     1
284
     3
100
AcDbLine
 10
188.5672455445444
 20
-417.2105888735477
 30
0.0
 11
194.2231086253451
 21
-417.1043728280711
 31
0.0
  0
LINE
  5
A35
330
A
100
AcDbEntity
  8
1.2NOTES
  6
Continuous
 48
12.0
370
     0
 62
     1
284
     3
100
AcDbLine
 10
189.0447143916756
 20
-417.6704547507548
 30
0.0
 11
194.7005774724763
 21
-417.564238705278
 31
0.0
  0
LINE
  5
A36
330
A
100
AcDbEntity
  8
1.2NOTES
  6
Continuous
 48
12.0
370
     0
 62
     1
284
     3
100
AcDbLine
 10
189.5221832388068
 20
-418.1303206279614
 30
0.0
 11
195.1780463196074
 21
-418.0241045824849
 31
0.0
  0
LINE
  5
A37
330
A
100
AcDbEntity
  8
1.2NOTES
  6
Continuous
 48
12.0
370
     0
 62
     1
284
     3
100
AcDbLine
 10
189.999652085938
 20
-418.5901865051684
 30
0.0
 11
195.6555151667387
 21
-418.4839704596917
 31
0.0
  0
LINE
  5
A38
330
A
100
AcDbEntity
  8
1.2NOTES
  6
Continuous
 48
12.0
370
     0
 62
     1
284
     3
100
AcDbLine
 10
190.4771209330691
 20
-419.0500523823754
 30
0.0
 11
196.1329840138698
 21
-418.9438363368985
 31
0.0
  0
LINE
  5
A39
330
A
100
AcDbEntity
  8
1.2NOTES
  6
Continuous
 48
12.0
370
     0
 62
     1
284
     3
100
AcDbLine
 10
190.9545897802002
 20
-419.5099182595822
 30
0.0
 11
196.610452861001
 21
-419.4037022141055
 31
0.0
  0
LINE
  5
A3A
330
A
100
AcDbEntity
  8
1.2NOTES
  6
Continuous
 48
12.0
370
     0
 62
     1
284
     3
100
AcDbLine
 10
191.4320586273314
 20
-419.969784136789
 30
0.0
 11
197.0879217081319
 21
-419.8635680913125
 31
0.0
  0
LINE
  5
A3B
330
A
100
AcDbEntity
  8
1.2NOTES
  6
Continuous
 48
12.0
370
     0
 62
     1
284
     3
100
AcDbLine
 10
191.9095274744626
 20
-420.4296500139959
 30
0.0
 11
197.5653905552633
 21
-420.3234339685191
 31
0.0
  0
LINE
  5
A3C
330
A
100
AcDbEntity
  8
1.2NOTES
  6
Continuous
 48
12.0
370
     0
 62
     1
284
     3
100
AcDbLine
 10
192.3869963215937
 20
-420.8895158912028
 30
0.0
 11
198.0428594023944
 21
-420.7832998457262
 31
0.0
  0
LINE
  5
A3D
330
A
100
AcDbEntity
  8
1.2NOTES
  6
Continuous
 48
12.0
370
     0
 62
     1
284
     3
100
AcDbLine
 10
192.864465168725
 20
-421.3493817684097
 30
0.0
 11
198.5203282495255
 21
-421.2431657229331
 31
0.0
  0
LINE
  5
A3E
330
A
100
AcDbEntity
  8
1.2NOTES
  6
Continuous
 48
12.0
370
     0
 62
     1
284
     3
100
AcDbLine
 10
193.3419340158561
 20
-421.8092476456165
 30
0.0
 11
198.9977970966567
 21
-421.7030316001398
 31
0.0
  0
LINE
  5
A3F
330
A
100
AcDbEntity
  8
1.2NOTES
  6
Continuous
 48
12.0
370
     0
 62
     1
284
     3
100
AcDbLine
 10
193.8194028629873
 20
-422.2691135228235
 30
0.0
 11
199.4752659437879
 21
-422.1628974773468
 31
0.0
  0
LINE
  5
A40
330
A
100
AcDbEntity
  8
1.2NOTES
  6
Continuous
 48
12.0
370
     0
 62
     1
284
     3
100
AcDbLine
 10
154.7963903483501
 20
-423.4707910147624
 30
0.0
 11
199.9527347909188
 21
-422.6227633545537
 31
0.0
  0
LINE
  5
A41
330
A
100
AcDbEntity
  8
1.2NOTES
  6
Continuous
 48
12.0
370
     0
 62
     1
284
     3
100
AcDbLine
 10
154.804581589351
 20
-423.9394698371982
 30
0.0
 11
200.43020363805
 21
-423.0826292317605
 31
0.0
  0
LINE
  5
A42
330
A
100
AcDbEntity
  8
1.2NOTES
  6
Continuous
 48
12.0
370
     0
 62
     1
284
     3
100
AcDbLine
 10
154.812772830352
 20
-424.4081486596342
 30
0.0
 11
200.6577165586911
 21
-423.5471892342806
 31
0.0
  0
LINE
  5
A43
330
A
100
AcDbEntity
  8
1.2NOTES
  6
Continuous
 48
12.0
370
     0
 62
     1
284
     3
100
AcDbLine
 10
154.820979327452
 20
-424.8768271955633
 30
0.0
 11
200.1978506814841
 21
-424.0246580814116
 31
0.0
  0
LINE
  5
A44
330
A
100
AcDbEntity
  8
1.2NOTES
  6
Continuous
 48
12.0
370
     0
 62
     1
284
     3
100
AcDbLine
 10
194.0821217234768
 20
-424.6083429740194
 30
0.0
 11
199.7379848042774
 21
-424.5021269285429
 31
0.0
  0
LINE
  5
A45
330
A
100
AcDbEntity
  8
1.2NOTES
  6
Continuous
 48
12.0
370
     0
 62
     1
284
     3
100
AcDbLine
 10
193.62225584627
 20
-425.0858118211507
 30
0.0
 11
199.2781189270706
 21
-424.979595775674
 31
0.0
  0
LINE
  5
A46
330
A
100
AcDbEntity
  8
1.2NOTES
  6
Continuous
 48
12.0
370
     0
 62
     1
284
     3
100
AcDbLine
 10
193.162389969063
 20
-425.5632806682816
 30
0.0
 11
198.8182530498635
 21
-425.4570646228051
 31
0.0
  0
LINE
  5
A47
330
A
100
AcDbEntity
  8
1.2NOTES
  6
Continuous
 48
12.0
370
     0
 62
     1
284
     3
100
AcDbLine
 10
192.7025240918562
 20
-426.0407495154129
 30
0.0
 11
198.3583871726568
 21
-425.9345334699364
 31
0.0
  0
LINE
  5
A48
330
A
100
AcDbEntity
  8
1.2NOTES
  6
Continuous
 48
12.0
370
     0
 62
     1
284
     3
100
AcDbLine
 10
192.2426582146493
 20
-426.518218362544
 30
0.0
 11
197.8985212954497
 21
-426.4120023170674
 31
0.0
  0
LINE
  5
A49
330
A
100
AcDbEntity
  8
1.2NOTES
  6
Continuous
 48
12.0
370
     0
 62
     1
284
     3
100
AcDbLine
 10
191.7827923374425
 20
-426.9956872096753
 30
0.0
 11
197.4386554182431
 21
-426.8894711641986
 31
0.0
  0
LINE
  5
A4A
330
A
100
AcDbEntity
  8
1.2NOTES
  6
Continuous
 48
12.0
370
     0
 62
     1
284
     3
100
AcDbLine
 10
191.3229264602355
 20
-427.4731560568064
 30
0.0
 11
196.978789541036
 21
-427.3669400113298
 31
0.0
  0
LINE
  5
A4B
330
A
100
AcDbEntity
  8
1.2NOTES
  6
Continuous
 48
12.0
370
     0
 62
     1
284
     3
100
AcDbLine
 10
190.8630605830285
 20
-427.9506249039377
 30
0.0
 11
196.5189236638292
 21
-427.8444088584609
 31
0.0
  0
LINE
  5
A4C
330
A
100
AcDbEntity
  8
1.2NOTES
  6
Continuous
 48
12.0
370
     0
 62
     1
284
     3
100
AcDbLine
 10
190.4031947058217
 20
-428.4280937510688
 30
0.0
 11
196.0590577866223
 21
-428.3218777055919
 31
0.0
  0
LINE
  5
A4D
330
A
100
AcDbEntity
  8
1.2NOTES
  6
Continuous
 48
12.0
370
     0
 62
     1
284
     3
100
AcDbLine
 10
189.9433288286147
 20
-428.9055625981999
 30
0.0
 11
195.5991919094155
 21
-428.7993465527233
 31
0.0
  0
LINE
  5
A4E
330
A
100
AcDbEntity
  8
1.2NOTES
  6
Continuous
 48
12.0
370
     0
 62
     1
284
     3
100
AcDbLine
 10
189.483462951408
 20
-429.383031445331
 30
0.0
 11
195.1393260322086
 21
-429.2768153998543
 31
0.0
  0
LINE
  5
A4F
330
A
100
AcDbEntity
  8
1.2NOTES
  6
Continuous
 48
12.0
370
     0
 62
     1
284
     3
100
AcDbLine
 10
189.023597074201
 20
-429.8605002924622
 30
0.0
 11
194.6794601550017
 21
-429.7542842469855
 31
0.0
  0
LINE
  5
A50
330
A
100
AcDbEntity
  8
1.2NOTES
  6
Continuous
 48
12.0
370
     0
 62
     1
284
     3
100
AcDbLine
 10
188.5637311969942
 20
-430.3379691395933
 30
0.0
 11
194.2195942777948
 21
-430.2317530941166
 31
0.0
  0
LINE
  5
A51
330
A
100
AcDbEntity
  8
1.2NOTES
  6
Continuous
 48
12.0
370
     0
 62
     1
284
     3
100
AcDbLine
 10
188.1038653197873
 20
-430.8154379867244
 30
0.0
 11
193.7597284005878
 21
-430.7092219412478
 31
0.0
  0
LINE
  5
A52
330
A
100
AcDbEntity
  8
1.2NOTES
  6
Continuous
 48
12.0
370
     0
 62
     1
284
     3
100
AcDbLine
 10
187.6439994425805
 20
-431.2929068338557
 30
0.0
 11
193.2998625233812
 21
-431.1866907883789
 31
0.0
  0
LINE
  5
A53
330
A
100
AcDbEntity
  8
1.2NOTES
  6
Continuous
 48
12.0
370
     0
 62
     1
284
     3
100
AcDbLine
 10
187.1841335653736
 20
-431.7703756809867
 30
0.0
 11
192.8399966461741
 21
-431.6641596355101
 31
0.0
  0
LINE
  5
A54
330
A
100
AcDbEntity
  8
1.2NOTES
  6
Continuous
 48
12.0
370
     0
 62
     1
284
     3
100
AcDbLine
 10
186.7242676881667
 20
-432.247844528118
 30
0.0
 11
192.3801307689673
 21
-432.1416284826412
 31
0.0
  0
LINE
  5
A55
330
A
100
AcDbEntity
  8
1.2NOTES
  6
Continuous
 48
12.0
370
     0
 62
     1
284
     3
100
AcDbLine
 10
186.2644018109599
 20
-432.725313375249
 30
0.0
 11
191.9202648917603
 21
-432.6190973297726
 31
0.0
  0
LINE
  5
A56
330
A
100
AcDbEntity
  8
1.2NOTES
  6
Continuous
 48
12.0
370
     0
 62
     1
284
     3
100
AcDbLine
 10
185.8045359337529
 20
-433.2027822223803
 30
0.0
 11
191.4603990145535
 21
-433.0965661769036
 31
0.0
  0
LINE
  5
A57
330
A
100
AcDbEntity
  8
1.2NOTES
  6
Continuous
 48
12.0
370
     0
 62
     1
284
     3
100
AcDbLine
 10
185.3446700565461
 20
-433.6802510695113
 30
0.0
 11
191.0005331373465
 21
-433.5740350240347
 31
0.0
  0
LINE
  5
A58
330
A
100
AcDbEntity
  8
1.2NOTES
  6
Continuous
 48
12.0
370
     0
 62
     1
284
     3
100
AcDbLine
 10
184.8848041793392
 20
-434.1577199166426
 30
0.0
 11
190.5406672601398
 21
-434.0515038711659
 31
0.0
  0
LINE
  5
A59
330
A
100
AcDbEntity
  8
1.2NOTES
  6
Continuous
 48
12.0
370
     0
 62
     1
284
     3
100
AcDbLine
 10
184.4249383021324
 20
-434.6351887637736
 30
0.0
 11
190.080801382933
 21
-434.5289727182969
 31
0.0
  0
LINE
  5
A5A
330
A
100
AcDbEntity
  8
1.2NOTES
  6
Continuous
 48
12.0
370
     0
 62
     1
284
     3
100
AcDbLine
 10
183.9650724249254
 20
-435.1126576109049
 30
0.0
 11
189.620935505726
 21
-435.0064415654281
 31
0.0
  0
LINE
  5
A5B
330
A
100
AcDbEntity
  8
1.2NOTES
  6
Continuous
 48
12.0
370
     0
 62
     1
284
     3
100
AcDbLine
 10
183.5052065477186
 20
-435.590126458036
 30
0.0
 11
189.1610696285192
 21
-435.4839104125592
 31
0.0
  0
LINE
  5
A5C
330
A
100
AcDbEntity
  8
1.2NOTES
  6
Continuous
 48
12.0
370
     0
 62
     1
284
     3
100
AcDbLine
 10
183.0453406705116
 20
-436.0675953051672
 30
0.0
 11
188.7012037513122
 21
-435.9613792596905
 31
0.0
  0
LINE
  5
A5D
330
A
100
AcDbEntity
  8
1.2NOTES
  6
Continuous
 48
12.0
370
     0
 62
     1
284
     3
100
AcDbLine
 10
182.5854747933049
 20
-436.5450641522983
 30
0.0
 11
188.2413378741055
 21
-436.4388481068216
 31
0.0
  0
LINE
  5
A5E
330
A
100
AcDbEntity
  8
1.2NOTES
  6
Continuous
 48
12.0
370
     0
 62
     1
284
     3
100
AcDbLine
 10
182.125608916098
 20
-437.0225329994294
 30
0.0
 11
187.7814719968985
 21
-436.9163169539529
 31
0.0
  0
LINE
  5
A5F
330
A
100
AcDbEntity
  8
1.2NOTES
  6
Continuous
 48
12.0
370
     0
 62
     1
284
     3
100
AcDbLine
 10
181.6657430388911
 20
-437.5000018465605
 30
0.0
 11
187.3216061196917
 21
-437.3937858010839
 31
0.0
  0
LINE
  5
A60
330
A
100
AcDbEntity
  8
1.2NOTES
  6
Continuous
 48
12.0
370
     0
 62
     1
284
     3
100
AcDbLine
 10
181.2058771616842
 20
-437.9774706936916
 30
0.0
 11
186.8617402424847
 21
-437.8712546482151
 31
0.0
  0
LINE
  5
A61
330
A
100
AcDbEntity
  8
1.2NOTES
  6
Continuous
 48
12.0
370
     0
 62
     1
284
     3
100
AcDbLine
 10
180.7460112844774
 20
-438.4549395408229
 30
0.0
 11
186.401874365278
 21
-438.3487234953462
 31
0.0
  0
LINE
  5
A62
330
A
100
AcDbEntity
  8
1.2NOTES
  6
Continuous
 48
12.0
370
     0
 62
     1
284
     3
100
AcDbLine
 10
180.2861454072706
 20
-438.932408387954
 30
0.0
 11
185.9420084880711
 21
-438.8261923424775
 31
0.0
  0
LINE
  5
A63
330
A
100
AcDbEntity
  8
1.2NOTES
  6
Continuous
 48
12.0
370
     0
 62
     1
284
     3
100
AcDbLine
 10
179.8262795300636
 20
-439.4098772350853
 30
0.0
 11
185.4821426108642
 21
-439.3036611896085
 31
0.0
  0
LINE
  5
A64
330
A
100
AcDbEntity
  8
1.2NOTES
  6
Continuous
 48
12.0
370
     0
 62
     1
284
     3
100
AcDbLine
 10
179.3664136528568
 20
-439.8873460822164
 30
0.0
 11
185.0222767336572
 21
-439.7811300367398
 31
0.0
  0
LINE
  5
A65
330
A
100
AcDbEntity
  8
1.2NOTES
  6
Continuous
 48
12.0
370
     0
 62
     1
284
     3
100
AcDbLine
 10
178.9065477756497
 20
-440.3648149293476
 30
0.0
 11
184.5624108564504
 21
-440.2585988838708
 31
0.0
  0
LINE
  5
A66
330
A
100
AcDbEntity
  8
1.2NOTES
  6
Continuous
 48
12.0
370
     0
 62
     1
284
     3
100
AcDbLine
 10
178.4466818984431
 20
-440.8422837764787
 30
0.0
 11
184.1025449792437
 21
-440.7360677310019
 31
0.0
  0
LINE
  5
A67
330
A
100
AcDbEntity
  8
1.2NOTES
  6
Continuous
 48
12.0
370
     0
 62
     1
284
     3
100
AcDbLine
 10
177.986816021236
 20
-441.3197526236098
 30
0.0
 11
183.6426791020367
 21
-441.2135365781331
 31
0.0
  0
LINE
  5
A68
330
A
100
AcDbEntity
  8
1.2NOTES
  6
Continuous
 48
12.0
370
     0
 62
     1
284
     3
100
AcDbLine
 10
177.5269501440292
 20
-441.7972214707409
 30
0.0
 11
183.1828132248299
 21
-441.6910054252642
 31
0.0
  0
LINE
  5
A69
330
A
100
AcDbEntity
  8
1.2NOTES
  6
Continuous
 48
12.0
370
     0
 62
     1
284
     3
100
AcDbLine
 10
177.0670842668223
 20
-442.2746903178722
 30
0.0
 11
182.7229473476229
 21
-442.1684742723954
 31
0.0
  0
LINE
  5
A6A
330
A
100
AcDbEntity
  8
1.2NOTES
  6
Continuous
 48
12.0
370
     0
 62
     1
284
     3
100
AcDbLine
 10
176.6072183896154
 20
-442.7521591650033
 30
0.0
 11
182.2630814704162
 21
-442.6459431195265
 31
0.0
  0
LINE
  5
A6B
330
A
100
AcDbEntity
  8
1.2NOTES
  6
Continuous
 48
12.0
370
     0
 62
     1
284
     3
100
AcDbLine
 10
176.4916521552936
 20
-443.2231621295621
 30
0.0
 11
181.8032155932092
 21
-443.1234119666578
 31
0.0
  0
LINE
  5
A6C
330
A
100
AcDbEntity
  8
1.2NOTES
  6
Continuous
 48
12.0
370
     0
 62
     1
284
     3
100
AcDbLine
 10
176.9691210024249
 20
-443.6830280067688
 30
0.0
 11
181.3433497160024
 21
-443.6008808137888
 31
0.0
  0
LINE
  5
A6D
330
A
100
AcDbEntity
  8
1.2NOTES
  6
Continuous
 48
12.0
370
     0
 62
     1
284
     3
100
AcDbLine
 10
177.446589849556
 20
-444.1428938839757
 30
0.0
 11
180.8834838387954
 21
-444.0783496609201
 31
0.0
  0
LINE
  5
A6E
330
A
100
AcDbEntity
  8
1.2NOTES
  6
Continuous
 48
12.0
370
     0
 62
     1
284
     3
100
AcDbLine
 10
177.9240586966871
 20
-444.6027597611827
 30
0.0
 11
180.4236179615886
 21
-444.5558185080512
 31
0.0
  0
LINE
  5
A6F
330
A
100
AcDbEntity
  8
1.2NOTES
  6
Continuous
 48
12.0
370
     0
 62
     1
284
     3
100
AcDbLine
 10
178.4015275438182
 20
-445.0626256383895
 30
0.0
 11
179.9637520843816
 21
-445.0332873551825
 31
0.0
  0
LINE
  5
A70
330
A
100
AcDbEntity
  8
1.2NOTES
  6
Continuous
 48
12.0
370
     0
 62
     1
284
     3
100
AcDbLine
 10
178.8789963909494
 20
-445.5224915155962
 30
0.0
 11
179.5038862071748
 21
-445.5107562023134
 31
0.0
  0
TEXT
  5
A71
330
A
100
AcDbEntity
  8
1.2NOTES
  6
Continuous
 48
16.0
370
     0
 62
     1
284
     3
100
AcDbText
 10
162.8547342042002
 20
-420.433697073904
 30
0.0
 40
6.0
  1
North
 50
1.075877500133883
 41
0.8333333333333334
  7
DCADTXTSTYLE25
 11
162.8547342042002
 21
-420.433697073904
 31
0.0
100
AcDbText
 73
     1
  0
TEXT
  5
A73
330
A
100
AcDbEntity
  8
1.2NOTES
  6
Continuous
 48
16.0
370
     0
 62
     3
284
     3
100
AcDbText
 10
153.563730889869
 20
-455.625825221618
 30
0.0
 40
6.0
  1
PROJECT NORTH
 41
0.8333333333333334
  7
DCADTXTSTYLE26
 11
153.563730889869
 21
-455.625825221618
 31
0.0
100
AcDbText
 73
     1
  0
LINE
  5
A75
330
A
100
AcDbEntity
  8
1.2NOTES
  6
Continuous
 48
2.0
370
     0
 62
     7
284
     3
100
AcDbLine
 10
-192.0431276792645
 20
-445.8044624694928
 30
0.0
 11
-49.65365399505393
 21
-445.8044624694926
 31
0.0
  0
TEXT
  5
A76
330
A
100
AcDbEntity
  8
1.2NOTES
  6
Continuous
 48
12.0
370
     0
 62
     3
284
     3
100
AcDbText
 10
-74.12223279163793
 20
-62.97476906103891
 30
0.0
 40
6.0
  1
Chute below
 41
0.6666666666666666
  7
DCADTXTSTYLE27
 11
-74.12223279163793
 21
-62.97476906103891
 31
0.0
100
AcDbText
 73
     1
  0
TEXT
  5
A78
330
A
100
AcDbEntity
  8
1.2RMNAMES
  6
Continuous
 48
8.0
370
     0
 62
     5
284
     3
100
AcDbText
 10
-126.2479081090048
 20
156.1693135321619
 30
0.0
 40
6.0
  1
BEDROOM
 41
0.8333333333333334
  7
DCADTXTSTYLE28
 11
-126.2479081090048
 21
156.1693135321619
 31
0.0
100
AcDbText
 73
     1
  0
TEXT
  5
A7A
330
A
100
AcDbEntity
  8
1.2RMNAMES
  6
Continuous
 48
8.0
370
     0
 62
     5
284
     3
100
AcDbText
 10
121.5278718659911
 20
-131.4681425391805
 30
0.0
 40
6.0
  1
PRIMARY  BEDROOM
 41
0.8333333333333334
  7
DCADTXTSTYLE29
 11
121.5278718659911
 21
-131.4681425391805
 31
0.0
100
AcDbText
 73
     1
  0
TEXT
  5
A7C
330
A
100
AcDbEntity
  8
1.2RMNAMES
  6
Continuous
 48
8.0
370
     0
 62
     5
284
     3
100
AcDbText
 10
107.6749690825293
 20
156.1693135321619
 30
0.0
 40
6.0
  1
BEDROOM
 41
0.8333333333333334
  7
DCADTXTSTYLE30
 11
107.6749690825293
 21
156.1693135321619
 31
0.0
100
AcDbText
 73
     1
  0
TEXT
  5
A7E
330
A
100
AcDbEntity
  8
1.2RMNAMES
  6
Continuous
 48
8.0
370
     0
 62
     5
284
     3
100
AcDbText
 10
-27.56298508117534
 20
-6.733116449686419
 30
0.0
 40
6.0
  1
HALL
 41
0.8333333333333334
  7
DCADTXTSTYLE31
 11
-27.56298508117534
 21
-6.733116449686419
 31
0.0
100
AcDbText
 73
     1
  0
TEXT
  5
A80
330
A
100
AcDbEntity
  8
1.2RMNAMES
  6
Continuous
 48
8.0
370
     0
 62
     5
284
     3
100
AcDbText
 10
147.1109894146877
 20
-2.069333508423467
 30
0.0
 40
6.0
  1
PRIMARY  BATHROOM
 41
0.8333333333333334
  7
DCADTXTSTYLE32
 11
147.1109894146877
 21
-2.069333508423467
 31
0.0
100
AcDbText
 73
     1
  0
TEXT
  5
A82
330
A
100
AcDbEntity
  8
1.2RMNAMES
  6
Continuous
 48
8.0
370
     0
 62
     5
284
     3
100
AcDbText
 10
43.23030263563788
 20
-6.814859980622117
 30
0.0
 40
6.0
  1
CLOSET
 41
0.8333333333333334
  7
DCADTXTSTYLE33
 11
43.23030263563788
 21
-6.814859980622117
 31
0.0
100
AcDbText
 73
     1
  0
TEXT
  5
A84
330
A
100
AcDbEntity
  8
1.2RMNAMES
  6
Continuous
 48
8.0
370
     0
 62
     5
284
     3
100
AcDbText
 10
-168.7595403515681
 20
-239.7570658892009
 30
0.0
 40
6.0
  1
STAIR
 41
0.8333333333333334
  7
DCADTXTSTYLE34
 11
-168.7595403515681
 21
-239.7570658892009
 31
0.0
100
AcDbText
 73
     1
  0
TEXT
  5
A86
330
A
100
AcDbEntity
  8
1.2RMNAMES
  6
Continuous
 48
8.0
370
     0
 62
     5
284
     3
100
AcDbText
 10
-129.98708866871
 20
-141.1444232756143
 30
0.0
 40
6.0
  1
HALL
 41
0.8333333333333334
  7
DCADTXTSTYLE35
 11
-129.98708866871
 21
-141.1444232756143
 31
0.0
100
AcDbText
 73
     1
  0
TEXT
  5
A88
330
A
100
AcDbEntity
  8
1.2RMNAMES
  6
Continuous
 48
8.0
370
     0
 62
     5
284
     3
100
AcDbText
 10
43.23030263563788
 20
1.282285256633983
 30
0.0
 40
6.0
  1
WALK-IN
 41
0.8333333333333334
  7
DCADTXTSTYLE36
 11
43.23030263563788
 21
1.282285256633983
 31
0.0
100
AcDbText
 73
     1
  0
TEXT
  5
A8A
330
A
100
AcDbEntity
  8
1.2RMNAMES
  6
Continuous
 48
8.0
370
     0
 62
     5
284
     3
100
AcDbText
 10
-94.33685636859208
 20
-166.1280961324223
 30
0.0
 40
6.0
  1
LINEN
 41
0.8333333333333334
  7
DCADTXTSTYLE37
 11
-94.33685636859208
 21
-166.1280961324223
 31
0.0
100
AcDbText
 73
     1
  0
CIRCLE
  5
A8C
330
A
100
AcDbEntity
  8
1.2RMNAMES
  6
Continuous
370
     0
 62
     1
284
     3
100
AcDbCircle
 10
-80.75611557548341
 20
-207.6501405614819
 30
0.0
 40
4.0
  0
LINE
  5
A8D
330
A
100
AcDbEntity
  8
1.2RMNAMES
  6
Continuous
370
     0
 62
     1
284
     3
100
AcDbLine
 10
-80.75611557548341
 20
-207.6501405614819
 30
0.0
 11
-80.75611557548341
 21
-199.5689562298237
 31
0.0
  0
LINE
  5
A8E
330
A
100
AcDbEntity
  8
1.2RMNAMES
  6
Continuous
370
     0
 62
     1
284
     3
100
AcDbLine
 10
-70.72016691641178
 20
-257.1232557599623
 30
0.0
 11
-148.7623319787966
 21
-257.1232557599623
 31
0.0
  0
LINE
  5
A8F
330
A
100
AcDbEntity
  8
1.2RMNAMES
  6
Continuous
370
     0
 62
     3
284
     3
100
AcDbLine
 10
-148.7623319787966
 20
-257.1232557599623
 30
0.0
 11
-144.2623319787966
 21
-255.6232557599623
 31
0.0
  0
LINE
  5
A90
330
A
100
AcDbEntity
  8
1.2RMNAMES
  6
Continuous
370
     0
 62
     3
284
     3
100
AcDbLine
 10
-148.7623319787966
 20
-257.1232557599623
 30
0.0
 11
-144.2623319787966
 21
-258.6232557599623
 31
0.0
  0
CIRCLE
  5
A91
330
A
100
AcDbEntity
  8
1.2RMNAMES
  6
Continuous
370
     0
 62
     1
284
     3
100
AcDbCircle
 10
-80.75611557548343
 20
-257.1232557599623
 30
0.0
 40
4.0
  0
LINE
  5
A92
330
A
100
AcDbEntity
  8
1.2RMNAMES
  6
Continuous
 48
0.09375
370
     0
 62
     1
284
     3
100
AcDbLine
 10
-158.0242720974305
 20
-174.6103508811838
 30
0.0
 11
-185.2982708615318
 21
-179.5885878236428
 31
0.0
  0
LWPOLYLINE
  5
A93
330
A
100
AcDbEntity
  8
1.2RMNAMES
  6
Continuous
 48
0.09375
370
     0
 62
     1
284
     3
100
AcDbPolyline
 90
        4
 70
     0
 43
0.0
 10
-155.2203589809754
 20
-174.0985100608713
 10
-157.123229159198
 20
-170.9957878929026
 10
-155.9595900905945
 20
-177.7096550804026
 10
-158.0249472988465
 20
-174.608199391926
  0
LINE
  5
A94
330
A
100
AcDbEntity
  8
1.2RMNAMES
  6
Continuous
 48
0.09375
370
     0
 62
     1
284
     3
100
AcDbLine
 10
-132.4801420482461
 20
-169.9473264647015
 30
0.0
 11
-155.2203742397645
 21
-174.0985710960276
 31
0.0
  0
LINE
  5
A95
330
A
100
AcDbEntity
  8
1.2RMNAMES
  6
Continuous
 48
0.09375
370
     0
 62
     1
284
     3
100
AcDbLine
 10
-158.0242720974305
 20
-182.472267700036
 30
0.0
 11
-185.2982707467559
 21
-187.4505046215453
 31
0.0
  0
LWPOLYLINE
  5
A96
330
A
100
AcDbEntity
  8
1.2RMNAMES
  6
Continuous
 48
0.09375
370
     0
 62
     1
284
     3
100
AcDbPolyline
 90
        4
 70
     0
 43
0.0
 10
-155.2203589809754
 20
-181.9604268797235
 10
-157.123229159198
 20
-178.8577047117548
 10
-155.9595900905945
 20
-185.5715718992548
 10
-158.0249472988465
 20
-182.4701162107782
  0
LINE
  5
A97
330
A
100
AcDbEntity
  8
1.2RMNAMES
  6
Continuous
 48
0.09375
370
     0
 62
     1
284
     3
100
AcDbLine
 10
-132.4801420482461
 20
-177.8092432835537
 30
0.0
 11
-155.2203742397645
 21
-181.9604879148798
 31
0.0
  0
TEXT
  5
A98
330
A
100
AcDbEntity
  8
1.2RMNAMES
  6
Continuous
370
     0
 62
     3
284
     3
100
AcDbText
 10
-67.95291171192346
 20
-259.9827134383957
 30
0.0
 40
6.0
  1
Down
 41
0.8333333333333334
  7
DCADTXTSTYLE38
 11
-67.95291171192346
 21
-259.9827134383957
 31
0.0
100
AcDbText
 73
     1
  0
TEXT
  5
A9A
330
A
100
AcDbEntity
  8
1.2RMNAMES
  6
Continuous
370
     0
 62
     3
284
     3
100
AcDbText
 10
-70.02475578161436
 20
-210.2754855382942
 30
0.0
 40
6.0
  1
Up to
 41
0.8333333333333334
  7
DCADTXTSTYLE39
 11
-70.02475578161436
 21
-210.2754855382942
 31
0.0
100
AcDbText
 73
     1
  0
TEXT
  5
A9C
330
A
100
AcDbEntity
  8
1.2RMNAMES
  6
Continuous
370
     0
 62
     3
284
     3
100
AcDbText
 10
-70.02475578161436
 20
-217.4754855382942
 30
0.0
 40
6.0
  1
Attic
 41
0.8333333333333334
  7
DCADTXTSTYLE40
 11
-70.02475578161436
 21
-217.4754855382942
 31
0.0
100
AcDbText
 73
     1
  0
TEXT
  5
A9E
330
A
100
AcDbEntity
  8
1.2RMNAMES
  6
Continuous
 48
8.0
370
     0
 62
     3
284
     3
100
AcDbText
 10
-136.9762859348267
 20
90.56269300598562
 30
0.0
 40
6.0
  1
New structural beam
 41
0.8333333333333334
  7
DCADTXTSTYLE41
 11
-136.9762859348267
 21
90.56269300598562
 31
0.0
100
AcDbText
 73
     1
  0
TEXT
  5
AA0
330
A
100
AcDbEntity
  8
1.2RMNAMES
  6
Continuous
 48
8.0
370
     0
 62
     3
284
     3
100
AcDbText
 10
-28.1274071051314
 20
72.45274574304045
 30
0.0
 40
6.0
  1
New structural beam
 41
0.7142857142857143
  7
DCADTXTSTYLE42
 11
-28.1274071051314
 21
72.45274574304045
 31
0.0
100
AcDbText
 73
     1
  0
TEXT
  5
AA2
330
A
100
AcDbEntity
  8
1.2RMNAMES
  6
Continuous
 48
8.0
370
     0
 62
     5
284
     3
100
AcDbText
 10
-36.63056692957953
 20
186.6239147287514
 30
0.0
 40
6.0
  1
CLOSET
 41
0.8333333333333334
  7
DCADTXTSTYLE43
 11
-36.63056692957953
 21
186.6239147287514
 31
0.0
100
AcDbText
 73
     1
  0
TEXT
  5
AA4
330
A
100
AcDbEntity
  8
1.2RMNAMES
  6
Continuous
 48
8.0
370
     0
 62
     5
284
     3
100
AcDbText
 10
-146.1491787526722
 20
13.6313679707026
 30
0.0
 40
6.0
  1
BATHROOM
 41
0.8333333333333334
  7
DCADTXTSTYLE44
 11
-146.1491787526722
 21
13.6313679707026
 31
0.0
100
AcDbText
 73
     1
  0
TEXT
  5
AA6
330
A
100
AcDbEntity
  8
1.2RMNAMES
  6
Continuous
 48
8.0
370
     0
 62
     3
284
     3
100
AcDbText
 10
-129.2365013256136
 20
147.5635547508567
 30
0.0
 40
6.0
  1
11'-8" x 15'-9"
 41
0.8333333333333334
  7
DCADTXTSTYLE45
 11
-129.2365013256136
 21
147.5635547508567
 31
0.0
100
AcDbText
 73
     1
  0
TEXT
  5
AA8
330
A
100
AcDbEntity
  8
1.2RMNAMES
  6
Continuous
 48
8.0
370
     0
 62
     3
284
     3
100
AcDbText
 10
105.2974735292991
 20
147.5635547508567
 30
0.0
 40
6.0
  1
14'-8" x 12'-6"
 41
0.8333333333333334
  7
DCADTXTSTYLE46
 11
105.2974735292991
 21
147.5635547508567
 31
0.0
100
AcDbText
 73
     1
  0
TEXT
  5
AAA
330
A
100
AcDbEntity
  8
1.2RMNAMES
  6
Continuous
 48
8.0
370
     0
 62
     3
284
     3
100
AcDbText
 10
154.8326844475492
 20
-10.1213656596405
 30
0.0
 40
6.0
  1
13'-0" x 12'-3"
 41
0.8333333333333334
  7
DCADTXTSTYLE47
 11
154.8326844475492
 21
-10.1213656596405
 31
0.0
100
AcDbText
 73
     1
  0
TEXT
  5
AAC
330
A
100
AcDbEntity
  8
1.2RMNAMES
  6
Continuous
 48
8.0
370
     0
 62
     3
284
     3
100
AcDbText
 10
131.784827701877
 20
-138.2742960327027
 30
0.0
 40
6.0
  1
11'-8" x 8'-6"
 41
0.8333333333333334
  7
DCADTXTSTYLE48
 11
131.784827701877
 21
-138.2742960327027
 31
0.0
100
AcDbText
 73
     1
  0
TEXT
  5
AAE
330
A
100
AcDbEntity
  8
1.2RMNAMES
  6
Continuous
 48
8.0
370
     0
 62
     3
284
     3
100
AcDbText
 10
220.0356842669213
 20
-65.48050824157031
 30
0.0
 40
6.0
  1
3' x 5'6" shower
 50
90.0
 41
0.8333333333333334
  7
DCADTXTSTYLE49
 11
220.0356842669213
 21
-65.48050824157031
 31
0.0
100
AcDbText
 73
     1
  0
TEXT
  5
AB0
330
A
100
AcDbEntity
  8
1.2RMNAMES
  6
Continuous
 48
8.0
370
     0
 62
     3
284
     3
100
AcDbText
 10
134.2831537116015
 20
-17.23032163822747
 30
0.0
 40
6.0
  1
72" vanity
 50
450.0
 41
0.8333333333333334
  7
DCADTXTSTYLE50
 11
134.2831537116015
 21
-17.23032163822747
 31
0.0
100
AcDbText
 73
     1
  0
TEXT
  5
AB2
330
A
100
AcDbEntity
  8
1.2RMNAMES
  6
Continuous
 48
8.0
370
     0
 62
     3
284
     3
100
AcDbText
 10
208.9904294694614
 20
22.80243991191675
 30
0.0
 40
6.0
  1
Soaking tub
 50
360.0
 41
0.8333333333333334
  7
DCADTXTSTYLE51
 72
     2
 11
238.7264294694614
 21
28.80243991191674
 31
0.0
100
AcDbText
 73
     3
  0
TEXT
  5
AB4
330
A
100
AcDbEntity
  8
1.2RMNAMES
  6
Continuous
 48
8.0
370
     0
 62
     3
284
     3
100
AcDbText
 10
-104.5775729213788
 20
-9.766080399349963
 30
0.0
 40
6.0
  1
Tub/shower
 50
450.0
 41
0.8333333333333334
  7
DCADTXTSTYLE52
 72
     2
 11
-110.5775729213788
 21
19.66751960065004
 31
0.0
100
AcDbText
 73
     3
  0
TEXT
  5
AB6
330
A
100
AcDbEntity
  8
1.2RMNAMES
  6
Continuous
 48
8.0
370
     0
 62
     5
284
     3
100
AcDbText
 10
-511.4794220737803
 20
-105.6134719675331
 30
0.0
 40
6.0
  1
GUEST  ROOM
 41
0.8333333333333334
  7
DCADTXTSTYLE53
 11
-511.4794220737803
 21
-105.6134719675331
 31
0.0
100
AcDbText
 73
     1
  0
LINE
  5
AB8
330
A
100
AcDbEntity
  8
1.2RMNAMES
  6
Continuous
 48
12.0
370
     0
 62
     1
284
     3
100
AcDbLine
 10
-72.27938936127602
 20
-207.6501405614819
 30
0.0
 11
-156.9978265250582
 21
-207.6501405614819
 31
0.0
  0
LINE
  5
AB9
330
A
100
AcDbEntity
  8
1.2RMNAMES
  6
Continuous
 48
12.0
370
     0
 62
     1
284
     3
100
AcDbLine
 10
-156.9978265250582
 20
-207.6501405614819
 30
0.0
 11
-156.9978265250582
 21
-189.0565964798755
 31
0.0
  0
LINE
  5
ABA
330
A
100
AcDbEntity
  8
1.2RMNAMES
  6
Continuous
 48
12.0
370
     0
 62
     3
284
     3
100
AcDbLine
 10
-156.9978265250582
 20
-189.0565964798755
 30
0.0
 11
-155.4978265250582
 21
-193.5565964798755
 31
0.0
  0
LINE
  5
ABB
330
A
100
AcDbEntity
  8
1.2RMNAMES
  6
Continuous
 48
12.0
370
     0
 62
     3
284
     3
100
AcDbLine
 10
-156.9978265250582
 20
-189.0565964798755
 30
0.0
 11
-158.4978265250582
 21
-193.5565964798755
 31
0.0
  0
TEXT
  5
ABC
330
A
100
AcDbEntity
  8
1.2RMNAMES
  6
Continuous
 48
8.0
370
     0
 62
     5
284
     3
100
AcDbText
 10
2.047693939985692
 20
187.7307598741978
 30
0.0
 40
6.0
  1
CLOSET
 41
0.8333333333333334
  7
DCADTXTSTYLE54
 11
2.047693939985692
 21
187.7307598741978
 31
0.0
100
AcDbText
 73
     1
  0
TEXT
  5
ABE
330
A
100
AcDbEntity
  8
1.2RMNAMES
  6
Continuous
 48
12.0
370
     0
 62
     3
284
     3
100
AcDbText
 10
-197.4876987702366
 20
12.20683748989155
 30
0.0
 40
6.0
  1
New transom windows
 50
90.0
 41
0.8333333333333334
  7
DCADTXTSTYLE55
 11
-197.4876987702366
 21
12.20683748989155
 31
0.0
100
AcDbText
 73
     1
  0
ELLIPSE
  5
AC0
330
A
100
AcDbEntity
  8
1.2RMNAMES
  6
Continuous
 48
4.0
370
     0
 62
     1
284
     3
100
AcDbEllipse
 10
-117.197914674168
 20
-74.08811691864265
 30
0.0
 11
-10.0
 21
1.224606353822377E-15
 31
0.0
210
0.0
220
0.0
230
1.0
 40
0.7
 41
1.682397199543812
 42
7.742380880434854
  0
CIRCLE
  5
AC1
330
A
100
AcDbEntity
  8
1.2RMNAMES
  6
Continuous
 48
4.0
370
     0
 62
     1
284
     3
100
AcDbCircle
 10
-117.197914674168
 20
-76.08811691864265
 30
0.0
 40
1.0
  0
LINE
  5
AC2
330
A
100
AcDbEntity
  8
1.2RMNAMES
  6
Continuous
 48
4.0
370
     0
 62
     1
284
     3
100
AcDbLine
 10
-114.197914674168
 20
-84.08811691864265
 30
0.0
 11
-120.197914674168
 21
-84.08811691864265
 31
0.0
  0
LINE
  5
AC3
330
A
100
AcDbEntity
  8
1.2RMNAMES
  6
Continuous
 48
4.0
370
     0
 62
     1
284
     3
100
AcDbLine
 10
-120.197914674168
 20
-84.08811691864265
 30
0.0
 11
-120.197914674168
 21
-82.08811691864265
 31
0.0
  0
LINE
  5
AC4
330
A
100
AcDbEntity
  8
1.2RMNAMES
  6
Continuous
 48
4.0
370
     0
 62
     1
284
     3
100
AcDbLine
 10
-120.197914674168
 20
-82.08811691864265
 30
0.0
 11
-119.330727174168
 21
-82.08811691864265
 31
0.0
  0
LINE
  5
AC5
330
A
100
AcDbEntity
  8
1.2RMNAMES
  6
Continuous
 48
4.0
370
     0
 62
     1
284
     3
100
AcDbLine
 10
-115.065102174168
 20
-82.08811691864265
 30
0.0
 11
-114.197914674168
 21
-82.08811691864265
 31
0.0
  0
LINE
  5
AC6
330
A
100
AcDbEntity
  8
1.2RMNAMES
  6
Continuous
 48
4.0
370
     0
 62
     1
284
     3
100
AcDbLine
 10
-114.197914674168
 20
-82.08811691864265
 30
0.0
 11
-114.197914674168
 21
-84.08811691864265
 31
0.0
  0
LINE
  5
AC7
330
A
100
AcDbEntity
  8
1.2RMNAMES
  6
Continuous
 48
4.0
370
     0
 62
     1
284
     3
100
AcDbLine
 10
-116.447914674168
 20
-78.08811691864265
 30
0.0
 11
-117.947914674168
 21
-78.08811691864265
 31
0.0
  0
LINE
  5
AC8
330
A
100
AcDbEntity
  8
1.2RMNAMES
  6
Continuous
 48
4.0
370
     0
 62
     1
284
     3
100
AcDbLine
 10
-117.947914674168
 20
-78.08811691864265
 30
0.0
 11
-118.3384176038555
 21
-81.21214035614265
 31
0.0
  0
LINE
  5
AC9
330
A
100
AcDbEntity
  8
1.2RMNAMES
  6
Continuous
 48
4.0
370
     0
 62
     1
284
     3
100
AcDbLine
 10
-119.947914674168
 20
-83.58811691864265
 30
0.0
 11
-114.447914674168
 21
-83.58811691864265
 31
0.0
  0
LINE
  5
ACA
330
A
100
AcDbEntity
  8
1.2RMNAMES
  6
Continuous
 48
4.0
370
     0
 62
     1
284
     3
100
AcDbLine
 10
-116.447914674168
 20
-78.08811691864265
 30
0.0
 11
-116.0574117444805
 21
-81.21214035614265
 31
0.0
  0
ARC
  5
ACB
330
A
100
AcDbEntity
  8
1.2RMNAMES
  6
Continuous
 48
4.0
370
     0
 62
     1
284
     3
100
AcDbCircle
 10
-117.1979146741681
 20
-81.71311691864273
 30
0.0
 40
0.8750000000000585
100
AcDbArc
 50
106.601450504467
 51
433.3985631559143
  0
CIRCLE
  5
ACC
330
A
100
AcDbEntity
  8
1.2RMNAMES
  6
Continuous
 48
4.0
370
     0
 62
     1
284
     3
100
AcDbCircle
 10
-117.197914674168
 20
-79.08811691864265
 30
0.0
 40
0.5
  0
LINE
  5
ACD
330
A
100
AcDbEntity
  8
1.2RMNAMES
  6
Continuous
 48
4.0
370
     0
 62
     1
284
     3
100
AcDbLine
 10
-117.447914674168
 20
-81.33811691864265
 30
0.0
 11
-117.447914674168
 21
-79.58811691864265
 31
0.0
  0
LINE
  5
ACE
330
A
100
AcDbEntity
  8
1.2RMNAMES
  6
Continuous
 48
4.0
370
     0
 62
     1
284
     3
100
AcDbLine
 10
-116.947914674168
 20
-81.33811691864265
 30
0.0
 11
-116.947914674168
 21
-79.58811691864265
 31
0.0
  0
ARC
  5
ACF
330
A
100
AcDbEntity
  8
1.2RMNAMES
  6
Continuous
 48
4.0
370
     0
 62
     1
284
     3
100
AcDbCircle
 10
-115.065102174168
 20
-81.08811691864264
 30
0.0
 40
1.000000000000002
100
AcDbArc
 50
187.1243656461982
 51
270.0
  0
ARC
  5
AD0
330
A
100
AcDbEntity
  8
1.2RMNAMES
  6
Continuous
 48
4.0
370
     0
 62
     1
284
     3
100
AcDbCircle
 10
-119.330727174168
 20
-81.08811691864265
 30
0.0
 40
1.000000000000003
100
AcDbArc
 50
270.0
 51
352.8756347806877
  0
POINT
  5
AD1
330
A
100
AcDbEntity
  8
1.2RMNAMES
  6
Continuous
 48
2.0
370
     0
 62
     1
284
     3
100
AcDbPoint
 10
-117.197914674168
 20
-85.43529130219585
 30
0.0
 50
0.0
  0
TEXT
  5
AD2
330
A
100
AcDbEntity
  8
1.2RMNAMES
  6
Continuous
 48
8.0
370
     0
 62
     5
284
     3
100
AcDbText
 10
109.7346504617248
 20
-62.31836835907843
 30
0.0
 40
6.0
  1
CLOSET
 41
0.8333333333333334
  7
DCADTXTSTYLE56
 11
109.7346504617248
 21
-62.31836835907843
 31
0.0
100
AcDbText
 73
     1
  0
TEXT
  5
AD4
330
A
100
AcDbEntity
  8
1.2RMNAMES
  6
Continuous
 48
8.0
370
     0
 62
     3
284
     3
100
AcDbText
 10
228.079814350938
 20
-10.96819287357082
 30
0.0
 40
6.0
  1
Low wall
 50
360.0
 41
0.8333333333333334
  7
DCADTXTSTYLE57
 72
     2
 11
249.701414350938
 21
-4.968192873570821
 31
0.0
100
AcDbText
 73
     3
  0
TEXT
  5
AD6
330
A
100
AcDbEntity
  8
1.2RMNAMES
  6
Continuous
 48
8.0
370
     0
 62
     3
284
     3
100
AcDbText
 10
106.230765004197
 20
38.56607178816465
 30
0.0
 40
6.0
  1
Low wall
 50
360.0
 41
0.8333333333333334
  7
DCADTXTSTYLE58
 72
     2
 11
127.852365004197
 21
44.56607178816464
 31
0.0
100
AcDbText
 73
     3
  0
TEXT
  5
AD8
330
A
100
AcDbEntity
  8
1.2RMNAMES
  6
Continuous
 48
8.0
370
     0
 62
     3
284
     3
100
AcDbText
 10
-187.5764961798102
 20
-80.28555784623808
 30
0.0
 40
6.0
  1
Existing door
 41
0.8333333333333334
  7
DCADTXTSTYLE59
 72
     2
 11
-155.0180961798102
 21
-80.28555784623808
 31
0.0
100
AcDbText
 73
     1
  0
TEXT
  5
ADA
330
A
100
AcDbEntity
  8
1.2RMNAMES
  6
Continuous
 48
8.0
370
     0
 62
     3
284
     3
100
AcDbText
 10
-212.9933497921018
 20
-134.3051054788675
 30
0.0
 40
6.0
  1
3'0"x6'8"
 41
0.8333333333333334
  7
DCADTXTSTYLE60
 72
     2
 11
-191.4221497921018
 21
-134.3051054788675
 31
0.0
100
AcDbText
 73
     1
  0
ELLIPSE
  5
ADC
330
A
100
AcDbEntity
  8
1.2RMNAMES
  6
Continuous
 48
4.0
370
     0
 62
     1
284
     3
100
AcDbEllipse
 10
-70.39862538202776
 20
-74.08811691864265
 30
0.0
 11
10.0
 21
0.0
 31
0.0
210
0.0
220
0.0
230
1.0
 40
0.7
 41
4.823989733924319
 42
10.88397341481536
  0
CIRCLE
  5
ADD
330
A
100
AcDbEntity
  8
1.2RMNAMES
  6
Continuous
 48
4.0
370
     0
 62
     1
284
     3
100
AcDbCircle
 10
-70.39862538202776
 20
-76.08811691864265
 30
0.0
 40
1.0
  0
LINE
  5
ADE
330
A
100
AcDbEntity
  8
1.2RMNAMES
  6
Continuous
 48
4.0
370
     0
 62
     1
284
     3
100
AcDbLine
 10
-73.39862538202776
 20
-84.08811691864265
 30
0.0
 11
-67.39862538202776
 21
-84.08811691864265
 31
0.0
  0
LINE
  5
ADF
330
A
100
AcDbEntity
  8
1.2RMNAMES
  6
Continuous
 48
4.0
370
     0
 62
     1
284
     3
100
AcDbLine
 10
-67.39862538202776
 20
-84.08811691864265
 30
0.0
 11
-67.39862538202776
 21
-82.08811691864265
 31
0.0
  0
LINE
  5
AE0
330
A
100
AcDbEntity
  8
1.2RMNAMES
  6
Continuous
 48
4.0
370
     0
 62
     1
284
     3
100
AcDbLine
 10
-67.39862538202776
 20
-82.08811691864265
 30
0.0
 11
-68.26581288202776
 21
-82.08811691864265
 31
0.0
  0
LINE
  5
AE1
330
A
100
AcDbEntity
  8
1.2RMNAMES
  6
Continuous
 48
4.0
370
     0
 62
     1
284
     3
100
AcDbLine
 10
-72.53143788202776
 20
-82.08811691864265
 30
0.0
 11
-73.39862538202776
 21
-82.08811691864265
 31
0.0
  0
LINE
  5
AE2
330
A
100
AcDbEntity
  8
1.2RMNAMES
  6
Continuous
 48
4.0
370
     0
 62
     1
284
     3
100
AcDbLine
 10
-73.39862538202776
 20
-82.08811691864265
 30
0.0
 11
-73.39862538202776
 21
-84.08811691864265
 31
0.0
  0
LINE
  5
AE3
330
A
100
AcDbEntity
  8
1.2RMNAMES
  6
Continuous
 48
4.0
370
     0
 62
     1
284
     3
100
AcDbLine
 10
-71.14862538202776
 20
-78.08811691864265
 30
0.0
 11
-69.64862538202776
 21
-78.08811691864265
 31
0.0
  0
LINE
  5
AE4
330
A
100
AcDbEntity
  8
1.2RMNAMES
  6
Continuous
 48
4.0
370
     0
 62
     1
284
     3
100
AcDbLine
 10
-69.64862538202776
 20
-78.08811691864265
 30
0.0
 11
-69.25812245234026
 21
-81.21214035614265
 31
0.0
  0
LINE
  5
AE5
330
A
100
AcDbEntity
  8
1.2RMNAMES
  6
Continuous
 48
4.0
370
     0
 62
     1
284
     3
100
AcDbLine
 10
-67.64862538202776
 20
-83.58811691864265
 30
0.0
 11
-73.14862538202776
 21
-83.58811691864265
 31
0.0
  0
LINE
  5
AE6
330
A
100
AcDbEntity
  8
1.2RMNAMES
  6
Continuous
 48
4.0
370
     0
 62
     1
284
     3
100
AcDbLine
 10
-71.14862538202776
 20
-78.08811691864265
 30
0.0
 11
-71.53912831171526
 21
-81.21214035614265
 31
0.0
  0
ARC
  5
AE7
330
A
100
AcDbEntity
  8
1.2RMNAMES
  6
Continuous
 48
4.0
370
     0
 62
     1
284
     3
100
AcDbCircle
 10
-70.39862538202775
 20
-81.71311691864273
 30
0.0
 40
0.8750000000000585
100
AcDbArc
 50
106.6014368440857
 51
433.3985494955331
  0
CIRCLE
  5
AE8
330
A
100
AcDbEntity
  8
1.2RMNAMES
  6
Continuous
 48
4.0
370
     0
 62
     1
284
     3
100
AcDbCircle
 10
-70.39862538202776
 20
-79.08811691864265
 30
0.0
 40
0.5
  0
LINE
  5
AE9
330
A
100
AcDbEntity
  8
1.2RMNAMES
  6
Continuous
 48
4.0
370
     0
 62
     1
284
     3
100
AcDbLine
 10
-70.14862538202776
 20
-81.33811691864265
 30
0.0
 11
-70.14862538202776
 21
-79.58811691864265
 31
0.0
  0
LINE
  5
AEA
330
A
100
AcDbEntity
  8
1.2RMNAMES
  6
Continuous
 48
4.0
370
     0
 62
     1
284
     3
100
AcDbLine
 10
-70.64862538202776
 20
-81.33811691864265
 30
0.0
 11
-70.64862538202776
 21
-79.58811691864265
 31
0.0
  0
ARC
  5
AEB
330
A
100
AcDbEntity
  8
1.2RMNAMES
  6
Continuous
 48
4.0
370
     0
 62
     1
284
     3
100
AcDbCircle
 10
-72.53143788202776
 20
-81.08811691864264
 30
0.0
 40
1.000000000000002
100
AcDbArc
 50
270.0
 51
352.8756343538018
  0
ARC
  5
AEC
330
A
100
AcDbEntity
  8
1.2RMNAMES
  6
Continuous
 48
4.0
370
     0
 62
     1
284
     3
100
AcDbCircle
 10
-68.26581288202776
 20
-81.08811691864265
 30
0.0
 40
1.000000000000003
100
AcDbArc
 50
187.1243652193123
 51
270.0
  0
POINT
  5
AED
330
A
100
AcDbEntity
  8
1.2RMNAMES
  6
Continuous
 48
2.0
370
     0
 62
     1
284
     3
100
AcDbPoint
 10
-70.39862538202776
 20
-85.43529130219585
 30
0.0
 50
0.0
  0
ARC
  5
AEE
330
A
100
AcDbEntity
  8
1.2RMNAMES
  6
Continuous
 48
4.0
370
     0
 62
     1
284
     3
100
AcDbCircle
 10
-46.4232711791993
 20
-31.59915520293646
 30
0.0
 40
27.84774917688415
100
AcDbArc
 50
231.377988719003
 51
270.0
  0
LINE
  5
AEF
330
A
100
AcDbEntity
  8
1.2RMNAMES
  6
Continuous
 48
12.0
370
     0
 62
     5
284
     3
100
AcDbLine
 10
-69.79827123940561
 20
-23.09915514257471
 30
0.0
 11
-69.79827123940561
 21
-5.099155142574705
 31
0.0
  0
LINE
  5
AF0
330
A
100
AcDbEntity
  8
1.2RMNAMES
  6
Continuous
 48
12.0
370
     0
 62
     5
284
     3
100
AcDbLine
 10
-69.79827123940824
 20
-0.5991551425747055
 30
0.0
 11
-69.79827123944003
 21
35.9008448676105
 31
0.0
  0
LINE
  5
AF1
330
A
100
AcDbEntity
  8
1.2RMNAMES
  6
Continuous
 48
12.0
370
     0
 62
     7
284
     3
100
AcDbLine
 10
-70.29827123942282
 20
-23.59915514131717
 30
0.0
 11
-70.29827123940692
 21
-4.599155141987339
 31
0.0
  0
LINE
  5
AF2
330
A
100
AcDbEntity
  8
1.2RMNAMES
  6
Continuous
 48
12.0
370
     0
 62
     7
284
     3
100
AcDbLine
 10
-70.29827123940692
 20
-1.099155141987339
 30
0.0
 11
-70.29827123942282
 21
36.40084486735748
 31
0.0
  0
LINE
  5
AF3
330
A
100
AcDbEntity
  8
1.2RMNAMES
  6
Continuous
 48
12.0
370
     0
 62
     7
284
     3
100
AcDbLine
 10
-73.79827123942282
 20
-23.59915513251442
 30
0.0
 11
-73.79827123942282
 21
36.40084486748558
 31
0.0
  0
LINE
  5
AF4
330
A
100
AcDbEntity
  8
1.2RMNAMES
  6
Continuous
 48
12.0
370
     0
 62
     5
284
     3
100
AcDbLine
 10
-74.29827123940561
 20
-23.09915513125688
 30
0.0
 11
-74.29827123944003
 21
35.90084486776536
 31
0.0
  0
LINE
  5
AF5
330
A
100
AcDbEntity
  8
1.2RMNAMES
  6
Continuous
 48
12.0
370
     0
 62
     5
284
     3
100
AcDbLine
 10
-69.79827123940561
 20
-5.099155142574705
 30
0.0
 11
-45.79827111520879
 21
-5.099155170768308
 31
0.0
  0
LINE
  5
AF6
330
A
100
AcDbEntity
  8
1.2RMNAMES
  6
Continuous
 48
12.0
370
     0
 62
     7
284
     3
100
AcDbLine
 10
-70.29827123940692
 20
-4.599155141987339
 30
0.0
 11
-45.29827122375474
 21
-4.599155171355678
 31
0.0
  0
LINE
  5
AF7
330
A
100
AcDbEntity
  8
1.2RMNAMES
  6
Continuous
 48
12.0
370
     0
 62
     7
284
     3
100
AcDbLine
 10
-70.29827123940692
 20
-1.099155141987339
 30
0.0
 11
-45.29827122198015
 21
-1.099155171355676
 31
0.0
  0
LINE
  5
AF8
330
A
100
AcDbEntity
  8
1.2RMNAMES
  6
Continuous
 48
12.0
370
     0
 62
     5
284
     3
100
AcDbLine
 10
-69.79827123940824
 20
-0.5991551425747055
 30
0.0
 11
-45.79827109470185
 21
-0.5991551707683095
 31
0.0
  0
LINE
  5
AF9
330
A
100
AcDbEntity
  8
1.2RMNAMES
  6
Continuous
 48
12.0
370
     0
 62
     7
284
     3
100
AcDbLine
 10
-45.79827097819084
 20
33.65084485040836
 30
0.0
 11
-41.29827039721638
 21
33.65084481679425
 31
0.0
  0
LINE
  5
AFA
330
A
100
AcDbEntity
  8
1.2RMNAMES
  6
Continuous
 48
12.0
370
     0
 62
     7
284
     3
100
AcDbLine
 10
-45.79827108704784
 20
1.650844850408361
 30
0.0
 11
-41.29827063625007
 21
1.650844816794244
 31
0.0
  0
LINE
  5
AFB
330
A
100
AcDbEntity
  8
1.2RMNAMES
  6
Continuous
 48
12.0
370
     0
 62
     5
284
     3
100
AcDbLine
 10
-45.79827117919922
 20
-27.59915542602539
 30
0.0
 11
-47.79827116915708
 21
-27.59915542602539
 31
0.0
  0
LINE
  5
AFC
330
A
100
AcDbEntity
  8
1.2RMNAMES
  6
Continuous
 48
12.0
370
     0
 62
     7
284
     3
100
AcDbLine
 10
-45.29827117919922
 20
-27.09915542602539
 30
0.0
 11
-47.79827116915708
 21
-27.09915542602539
 31
0.0
  0
LINE
  5
AFD
330
A
100
AcDbEntity
  8
1.2RMNAMES
  6
Continuous
 48
12.0
370
     0
 62
     7
284
     3
100
AcDbLine
 10
-45.29827117919922
 20
-23.59915542602539
 30
0.0
 11
-47.79827116915708
 21
-23.59915542602539
 31
0.0
  0
LINE
  5
AFE
330
A
100
AcDbEntity
  8
1.2RMNAMES
  6
Continuous
 48
12.0
370
     0
 62
     7
284
     3
100
AcDbLine
 10
-67.79827116915709
 20
-23.59915542602539
 30
0.0
 11
-70.29827117919922
 21
-23.59915542602539
 31
0.0
  0
LINE
  5
AFF
330
A
100
AcDbEntity
  8
1.2RMNAMES
  6
Continuous
 48
12.0
370
     0
 62
     5
284
     3
100
AcDbLine
 10
-45.79827117919922
 20
-23.09915542602539
 30
0.0
 11
-47.79827116915708
 21
-23.09915542602539
 31
0.0
  0
LINE
  5
B00
330
A
100
AcDbEntity
  8
1.2RMNAMES
  6
Continuous
 48
12.0
370
     0
 62
     5
284
     3
100
AcDbLine
 10
-67.79827116915709
 20
-23.09915542602539
 30
0.0
 11
-69.79827117919922
 21
-23.09915542602539
 31
0.0
  0
POINT
  5
B01
330
A
100
AcDbEntity
  8
1.2RMNAMES
  6
Continuous
 48
12.0
370
     0
 62
     7
284
     3
100
AcDbPoint
 10
-57.79827116915708
 20
-23.09915517275558
 30
0.0
 50
0.0
  0
LINE
  5
B02
330
A
100
AcDbEntity
  8
1.2RMNAMES
  6
Continuous
 48
12.0
370
     0
 62
     7
284
     3
100
AcDbLine
 10
-47.79827116915708
 20
-23.09915542602539
 30
0.0
 11
-47.79827116915708
 21
-27.59915542602539
 31
0.0
  0
LINE
  5
B03
330
A
100
AcDbEntity
  8
1.2RMNAMES
  6
Continuous
 48
12.0
370
     0
 62
     7
284
     3
100
AcDbLine
 10
-67.79827116915709
 20
-23.09915542602539
 30
0.0
 11
-67.79827116915709
 21
-27.59915542602539
 31
0.0
  0
LINE
  5
B04
330
A
100
AcDbEntity
  8
1.2RMNAMES
  6
Continuous
 48
12.0
370
     0
 62
     7
284
     3
100
AcDbLine
 10
-111.0284283993721
 20
-23.09915501537194
 30
0.0
 11
-111.0284283993721
 21
-27.59915542602539
 31
0.0
  0
LINE
  5
B05
330
A
100
AcDbEntity
  8
1.2RMNAMES
  6
Continuous
 48
12.0
370
     0
 62
     7
284
     3
100
AcDbLine
 10
-145.0284283993721
 20
-23.09915492985947
 30
0.0
 11
-145.0284283993721
 21
-27.59915542602539
 31
0.0
  0
LINE
  5
B06
330
A
100
AcDbEntity
  8
1.2RMNAMES
  6
Continuous
 48
12.0
370
     0
 62
     7
284
     3
100
AcDbLine
 10
-73.79827117919922
 20
-23.59915542602539
 30
0.0
 11
-111.0284283993721
 21
-23.59915542602539
 31
0.0
  0
LINE
  5
B07
330
A
100
AcDbEntity
  8
1.2RMNAMES
  6
Continuous
 48
12.0
370
     0
 62
     7
284
     3
100
AcDbLine
 10
-145.028428399372
 20
-23.59915542602539
 30
0.0
 11
-185.7982635498047
 21
-23.59915542602539
 31
0.0
  0
LINE
  5
B08
330
A
100
AcDbEntity
  8
1.2RMNAMES
  6
Continuous
 48
12.0
370
     0
 62
     5
284
     3
100
AcDbLine
 10
-74.29827117919922
 20
-23.09915542602539
 30
0.0
 11
-111.0284283993721
 21
-23.09915542602539
 31
0.0
  0
LINE
  5
B09
330
A
100
AcDbEntity
  8
1.2RMNAMES
  6
Continuous
 48
12.0
370
     0
 62
     5
284
     3
100
AcDbLine
 10
-145.028428399372
 20
-23.09915542602539
 30
0.0
 11
-185.2982635498047
 21
-23.09915542602539
 31
0.0
  0
LINE
  5
B0A
330
A
100
AcDbEntity
  8
1.2RMNAMES
  6
Continuous
 48
12.0
370
     0
 62
     5
284
     3
100
AcDbLine
 10
-67.79827117919922
 20
-27.59915542602539
 30
0.0
 11
-111.0284283993721
 21
-27.59915542602539
 31
0.0
  0
LINE
  5
B0B
330
A
100
AcDbEntity
  8
1.2RMNAMES
  6
Continuous
 48
12.0
370
     0
 62
     5
284
     3
100
AcDbLine
 10
-145.028428399372
 20
-27.59915542602539
 30
0.0
 11
-185.2982635498047
 21
-27.59915542602539
 31
0.0
  0
LINE
  5
B0C
330
A
100
AcDbEntity
  8
1.2RMNAMES
  6
Continuous
 48
12.0
370
     0
 62
     7
284
     3
100
AcDbLine
 10
-67.79827117919922
 20
-27.09915542602539
 30
0.0
 11
-111.0284283993721
 21
-27.09915542602539
 31
0.0
  0
LINE
  5
B0D
330
A
100
AcDbEntity
  8
1.2RMNAMES
  6
Continuous
 48
12.0
370
     0
 62
     7
284
     3
100
AcDbLine
 10
-145.028428399372
 20
-27.09915542602539
 30
0.0
 11
-185.7982635498047
 21
-27.09915542602539
 31
0.0
  0
POINT
  5
B0E
330
A
100
AcDbEntity
  8
1.2RMNAMES
  6
Continuous
 48
12.0
370
     0
 62
     7
284
     3
100
AcDbPoint
 10
-185.7982638314123
 20
38.15084487158504
 30
0.0
 50
0.0
  0
HATCH
  5
B11
330
A
100
AcDbEntity
  8
1.2RMNAMES
  6
Continuous
 48
12.0
370
     0
 62
     7
284
     3
100
AcDbHatch
 10
0.0
 20
0.0
 30
0.0
210
0.0
220
0.0
230
1.0
  2
SOLID
 70
     1
 71
     0
 91
        1
 92
        2
 72
     0
 73
     1
 93
        4
 10
-185.798264
 20
0.547978
 10
-185.798264
 20
5.982645
 10
-191.298264
 20
5.982645
 10
-191.298264
 20
0.547978
 97
        0
 75
     0
 76
     2
 98
        0
  0
HATCH
  5
B14
330
A
100
AcDbEntity
  8
1.2RMNAMES
  6
Continuous
 48
12.0
370
     0
 62
     7
284
     3
100
AcDbHatch
 10
0.0
 20
0.0
 30
0.0
210
0.0
220
0.0
230
1.0
  2
SOLID
 70
     1
 71
     0
 91
        1
 92
        2
 72
     0
 73
     1
 93
       26
 10
-185.798264
 20
39.900844
 10
-185.798264
 20
42.933895
 10
-191.298264
 20
42.822259
 10
-191.298264
 20
33.221632
 10
-185.798264
 20
33.221632
 10
-185.798264
 20
36.400844
 10
-73.798272
 20
36.400844
 10
-73.798272
 20
-23.599156
 10
-111.028429
 20
-23.599156
 10
-111.028429
 20
-27.099156
 10
-67.798272
 20
-27.099156
 10
-67.798272
 20
-23.599156
 10
-70.298272
 20
-23.599156
 10
-70.298272
 20
-4.599156
 10
-45.298272
 20
-4.599156
 10
-41.798272
 20
-4.599156
 10
-41.798272
 20
1.650844
 10
-45.298272
 20
1.650844
 10
-45.298272
 20
-1.099156
 10
-70.298272
 20
-1.099156
 10
-70.298272
 20
36.400844
 10
-45.298271
 20
36.400845
 10
-45.298271
 20
33.650844
 10
-41.798272
 20
33.650844
 10
-41.798272
 20
39.900844
 10
-45.298271
 20
39.900844
 97
        0
 75
     0
 76
     2
 98
        0
  0
HATCH
  5
B17
330
A
100
AcDbEntity
  8
1.2RMNAMES
  6
Continuous
 48
12.0
370
     0
 62
     7
284
     3
100
AcDbHatch
 10
0.0
 20
0.0
 30
0.0
210
0.0
220
0.0
230
1.0
  2
SOLID
 70
     1
 71
     0
 91
        1
 92
        2
 72
     0
 73
     1
 93
        4
 10
-145.028429
 20
-27.099156
 10
-145.028429
 20
-23.599156
 10
-185.798267
 20
-23.599156
 10
-185.798267
 20
-27.099156
 97
        0
 75
     0
 76
     2
 98
        0
  0
TEXT
  5
B18
330
A
100
AcDbEntity
  8
1.2RMNAMES
  6
Continuous
 48
8.0
370
     0
 62
     3
284
     3
100
AcDbText
 10
-119.361718794644
 20
-61.96759840197082
 30
0.0
 40
6.0
  1
96" vanity
 41
0.8333333333333334
  7
DCADTXTSTYLE61
 72
     2
 11
-94.81691879464404
 21
-61.96759840197082
 31
0.0
100
AcDbText
 73
     1
  0
TEXT
  5
B1A
330
A
100
AcDbEntity
  8
1.2RMNAMES
  6
Continuous
 48
8.0
370
     0
 62
     5
284
     3
100
AcDbText
 10
-63.45588359160469
 20
16.08631687167109
 30
0.0
 40
6.0
  1
LINEN
 41
0.8333333333333334
  7
DCADTXTSTYLE62
 11
-63.45588359160469
 21
16.08631687167109
 31
0.0
100
AcDbText
 73
     1
  0
TEXT
  5
B1C
330
A
100
AcDbEntity
  8
1.2RMNAMES
  6
Continuous
 48
8.0
370
     0
 62
     5
284
     3
100
AcDbText
 10
-64.42074645478827
 20
-16.80576570082163
 30
0.0
 40
6.0
  1
CLOS.
 41
0.8333333333333334
  7
DCADTXTSTYLE63
 11
-64.42074645478827
 21
-16.80576570082163
 31
0.0
100
AcDbText
 73
     1
  0
POINT
  5
B1E
330
A
100
AcDbEntity
  8
1.2RMNAMES
  6
Continuous
 48
12.0
370
     0
 62
    51
284
     3
100
AcDbPoint
 10
-41.29827039721638
 20
33.65084481679425
 30
0.0
 50
0.0
  0
LINE
  5
B1F
330
A
100
AcDbEntity
  8
1.2RMNAMES
  6
Continuous
 48
24.0
370
     0
 62
     3
284
     3
100
AcDbLine
 10
-40.67327039721638
 20
32.70821786366925
 30
0.0
 11
-10.67327039721638
 21
32.70821786366925
 31
0.0
  0
LINE
  5
B20
330
A
100
AcDbEntity
  8
1.2RMNAMES
  6
Continuous
 48
24.0
370
     0
 62
     3
284
     3
100
AcDbLine
 10
-40.67327039721638
 20
30.95821786366925
 30
0.0
 11
-10.67327039721638
 21
30.95821786366925
 31
0.0
  0
LINE
  5
B21
330
A
100
AcDbEntity
  8
1.2RMNAMES
  6
Continuous
 48
24.0
370
     0
 62
     3
284
     3
100
AcDbLine
 10
-40.67327039721638
 20
32.70821786366925
 30
0.0
 11
-40.67327039721638
 21
30.95821786366925
 31
0.0
  0
LINE
  5
B22
330
A
100
AcDbEntity
  8
1.2RMNAMES
  6
Continuous
 48
24.0
370
     0
 62
     3
284
     3
100
AcDbLine
 10
-10.67327039721638
 20
32.70821786366925
 30
0.0
 11
-10.67327039721638
 21
30.95821786366925
 31
0.0
  0
LINE
  5
B23
330
A
100
AcDbEntity
  8
1.2RMNAMES
  6
Continuous
 48
24.0
370
     0
 62
     3
284
     3
100
AcDbLine
 10
-46.54827039721638
 20
2.650600676169247
 30
0.0
 11
-46.54827039868451
 21
-0.5991551698872603
 31
0.0
  0
LINE
  5
B24
330
A
100
AcDbEntity
  8
1.2RMNAMES
  6
Continuous
 48
24.0
370
     0
 62
     3
284
     3
100
AcDbLine
 10
-40.67327039721638
 20
2.650600676169248
 30
0.0
 11
-40.67327039721638
 21
-1.292026276955745
 31
0.0
  0
LINE
  5
B25
330
A
100
AcDbEntity
  8
1.2RMNAMES
  6
Continuous
 48
24.0
370
     0
 62
     3
284
     3
100
AcDbLine
 10
-40.67327039721638
 20
2.650600676169248
 30
0.0
 11
-42.17278211596638
 21
2.650600676169248
 31
0.0
  0
LINE
  5
B26
330
A
100
AcDbEntity
  8
1.2RMNAMES
  6
Continuous
 48
24.0
370
     0
 62
     3
284
     3
100
AcDbLine
 10
-44.67278211596638
 20
2.650600676169248
 30
0.0
 11
-46.54827039721638
 21
2.650600676169247
 31
0.0
  0
LINE
  5
B27
330
A
100
AcDbEntity
  8
1.2RMNAMES
  6
Continuous
 48
24.0
370
     0
 62
     3
284
     3
100
AcDbLine
 10
-44.67278211596638
 20
3.400600676169248
 30
0.0
 11
-44.67278211596638
 21
2.650600676169248
 31
0.0
  0
LINE
  5
B28
330
A
100
AcDbEntity
  8
1.2RMNAMES
  6
Continuous
 48
24.0
370
     0
 62
     3
284
     3
100
AcDbLine
 10
-42.17278211596638
 20
3.400600676169248
 30
0.0
 11
-42.17278211596638
 21
2.650600676169248
 31
0.0
  0
LINE
  5
B29
330
A
100
AcDbEntity
  8
1.2RMNAMES
  6
Continuous
 48
24.0
370
     0
 62
     3
284
     3
100
AcDbLine
 10
-42.17278211596638
 20
3.400600676169248
 30
0.0
 11
-44.67278211596638
 21
3.400600676169248
 31
0.0
  0
LINE
  5
B2A
330
A
100
AcDbEntity
  8
1.2RMNAMES
  6
Continuous
 48
12.0
370
     0
 62
     3
284
     3
100
AcDbLine
 10
-40.67327039721638
 20
-1.292026276955745
 30
0.0
 11
-41.29827039721638
 21
-1.292026276955745
 31
0.0
  0
LINE
  5
B2B
330
A
100
AcDbEntity
  8
1.2RMNAMES
  6
Continuous
 48
12.0
370
     0
 62
     3
284
     3
100
AcDbLine
 10
-46.54827039868451
 20
-0.5991551698872603
 30
0.0
 11
-45.92327039868451
 21
-0.5991551698872603
 31
0.0
  0
LINE
  5
B2C
330
A
100
AcDbEntity
  8
1.2RMNAMES
  6
Continuous
 48
24.0
370
     0
 62
     3
284
     3
100
AcDbLine
 10
-46.54827039717336
 20
35.90084486681044
 30
0.0
 11
-46.54827039721638
 21
32.65084481679425
 31
0.0
  0
LINE
  5
B2D
330
A
100
AcDbEntity
  8
1.2RMNAMES
  6
Continuous
 48
24.0
370
     0
 62
     3
284
     3
100
AcDbLine
 10
-40.67327039721638
 20
36.59347176991924
 30
0.0
 11
-40.67327039721638
 21
32.65084481679425
 31
0.0
  0
LINE
  5
B2E
330
A
100
AcDbEntity
  8
1.2RMNAMES
  6
Continuous
 48
24.0
370
     0
 62
     3
284
     3
100
AcDbLine
 10
-40.67327039721638
 20
32.65084481679425
 30
0.0
 11
-42.17375867846638
 21
32.65084481679425
 31
0.0
  0
LINE
  5
B2F
330
A
100
AcDbEntity
  8
1.2RMNAMES
  6
Continuous
 48
24.0
370
     0
 62
     3
284
     3
100
AcDbLine
 10
-44.67375867846638
 20
32.65084481679425
 30
0.0
 11
-46.54827039721638
 21
32.65084481679425
 31
0.0
  0
LINE
  5
B30
330
A
100
AcDbEntity
  8
1.2RMNAMES
  6
Continuous
 48
24.0
370
     0
 62
     3
284
     3
100
AcDbLine
 10
-44.67375867846638
 20
32.65084481679425
 30
0.0
 11
-44.67375867846638
 21
31.90084481679425
 31
0.0
  0
LINE
  5
B31
330
A
100
AcDbEntity
  8
1.2RMNAMES
  6
Continuous
 48
24.0
370
     0
 62
     3
284
     3
100
AcDbLine
 10
-42.17375867846638
 20
32.65084481679425
 30
0.0
 11
-42.17375867846638
 21
31.90084481679425
 31
0.0
  0
LINE
  5
B32
330
A
100
AcDbEntity
  8
1.2RMNAMES
  6
Continuous
 48
24.0
370
     0
 62
     3
284
     3
100
AcDbLine
 10
-42.17375867846638
 20
31.90084481679425
 30
0.0
 11
-44.67375867846638
 21
31.90084481679425
 31
0.0
  0
LINE
  5
B33
330
A
100
AcDbEntity
  8
1.2RMNAMES
  6
Continuous
 48
12.0
370
     0
 62
     3
284
     3
100
AcDbLine
 10
-40.67327039721638
 20
36.59347176991924
 30
0.0
 11
-41.29827039721638
 21
36.59347176991924
 31
0.0
  0
LINE
  5
B34
330
A
100
AcDbEntity
  8
1.2RMNAMES
  6
Continuous
 48
12.0
370
     0
 62
     3
284
     3
100
AcDbLine
 10
-46.54827039717336
 20
35.90084486681044
 30
0.0
 11
-45.92327039717336
 21
35.90084486681044
 31
0.0
  0
ARC
  5
B35
330
A
100
AcDbEntity
  8
1.2RMNAMES
  6
Continuous
370
     0
 62
     1
284
     3
100
AcDbCircle
 10
-40.67323987963825
 20
32.65084481679425
 30
0.0
 40
30.000244140625
100
AcDbArc
 50
270.0
 51
360.0
  0
POINT
  5
B36
330
A
100
AcDbEntity
  8
1.2RMNAMES
  6
Continuous
 48
12.0
370
     0
 62
    51
284
     3
100
AcDbPoint
 10
-47.79827116915708
 20
-27.59915542602539
 30
0.0
 50
0.0
  0
LINE
  5
B37
330
A
100
AcDbEntity
  8
1.2RMNAMES
  6
Continuous
 48
24.0
370
     0
 62
     3
284
     3
100
AcDbLine
 10
-48.74089812228208
 20
-28.22415542602539
 30
0.0
 11
-60.57011604591877
 21
-42.09710350288626
 31
0.0
  0
LINE
  5
B38
330
A
100
AcDbEntity
  8
1.2RMNAMES
  6
Continuous
 48
24.0
370
     0
 62
     3
284
     3
100
AcDbLine
 10
-50.07252769847032
 20
-27.08869839389218
 30
0.0
 11
-61.90174562210701
 21
-40.96164647075305
 31
0.0
  0
LINE
  5
B39
330
A
100
AcDbEntity
  8
1.2RMNAMES
  6
Continuous
 48
24.0
370
     0
 62
     3
284
     3
100
AcDbLine
 10
-48.74089812228208
 20
-28.22415542602539
 30
0.0
 11
-50.07252769847032
 21
-27.08869839389218
 31
0.0
  0
LINE
  5
B3A
330
A
100
AcDbEntity
  8
1.2RMNAMES
  6
Continuous
 48
24.0
370
     0
 62
     3
284
     3
100
AcDbLine
 10
-60.57011604591877
 20
-42.09710350288626
 30
0.0
 11
-61.90174562210701
 21
-40.96164647075305
 31
0.0
  0
LINE
  5
B3B
330
A
100
AcDbEntity
  8
1.2RMNAMES
  6
Continuous
 48
24.0
370
     0
 62
     3
284
     3
100
AcDbLine
 10
-66.99263898301139
 20
-22.34915542602539
 30
0.0
 11
-69.79827123940561
 21
-22.34915542602539
 31
0.0
  0
LINE
  5
B3C
330
A
100
AcDbEntity
  8
1.2RMNAMES
  6
Continuous
 48
24.0
370
     0
 62
     3
284
     3
100
AcDbLine
 10
-66.9926389830114
 20
-28.22415542602539
 30
0.0
 11
-70.60390349579984
 21
-28.22415542602539
 31
0.0
  0
LINE
  5
B3D
330
A
100
AcDbEntity
  8
1.2RMNAMES
  6
Continuous
 48
24.0
370
     0
 62
     3
284
     3
100
AcDbLine
 10
-66.9926389830114
 20
-28.22415542602539
 30
0.0
 11
-66.99263898301139
 21
-26.72464370727539
 31
0.0
  0
LINE
  5
B3E
330
A
100
AcDbEntity
  8
1.2RMNAMES
  6
Continuous
 48
24.0
370
     0
 62
     3
284
     3
100
AcDbLine
 10
-66.99263898301139
 20
-24.22464370727539
 30
0.0
 11
-66.99263898301139
 21
-22.34915542602539
 31
0.0
  0
LINE
  5
B3F
330
A
100
AcDbEntity
  8
1.2RMNAMES
  6
Continuous
 48
24.0
370
     0
 62
     3
284
     3
100
AcDbLine
 10
-66.24263898301139
 20
-24.22464370727539
 30
0.0
 11
-66.99263898301139
 21
-24.22464370727539
 31
0.0
  0
LINE
  5
B40
330
A
100
AcDbEntity
  8
1.2RMNAMES
  6
Continuous
 48
24.0
370
     0
 62
     3
284
     3
100
AcDbLine
 10
-66.24263898301139
 20
-26.72464370727539
 30
0.0
 11
-66.99263898301139
 21
-26.72464370727539
 31
0.0
  0
LINE
  5
B41
330
A
100
AcDbEntity
  8
1.2RMNAMES
  6
Continuous
 48
24.0
370
     0
 62
     3
284
     3
100
AcDbLine
 10
-66.24263898301139
 20
-26.72464370727539
 30
0.0
 11
-66.24263898301139
 21
-24.22464370727539
 31
0.0
  0
LINE
  5
B42
330
A
100
AcDbEntity
  8
1.2RMNAMES
  6
Continuous
 48
12.0
370
     0
 62
     3
284
     3
100
AcDbLine
 10
-70.60390349579984
 20
-28.22415542602539
 30
0.0
 11
-70.60390349579984
 21
-27.59915542602539
 31
0.0
  0
LINE
  5
B43
330
A
100
AcDbEntity
  8
1.2RMNAMES
  6
Continuous
 48
12.0
370
     0
 62
     3
284
     3
100
AcDbLine
 10
-69.79827123940561
 20
-22.34915542602539
 30
0.0
 11
-69.79827123940561
 21
-22.97415542602539
 31
0.0
  0
LINE
  5
B44
330
A
100
AcDbEntity
  8
1.2RMNAMES
  6
Continuous
 48
24.0
370
     0
 62
     3
284
     3
100
AcDbLine
 10
-45.79827109669512
 20
-22.34915542897663
 30
0.0
 11
-48.79827116915708
 21
-22.34915542602539
 31
0.0
  0
LINE
  5
B45
330
A
100
AcDbEntity
  8
1.2RMNAMES
  6
Continuous
 48
24.0
370
     0
 62
     3
284
     3
100
AcDbLine
 10
-46.42327117919922
 20
-28.23332811032742
 30
0.0
 11
-48.78025113652562
 21
-28.1756752206375
 31
0.0
  0
LINE
  5
B46
330
A
100
AcDbEntity
  8
1.2RMNAMES
  6
Continuous
 48
24.0
370
     0
 62
     3
284
     3
100
AcDbLine
 10
-48.79827116915708
 20
-28.22415542602539
 30
0.0
 11
-48.79827116915708
 21
-26.72366714477539
 31
0.0
  0
LINE
  5
B47
330
A
100
AcDbEntity
  8
1.2RMNAMES
  6
Continuous
 48
24.0
370
     0
 62
     3
284
     3
100
AcDbLine
 10
-48.79827116915708
 20
-24.22366714477539
 30
0.0
 11
-48.79827116915708
 21
-22.34915542602539
 31
0.0
  0
LINE
  5
B48
330
A
100
AcDbEntity
  8
1.2RMNAMES
  6
Continuous
 48
24.0
370
     0
 62
     3
284
     3
100
AcDbLine
 10
-48.79827116915708
 20
-24.22366714477539
 30
0.0
 11
-49.54827116915708
 21
-24.22366714477539
 31
0.0
  0
LINE
  5
B49
330
A
100
AcDbEntity
  8
1.2RMNAMES
  6
Continuous
 48
24.0
370
     0
 62
     3
284
     3
100
AcDbLine
 10
-48.79827116915708
 20
-26.72366714477539
 30
0.0
 11
-49.54827116915708
 21
-26.72366714477539
 31
0.0
  0
LINE
  5
B4A
330
A
100
AcDbEntity
  8
1.2RMNAMES
  6
Continuous
 48
24.0
370
     0
 62
     3
284
     3
100
AcDbLine
 10
-49.54827116915708
 20
-26.72366714477539
 30
0.0
 11
-49.54827116915708
 21
-24.22366714477539
 31
0.0
  0
LINE
  5
B4B
330
A
100
AcDbEntity
  8
1.2RMNAMES
  6
Continuous
 48
12.0
370
     0
 62
     3
284
     3
100
AcDbLine
 10
-45.79827109669512
 20
-22.34915542897663
 30
0.0
 11
-45.79827109669512
 21
-22.97415542897663
 31
0.0
  0
LINE
  5
B4C
330
A
100
AcDbEntity
  8
1.2RMNAMES
  6
Continuous
 48
24.0
370
     0
 62
     3
284
     3
100
AcDbLine
 10
-60.57011604591874
 20
-42.09710350288629
 30
0.0
 11
-61.90174562210697
 21
-40.96164647075308
 31
0.0
  0
ARC
  5
B4D
330
A
100
AcDbEntity
  8
1.2RMNAMES
  6
Continuous
370
     0
 62
     1
284
     3
100
AcDbCircle
 10
-48.79827116915708
 20
-28.22415542602539
 30
0.0
 40
18.19436781385432
100
AcDbArc
 50
180.0
 51
229.5463581328106
  0
POINT
  5
B4E
330
A
100
AcDbEntity
  8
1.2RMNAMES
  6
Continuous
 48
12.0
370
     0
 62
    51
284
     3
100
AcDbPoint
 10
-111.0284283993721
 20
-23.09915501537194
 30
0.0
 50
0.0
  0
LINE
  5
B4F
330
A
100
AcDbEntity
  8
1.2RMNAMES
  6
Continuous
 48
24.0
370
     0
 62
     3
284
     3
100
AcDbLine
 10
-111.9710553524971
 20
-22.47415501537194
 30
0.0
 11
-111.9710591671943
 21
9.525844984628058
 31
0.0
  0
LINE
  5
B50
330
A
100
AcDbEntity
  8
1.2RMNAMES
  6
Continuous
 48
24.0
370
     0
 62
     3
284
     3
100
AcDbLine
 10
-113.7210553524971
 20
-22.47415501537194
 30
0.0
 11
-113.7210591671943
 21
9.525844984628058
 31
0.0
  0
LINE
  5
B51
330
A
100
AcDbEntity
  8
1.2RMNAMES
  6
Continuous
 48
24.0
370
     0
 62
     3
284
     3
100
AcDbLine
 10
-111.9710553524971
 20
-22.47415501537194
 30
0.0
 11
-113.7210553524971
 21
-22.47415501537194
 31
0.0
  0
LINE
  5
B52
330
A
100
AcDbEntity
  8
1.2RMNAMES
  6
Continuous
 48
24.0
370
     0
 62
     3
284
     3
100
AcDbLine
 10
-111.9710591671943
 20
9.525844984628058
 30
0.0
 11
-113.7210591671943
 21
9.525844984628058
 31
0.0
  0
LINE
  5
B53
330
A
100
AcDbEntity
  8
1.2RMNAMES
  6
Continuous
 48
24.0
370
     0
 62
     3
284
     3
100
AcDbLine
 10
-144.0286744473457
 20
-28.349170274161
 30
0.0
 11
-148.028672539997
 21
-28.349170274161
 31
0.0
  0
LINE
  5
B54
330
A
100
AcDbEntity
  8
1.2RMNAMES
  6
Continuous
 48
24.0
370
     0
 62
     3
284
     3
100
AcDbLine
 10
-144.0286744473457
 20
-22.474170274161
 30
0.0
 11
-148.028672539997
 21
-22.474170274161
 31
0.0
  0
LINE
  5
B55
330
A
100
AcDbEntity
  8
1.2RMNAMES
  6
Continuous
 48
24.0
370
     0
 62
     3
284
     3
100
AcDbLine
 10
-144.0286744473457
 20
-22.474170274161
 30
0.0
 11
-144.0286744473457
 21
-23.973681992911
 31
0.0
  0
LINE
  5
B56
330
A
100
AcDbEntity
  8
1.2RMNAMES
  6
Continuous
 48
24.0
370
     0
 62
     3
284
     3
100
AcDbLine
 10
-144.0286744473457
 20
-26.473681992911
 30
0.0
 11
-144.0286744473457
 21
-28.349170274161
 31
0.0
  0
LINE
  5
B57
330
A
100
AcDbEntity
  8
1.2RMNAMES
  6
Continuous
 48
24.0
370
     0
 62
     3
284
     3
100
AcDbLine
 10
-143.2786744473457
 20
-26.473681992911
 30
0.0
 11
-144.0286744473457
 21
-26.473681992911
 31
0.0
  0
LINE
  5
B58
330
A
100
AcDbEntity
  8
1.2RMNAMES
  6
Continuous
 48
24.0
370
     0
 62
     3
284
     3
100
AcDbLine
 10
-143.2786744473457
 20
-23.973681992911
 30
0.0
 11
-144.0286744473457
 21
-23.973681992911
 31
0.0
  0
LINE
  5
B59
330
A
100
AcDbEntity
  8
1.2RMNAMES
  6
Continuous
 48
24.0
370
     0
 62
     3
284
     3
100
AcDbLine
 10
-143.2786744473457
 20
-23.973681992911
 30
0.0
 11
-143.2786744473457
 21
-26.473681992911
 31
0.0
  0
LINE
  5
B5A
330
A
100
AcDbEntity
  8
1.2RMNAMES
  6
Continuous
 48
12.0
370
     0
 62
     3
284
     3
100
AcDbLine
 10
-148.028672539997
 20
-22.474170274161
 30
0.0
 11
-148.028672539997
 21
-23.099170274161
 31
0.0
  0
LINE
  5
B5B
330
A
100
AcDbEntity
  8
1.2RMNAMES
  6
Continuous
 48
12.0
370
     0
 62
     3
284
     3
100
AcDbLine
 10
-148.028672539997
 20
-28.349170274161
 30
0.0
 11
-148.028672539997
 21
-27.724170274161
 31
0.0
  0
LINE
  5
B5C
330
A
100
AcDbEntity
  8
1.2RMNAMES
  6
Continuous
 48
24.0
370
     0
 62
     3
284
     3
100
AcDbLine
 10
-108.0284283993721
 20
-28.34915501537194
 30
0.0
 11
-112.0284283993721
 21
-28.34915501537194
 31
0.0
  0
LINE
  5
B5D
330
A
100
AcDbEntity
  8
1.2RMNAMES
  6
Continuous
 48
24.0
370
     0
 62
     3
284
     3
100
AcDbLine
 10
-108.0284283993721
 20
-22.47415501537194
 30
0.0
 11
-112.0284283993721
 21
-22.47415501537194
 31
0.0
  0
LINE
  5
B5E
330
A
100
AcDbEntity
  8
1.2RMNAMES
  6
Continuous
 48
24.0
370
     0
 62
     3
284
     3
100
AcDbLine
 10
-112.0284283993721
 20
-22.47415501537194
 30
0.0
 11
-112.0284283993721
 21
-23.97464329662194
 31
0.0
  0
LINE
  5
B5F
330
A
100
AcDbEntity
  8
1.2RMNAMES
  6
Continuous
 48
24.0
370
     0
 62
     3
284
     3
100
AcDbLine
 10
-112.0284283993721
 20
-26.47464329662194
 30
0.0
 11
-112.0284283993721
 21
-28.34915501537194
 31
0.0
  0
LINE
  5
B60
330
A
100
AcDbEntity
  8
1.2RMNAMES
  6
Continuous
 48
24.0
370
     0
 62
     3
284
     3
100
AcDbLine
 10
-112.0284283993721
 20
-26.47464329662194
 30
0.0
 11
-112.7784283993721
 21
-26.47464329662194
 31
0.0
  0
LINE
  5
B61
330
A
100
AcDbEntity
  8
1.2RMNAMES
  6
Continuous
 48
24.0
370
     0
 62
     3
284
     3
100
AcDbLine
 10
-112.0284283993721
 20
-23.97464329662194
 30
0.0
 11
-112.7784283993721
 21
-23.97464329662194
 31
0.0
  0
LINE
  5
B62
330
A
100
AcDbEntity
  8
1.2RMNAMES
  6
Continuous
 48
24.0
370
     0
 62
     3
284
     3
100
AcDbLine
 10
-112.7784283993721
 20
-23.97464329662194
 30
0.0
 11
-112.7784283993721
 21
-26.47464329662194
 31
0.0
  0
LINE
  5
B63
330
A
100
AcDbEntity
  8
1.2RMNAMES
  6
Continuous
 48
12.0
370
     0
 62
     3
284
     3
100
AcDbLine
 10
-108.0284283993721
 20
-22.47415501537194
 30
0.0
 11
-108.0284283993721
 21
-23.09915501537194
 31
0.0
  0
LINE
  5
B64
330
A
100
AcDbEntity
  8
1.2RMNAMES
  6
Continuous
 48
12.0
370
     0
 62
     3
284
     3
100
AcDbLine
 10
-108.0284283993721
 20
-28.34915501537194
 30
0.0
 11
-108.0284283993721
 21
-27.72415501537194
 31
0.0
  0
ARC
  5
B65
330
A
100
AcDbEntity
  8
1.2RMNAMES
  6
Continuous
370
     0
 62
     1
284
     3
100
AcDbCircle
 10
-112.0284283993721
 20
-22.47412449779382
 30
0.0
 40
32.000244140625
100
AcDbArc
 50
90.0
 51
180.0
  0
TEXT
  5
B66
330
A
100
AcDbEntity
  8
1.2RMNAMES
  6
Continuous
 48
8.0
370
     0
 62
     5
284
     3
100
AcDbText
 10
-146.1491787526722
 20
-39.43921481786094
 30
0.0
 40
6.0
  1
WASHROOM
 41
0.8333333333333334
  7
DCADTXTSTYLE64
 11
-146.1491787526722
 21
-39.43921481786094
 31
0.0
100
AcDbText
 73
     1
  0
TEXT
  5
B68
330
A
100
AcDbEntity
  8
1.2RMNAMES
  6
Continuous
 48
8.0
370
     0
 62
     3
284
     3
100
AcDbText
 10
-144.6843606880074
 20
-47.48814941834843
 30
0.0
 40
6.0
  1
4'10" x 11'7"
 41
0.8333333333333334
  7
DCADTXTSTYLE65
 11
-144.6843606880074
 21
-47.48814941834843
 31
0.0
100
AcDbText
 73
     1
  0
TEXT
  5
B6A
330
A
100
AcDbEntity
  8
1.2RMNAMES
  6
Continuous
 48
8.0
370
     0
 62
     3
284
     3
100
AcDbText
 10
-141.0439673722767
 20
5.582433370215107
 30
0.0
 40
6.0
  1
5'0" x 9'2"
 41
0.8333333333333334
  7
DCADTXTSTYLE66
 11
-141.0439673722767
 21
5.582433370215107
 31
0.0
100
AcDbText
 73
     1
  0
TEXT
  5
B6C
330
A
100
AcDbEntity
  8
1.2RMNAMES
  6
Continuous
 48
12.0
370
     0
 62
     3
284
     3
100
AcDbText
 10
-35.02574148181623
 20
23.24804628254566
 30
0.0
 40
6.0
  1
2'6"x6'8"
 41
0.7142857142857143
  7
DCADTXTSTYLE67
 11
-35.02574148181623
 21
23.24804628254566
 31
0.0
100
AcDbText
 73
     1
  0
TEXT
  5
B6E
330
A
100
AcDbEntity
  8
1.2RMNAMES
  6
Continuous
 48
12.0
370
     0
 62
     3
284
     3
100
AcDbText
 10
-62.78226322094666
 20
-39.43216345781047
 30
0.0
 40
6.0
  1
1'6"x6'8"
 50
49.54635813281055
 41
0.7142857142857143
  7
DCADTXTSTYLE68
 11
-62.78226322094666
 21
-39.43216345781047
 31
0.0
100
AcDbText
 73
     1
  0
TEXT
  5
B70
330
A
100
AcDbEntity
  8
1.2RMNAMES
  6
Continuous
 48
12.0
370
     0
 62
     3
284
     3
100
AcDbText
 10
-53.28661104703362
 20
-54.27692972611332
 30
0.0
 40
6.0
  1
2'4"x6'8"
 50
49.54635813281055
 41
0.7142857142857143
  7
DCADTXTSTYLE69
 11
-53.28661104703362
 21
-54.27692972611332
 31
0.0
100
AcDbText
 73
     1
  0
TEXT
  5
B72
330
A
100
AcDbEntity
  8
1.2RMNAMES
  6
Continuous
 48
12.0
370
     0
 62
     3
284
     3
100
AcDbText
 10
-103.8535688618308
 20
-153.8510554929706
 30
0.0
 40
6.0
  1
Pair 2'6"x6'8"
 41
0.7142857142857143
  7
DCADTXTSTYLE70
 11
-103.8535688618308
 21
-153.8510554929706
 31
0.0
100
AcDbText
 73
     1
  0
TEXT
  5
B74
330
A
100
AcDbEntity
  8
1.2RMNAMES
  6
Continuous
 48
12.0
370
     0
 62
     3
284
     3
100
AcDbText
 10
-73.09461511913885
 20
87.49586360850853
 30
0.0
 40
6.0
  1
2'8"x6'8"
 41
0.7142857142857143
  7
DCADTXTSTYLE71
 11
-73.09461511913885
 21
87.49586360850853
 31
0.0
100
AcDbText
 73
     1
  0
TEXT
  5
B76
330
A
100
AcDbEntity
  8
1.2RMNAMES
  6
Continuous
 48
12.0
370
     0
 62
     3
284
     3
100
AcDbText
 10
17.68039841353939
 20
64.18639174079607
 30
0.0
 40
6.0
  1
2'8"x6'8"
 41
0.7142857142857143
  7
DCADTXTSTYLE72
 11
17.68039841353939
 21
64.18639174079607
 31
0.0
100
AcDbText
 73
     1
  0
TEXT
  5
B78
330
A
100
AcDbEntity
  8
1.2RMNAMES
  6
Continuous
 48
12.0
370
     0
 62
     3
284
     3
100
AcDbText
 10
42.37344691701909
 20
154.9118810462637
 30
0.0
 40
6.0
  1
Pair 2'6" x 6'8"
 50
90.0
 41
0.7142857142857143
  7
DCADTXTSTYLE73
 11
42.37344691701909
 21
154.9118810462637
 31
0.0
100
AcDbText
 73
     1
  0
TEXT
  5
B7A
330
A
100
AcDbEntity
  8
1.2RMNAMES
  6
Continuous
 48
12.0
370
     0
 62
     3
284
     3
100
AcDbText
 10
-48.82247085151391
 20
157.5638568875005
 30
0.0
 40
6.0
  1
Pair 2'6" x 6'8"
 50
90.0
 41
0.7142857142857143
  7
DCADTXTSTYLE74
 11
-48.82247085151391
 21
157.5638568875005
 31
0.0
100
AcDbText
 73
     1
  0
TEXT
  5
B7C
330
A
100
AcDbEntity
  8
1.2RMNAMES
  6
Continuous
 48
12.0
370
     0
 62
     3
284
     3
100
AcDbText
 10
-115.8458026619755
 20
-20.11657126193976
 30
0.0
 40
6.0
  1
2'8"x6'8"
 50
90.0
 41
0.7142857142857143
  7
DCADTXTSTYLE75
 11
-115.8458026619755
 21
-20.11657126193976
 31
0.0
100
AcDbText
 73
     1
  0
TEXT
  5
B7E
330
A
100
AcDbEntity
  8
1.2RMNAMES
  6
Continuous
 48
12.0
370
     0
 62
     3
284
     3
100
AcDbText
 10
133.4500157405244
 20
-68.41356076346545
 30
0.0
 40
6.0
  1
1'6"x6'8"
 41
0.7142857142857143
  7
DCADTXTSTYLE76
 11
133.4500157405244
 21
-68.41356076346545
 31
0.0
100
AcDbText
 73
     1
  0
TEXT
  5
B80
330
A
100
AcDbEntity
  8
1.2RMNAMES
  6
Continuous
 48
12.0
370
     0
 62
     3
284
     3
100
AcDbText
 10
193.7431242557814
 20
-66.06801160445096
 30
0.0
 40
6.0
  1
2'8"x6'8"
 50
-45.23530075843034
 41
0.7142857142857143
  7
DCADTXTSTYLE77
 11
193.7431242557814
 21
-66.06801160445096
 31
0.0
100
AcDbText
 73
     1
  0
ENDSEC
  0
SECTION
  2
OBJECTS
  0
DICTIONARY
  5
19
330
0
100
AcDbDictionary
281
     1
  3
ACAD_GROUP
350
1A
  3
ACAD_MLINESTYLE
350
1B
  3
ACAD_LAYOUT
350
1E
  3
ACAD_PLOTSETTINGS
350
22
  3
ACAD_PLOTSTYLENAME
350
1F
  3
ACAD_WIPEOUT_VARS
350
23
  3
ACAD_VISUALSTYLE
350
B82
  3
ACAD_SCALELIST
350
B9B
  3
ACAD_MATERIAL
350
BAD
  3
ACAD_TABLESTYLE
350
BB1
  3
ACAD_MLEADERSTYLE
350
BB3
  3
AcDbVariableDictionary
350
BB5
  3
ACAD_DETAILVIEWSTYLE
350
BBA
  3
ACAD_SECTIONVIEWSTYLE
350
BBB
  0
DICTIONARY
  5
1A
102
{ACAD_REACTORS
330
19
102
}
330
19
100
AcDbDictionary
281
     1
  0
DICTIONARY
  5
1B
102
{ACAD_REACTORS
330
19
102
}
330
19
100
AcDbDictionary
281
     1
  3
Standard
350
1C
  0
MLINESTYLE
  5
1C
102
{ACAD_REACTORS
330
1B
102
}
330
1B
100
AcDbMlineStyle
  2
Standard
 70
     0
  3

 62
     0
 51
90.0
 52
90.0
 71
     2
 49
0.5
 62
     0
  6
ByLayer
 49
-0.5
 62
     0
  6
ByLayer
  0
ACDBPLACEHOLDER
  5
1D
102
{ACAD_REACTORS
330
1F
102
}
330
1F
  0
DICTIONARY
  5
1E
102
{ACAD_REACTORS
330
19
102
}
330
19
100
AcDbDictionary
281
     1
  3
Layout1
350
21
  3
Model
350
20
  0
ACDBDICTIONARYWDFLT
  5
1F
102
{ACAD_REACTORS
330
19
102
}
330
19
100
AcDbDictionary
281
     1
  3
Normal
350
1D
100
AcDbDictionaryWithDefault
340
1D
  0
LAYOUT
  5
20
102
{ACAD_REACTORS
330
1E
102
}
330
1E
100
AcDbPlotSettings
  1

  2

  4

  6

 40
0.0
 41
0.0
 42
0.0
 43
0.0
 44
0.0
 45
0.0
 46
0.0
 47
0.0
 48
0.0
 49
0.0
140
0.0
141
0.0
142
1.0
143
1.0
 70
  1024
 72
     0
 73
     0
 74
     0
  7

 75
     0
147
1.0
148
0.0
149
0.0
 76
     0
 77
     2
 78
   300
333
0
100
AcDbLayout
  1
Model
 70
     0
 71
     0
 10
0.0
 20
0.0
 11
0.0
 21
0.0
 12
0.0
 22
0.0
 32
0.0
 14
0.0
 24
0.0
 34
0.0
 15
0.0
 25
0.0
 35
0.0
146
0.0
 13
0.0
 23
0.0
 33
0.0
 16
0.0
 26
0.0
 36
0.0
 17
0.0
 27
0.0
 37
0.0
 76
     0
330
A
  0
LAYOUT
  5
21
102
{ACAD_REACTORS
330
1E
102
}
330
1E
100
AcDbPlotSettings
  1

  2

  4

  6

 40
0.0
 41
0.0
 42
0.0
 43
0.0
 44
0.0
 45
0.0
 46
0.0
 47
0.0
 48
0.0
 49
0.0
140
0.0
141
0.0
142
1.0
143
1.0
 70
     0
 72
     0
 73
     0
 74
     0
  7

 75
     0
147
1.0
148
0.0
149
0.0
 76
     0
 77
     2
 78
   300
333
0
100
AcDbLayout
  1
Layout1
 70
     0
 71
     1
 10
0.0
 20
0.0
 11
0.0
 21
0.0
 12
0.0
 22
0.0
 32
0.0
 14
0.0
 24
0.0
 34
0.0
 15
0.0
 25
0.0
 35
0.0
146
0.0
 13
0.0
 23
0.0
 33
0.0
 16
0.0
 26
0.0
 36
0.0
 17
0.0
 27
0.0
 37
0.0
 76
     0
330
B
  0
DICTIONARY
  5
22
102
{ACAD_REACTORS
330
19
102
}
330
19
100
AcDbDictionary
281
     1
  0
WIPEOUTVARIABLES
  5
23
330
19
100
AcDbWipeoutVariables
 70
     0
  0
DICTIONARY
  5
B82
102
{ACAD_REACTORS
330
19
102
}
330
19
100
AcDbDictionary
281
     1
  3
Flat
350
B83
  3
FlatWithEdges
350
B84
  3
Gouraud
350
B85
  3
GouraudWithEdges
350
B86
  3
2dWireframe
350
B87
  3
Wireframe
350
B88
  3
Hidden
350
B89
  3
Basic
350
B8A
  3
Realistic
350
B8B
  3
Conceptual
350
B8C
  3
Dim
350
B8D
  3
Brighten
350
B8E
  3
Thicken
350
B8F
  3
Linepattern
350
B90
  3
Facepattern
350
B91
  3
ColorChange
350
B92
  3
JitterOff
350
B93
  3
OverhangOff
350
B94
  3
EdgeColorOff
350
B95
  3
Shades of Gray
350
B96
  3
Sketchy
350
B97
  3
X-Ray
350
B98
  3
Shaded with edges
350
B99
  3
Shaded
350
B9A
  0
VISUALSTYLE
  5
B83
102
{ACAD_REACTORS
330
B82
102
}
330
B82
100
AcDbVisualStyle
  2
Flat
 70
     0
177
     2
291
     1
 70
    58
 90
        2
176
     1
 90
        1
176
     1
 90
        1
176
     1
 90
        2
176
     1
 40
0.6
176
     1
 40
30.0
176
     1
 62
     7
420
3271557119
176
     1
 90
        0
176
     1
 90
        0
176
     1
 62
     7
176
     1
 62
   257
176
     1
 90
        1
176
     1
 90
        1
176
     1
 40
1.0
176
     1
 90
        8
176
     1
 62
     7
176
     1
 40
1.0
176
     1
 90
        1
176
     1
 90
        6
176
     1
 90
        2
176
     1
 62
     7
176
     1
 90
        5
176
     1
 90
        0
176
     1
 90
        0
176
     1
290
     0
176
     1
 90
       13
176
     1
 40
0.0
176
     1
 90
        0
176
     1
290
     0
176
     1
290
     1
176
     1
290
     1
176
     1
290
     0
290
     0
176
     1
290
     0
290
     0
176
     1
290
     0
176
     1
290
     0
176
     1
 90
       50
176
     1
 40
0.0
176
     1
 40
1.0
176
     1
 90
        0
176
     1
 62
     0
420
3254779904
176
     1
 90
       50
176
     1
 90
        3
176
     1
 62
     5
420
3254780159
176
     1
290
     0
176
     1
 90
       50
176
     1
 90
       50
176
     1
 90
       50
176
     1
290
     0
176
     1
 90
       50
176
     1
 62
     0
176
     0
 40
1.0
176
     0
 90
        2
176
     1
  1
strokes_ogs.tif
176
     1
290
     0
176
     1
 40
1.0
176
     1
 40
1.0
176
     1
  0
VISUALSTYLE
  5
B84
102
{ACAD_REACTORS
330
B82
102
}
330
B82
100
AcDbVisualStyle
  2
FlatWithEdges
 70
     1
177
     2
291
     1
 70
    58
 90
        2
176
     1
 90
        1
176
     1
 90
        1
176
     1
 90
        2
176
     1
 40
0.6
176
     1
 40
30.0
176
     1
 62
     7
420
3271557119
176
     1
 90
        1
176
     1
 90
        0
176
     1
 62
     7
176
     1
 62
   257
176
     1
 90
        1
176
     1
 90
        1
176
     1
 40
1.0
176
     1
 90
        0
176
     1
 62
   257
176
     1
 40
1.0
176
     1
 90
        1
176
     1
 90
        6
176
     1
 90
        2
176
     1
 62
     7
176
     1
 90
        5
176
     1
 90
        0
176
     1
 90
        0
176
     1
290
     0
176
     1
 90
       13
176
     1
 40
0.0
176
     1
 90
        0
176
     1
290
     0
176
     1
290
     1
176
     1
290
     1
176
     1
290
     0
290
     0
176
     1
290
     0
290
     0
176
     1
290
     0
176
     1
290
     0
176
     1
 90
       50
176
     1
 40
0.0
176
     1
 40
1.0
176
     1
 90
        0
176
     1
 62
     0
420
3254779904
176
     1
 90
       50
176
     1
 90
        3
176
     1
 62
     5
420
3254780159
176
     1
290
     0
176
     1
 90
       50
176
     1
 90
       50
176
     1
 90
       50
176
     1
290
     0
176
     1
 90
       50
176
     1
 62
     0
176
     0
 40
1.0
176
     0
 90
        2
176
     1
  1
strokes_ogs.tif
176
     1
290
     0
176
     1
 40
1.0
176
     1
 40
1.0
176
     1
  0
VISUALSTYLE
  5
B85
102
{ACAD_REACTORS
330
B82
102
}
330
B82
100
AcDbVisualStyle
  2
Gouraud
 70
     2
177
     2
291
     1
 70
    58
 90
        2
176
     1
 90
        2
176
     1
 90
        1
176
     1
 90
        2
176
     1
 40
0.6
176
     1
 40
30.0
176
     1
 62
     7
420
3271557119
176
     1
 90
        0
176
     1
 90
        0
176
     1
 62
     7
176
     1
 62
   257
176
     1
 90
        1
176
     1
 90
        1
176
     1
 40
1.0
176
     1
 90
        0
176
     1
 62
     7
176
     1
 40
1.0
176
     1
 90
        1
176
     1
 90
        6
176
     1
 90
        2
176
     1
 62
     7
176
     1
 90
        5
176
     1
 90
        0
176
     1
 90
        0
176
     1
290
     0
176
     1
 90
       13
176
     1
 40
0.0
176
     1
 90
        0
176
     1
290
     0
176
     1
290
     1
176
     1
290
     1
176
     1
290
     0
290
     0
176
     1
290
     0
290
     0
176
     1
290
     0
176
     1
290
     0
176
     1
 90
       50
176
     1
 40
0.0
176
     1
 40
1.0
176
     1
 90
        0
176
     1
 62
     0
420
3254779904
176
     1
 90
       50
176
     1
 90
        3
176
     1
 62
     5
420
3254780159
176
     1
290
     0
176
     1
 90
       50
176
     1
 90
       50
176
     1
 90
       50
176
     1
290
     0
176
     1
 90
       50
176
     1
 62
     0
176
     0
 40
1.0
176
     0
 90
        2
176
     1
  1
strokes_ogs.tif
176
     1
290
     0
176
     1
 40
1.0
176
     1
 40
1.0
176
     1
  0
VISUALSTYLE
  5
B86
102
{ACAD_REACTORS
330
B82
102
}
330
B82
100
AcDbVisualStyle
  2
GouraudWithEdges
 70
     3
177
     2
291
     1
 70
    58
 90
        2
176
     1
 90
        2
176
     1
 90
        1
176
     1
 90
        2
176
     1
 40
0.6
176
     1
 40
30.0
176
     1
 62
     7
420
3271557119
176
     1
 90
        1
176
     1
 90
        0
176
     1
 62
     7
176
     1
 62
   257
176
     1
 90
        1
176
     1
 90
        1
176
     1
 40
1.0
176
     1
 90
        0
176
     1
 62
   257
176
     1
 40
1.0
176
     1
 90
        1
176
     1
 90
        6
176
     1
 90
        2
176
     1
 62
     7
176
     1
 90
        5
176
     1
 90
        0
176
     1
 90
        0
176
     1
290
     0
176
     1
 90
       13
176
     1
 40
0.0
176
     1
 90
        0
176
     1
290
     0
176
     1
290
     1
176
     1
290
     1
176
     1
290
     0
290
     0
176
     1
290
     0
290
     0
176
     1
290
     0
176
     1
290
     0
176
     1
 90
       50
176
     1
 40
0.0
176
     1
 40
1.0
176
     1
 90
        0
176
     1
 62
     0
420
3254779904
176
     1
 90
       50
176
     1
 90
        3
176
     1
 62
     5
420
3254780159
176
     1
290
     0
176
     1
 90
       50
176
     1
 90
       50
176
     1
 90
       50
176
     1
290
     0
176
     1
 90
       50
176
     1
 62
     0
176
     0
 40
1.0
176
     0
 90
        2
176
     1
  1
strokes_ogs.tif
176
     1
290
     0
176
     1
 40
1.0
176
     1
 40
1.0
176
     1
  0
VISUALSTYLE
  5
B87
102
{ACAD_REACTORS
330
B82
102
}
330
B82
100
AcDbVisualStyle
  2
2dWireframe
 70
     4
177
     2
291
     0
 70
    58
 90
        0
176
     1
 90
        2
176
     1
 90
        0
176
     1
 90
        0
176
     1
 40
0.6
176
     1
 40
30.0
176
     1
 62
     7
420
3271557119
176
     1
 90
        1
176
     1
 90
        4
176
     1
 62
     7
176
     1
 62
   257
176
     1
 90
        1
176
     1
 90
        1
176
     1
 40
1.0
176
     1
 90
        0
176
     1
 62
   257
176
     1
 40
1.0
176
     1
 90
        1
176
     1
 90
        6
176
     1
 90
        2
176
     1
 62
     7
176
     1
 90
        5
176
     1
 90
        0
176
     1
 90
        0
176
     1
290
     0
176
     1
 90
        1
176
     1
 40
0.0
176
     1
 90
        0
176
     1
290
     1
176
     1
290
     1
176
     1
290
     0
176
     1
290
     0
290
     0
176
     1
290
     0
290
     0
176
     1
290
     0
176
     1
290
     0
176
     1
 90
       50
176
     1
 40
0.0
176
     1
 40
1.0
176
     1
 90
        0
176
     1
 62
     0
420
3254779904
176
     1
 90
       50
176
     1
 90
        3
176
     1
 62
     5
420
3254780159
176
     1
290
     0
176
     1
 90
       50
176
     1
 90
       50
176
     1
 90
       50
176
     1
290
     0
176
     1
 90
       50
176
     1
 62
     0
176
     0
 40
1.0
176
     0
 90
        2
176
     1
  1
strokes_ogs.tif
176
     1
290
     0
176
     1
 40
1.0
176
     1
 40
1.0
176
     1
  0
VISUALSTYLE
  5
B88
102
{ACAD_REACTORS
330
B82
102
}
330
B82
100
AcDbVisualStyle
  2
Wireframe
 70
     5
177
     2
291
     0
 70
    58
 90
        0
176
     1
 90
        2
176
     1
 90
        0
176
     1
 90
        0
176
     1
 40
0.6
176
     1
 40
30.0
176
     1
 62
     7
420
3271557119
176
     1
 90
        1
176
     1
 90
        4
176
     1
 62
     7
176
     1
 62
   257
176
     1
 90
        1
176
     1
 90
        1
176
     1
 40
1.0
176
     1
 90
        0
176
     1
 62
   257
176
     1
 40
1.0
176
     1
 90
        1
176
     1
 90
        6
176
     1
 90
        2
176
     1
 62
     7
176
     1
 90
        3
176
     1
 90
        0
176
     1
 90
        0
176
     1
290
     0
176
     1
 90
        1
176
     1
 40
0.0
176
     1
 90
        0
176
     1
290
     0
176
     1
290
     1
176
     1
290
     1
176
     1
290
     0
290
     0
176
     1
290
     0
290
     0
176
     1
290
     0
176
     1
290
     0
176
     1
 90
       50
176
     1
 40
0.0
176
     1
 40
1.0
176
     1
 90
        0
176
     1
 62
     0
420
3254779904
176
     1
 90
       50
176
     1
 90
        3
176
     1
 62
     5
420
3254780159
176
     1
290
     0
176
     1
 90
       50
176
     1
 90
       50
176
     1
 90
       50
176
     1
290
     0
176
     1
 90
       50
176
     1
 62
     0
176
     0
 40
1.0
176
     0
 90
        2
176
     1
  1
strokes_ogs.tif
176
     1
290
     0
176
     1
 40
1.0
176
     1
 40
1.0
176
     1
  0
VISUALSTYLE
  5
B89
102
{ACAD_REACTORS
330
B82
102
}
330
B82
100
AcDbVisualStyle
  2
Hidden
 70
     6
177
     2
291
     0
 70
    58
 90
        1
176
     1
 90
        2
176
     1
 90
        2
176
     1
 90
        0
176
     1
 40
0.6
176
     1
 40
30.0
176
     1
 62
     7
420
3271557119
176
     1
 90
        2
176
     1
 90
        2
176
     1
 62
     7
176
     1
 62
   257
176
     1
 90
        2
176
     1
 90
        1
176
     1
 40
40.0
176
     1
 90
        0
176
     1
 62
   257
176
     1
 40
1.0
176
     1
 90
        1
176
     1
 90
        6
176
     1
 90
        2
176
     1
 62
     7
176
     1
 90
        3
176
     1
 90
        0
176
     1
 90
        0
176
     1
290
     0
176
     1
 90
        1
176
     1
 40
0.0
176
     1
 90
        0
176
     1
290
     0
176
     1
290
     1
176
     1
290
     1
176
     1
290
     0
290
     0
176
     1
290
     0
290
     0
176
     1
290
     0
176
     1
290
     0
176
     1
 90
       50
176
     1
 40
0.0
176
     1
 40
1.0
176
     1
 90
        0
176
     1
 62
     0
420
3254779904
176
     1
 90
       50
176
     1
 90
        3
176
     1
 62
     5
420
3254780159
176
     1
290
     0
176
     1
 90
       50
176
     1
 90
       50
176
     1
 90
       50
176
     1
290
     0
176
     1
 90
       50
176
     1
 62
     0
176
     0
 40
1.0
176
     0
 90
        2
176
     1
  1
strokes_ogs.tif
176
     1
290
     0
176
     1
 40
1.0
176
     1
 40
1.0
176
     1
  0
VISUALSTYLE
  5
B8A
102
{ACAD_REACTORS
330
B82
102
}
330
B82
100
AcDbVisualStyle
  2
Basic
 70
     7
177
     2
291
     1
 70
    58
 90
        1
176
     1
 90
        0
176
     1
 90
        1
176
     1
 90
        0
176
     1
 40
0.6
176
     1
 40
30.0
176
     1
 62
     7
420
3271557119
176
     1
 90
        0
176
     1
 90
        4
176
     1
 62
     7
176
     1
 62
   257
176
     1
 90
        1
176
     1
 90
        1
176
     1
 40
1.0
176
     1
 90
        8
176
     1
 62
     7
176
     1
 40
1.0
176
     1
 90
        1
176
     1
 90
        6
176
     1
 90
        2
176
     1
 62
     7
176
     1
 90
        5
176
     1
 90
        0
176
     1
 90
        0
176
     1
290
     0
176
     1
 90
        1
176
     1
 40
0.0
176
     1
 90
        0
176
     1
290
     0
176
     1
290
     1
176
     1
290
     1
176
     1
290
     0
290
     0
176
     1
290
     0
290
     0
176
     1
290
     0
176
     1
290
     0
176
     1
 90
       50
176
     1
 40
0.0
176
     1
 40
1.0
176
     1
 90
        0
176
     1
 62
     0
420
3254779904
176
     1
 90
       50
176
     1
 90
        3
176
     1
 62
     5
420
3254780159
176
     1
290
     0
176
     1
 90
       50
176
     1
 90
       50
176
     1
 90
       50
176
     1
290
     0
176
     1
 90
       50
176
     1
 62
     0
176
     0
 40
1.0
176
     0
 90
        2
176
     1
  1
strokes_ogs.tif
176
     1
290
     0
176
     1
 40
1.0
176
     1
 40
1.0
176
     1
  0
VISUALSTYLE
  5
B8B
102
{ACAD_REACTORS
330
B82
102
}
330
B82
100
AcDbVisualStyle
  2
Realistic
 70
     8
177
     2
291
     0
 70
    58
 90
        2
176
     1
 90
        3
176
     1
 90
        0
176
     1
 90
        2
176
     1
 40
0.6
176
     1
 40
30.0
176
     1
 62
     7
420
3271557119
176
     1
 90
        0
176
     1
 90
        0
176
     1
 62
     7
176
     1
 62
   257
176
     1
 90
        1
176
     1
 90
        1
176
     1
 40
1.0
176
     1
 90
        8
176
     1
 62
   257
176
     1
 40
1.0
176
     1
 90
        1
176
     1
 90
        6
176
     1
 90
        2
176
     1
 62
     7
176
     1
 90
        3
176
     1
 90
        0
176
     1
 90
        0
176
     1
290
     0
176
     1
 90
       13
176
     1
 40
0.0
176
     1
 90
        0
176
     1
290
     0
176
     1
290
     1
176
     1
290
     1
176
     1
290
     0
290
     0
176
     1
290
     0
290
     0
176
     1
290
     0
176
     1
290
     0
176
     1
 90
       50
176
     1
 40
0.0
176
     1
 40
1.0
176
     1
 90
        0
176
     1
 62
     0
420
3254779904
176
     1
 90
       50
176
     1
 90
        3
176
     1
 62
     5
420
3254780159
176
     1
290
     0
176
     1
 90
       50
176
     1
 90
       50
176
     1
 90
       50
176
     1
290
     0
176
     1
 90
       50
176
     1
 62
     0
176
     0
 40
1.0
176
     0
 90
        2
176
     1
  1
strokes_ogs.tif
176
     1
290
     0
176
     1
 40
1.0
176
     1
 40
1.0
176
     1
  0
VISUALSTYLE
  5
B8C
102
{ACAD_REACTORS
330
B82
102
}
330
B82
100
AcDbVisualStyle
  2
Conceptual
 70
     9
177
     2
291
     0
 70
    58
 90
        3
176
     1
 90
        2
176
     1
 90
        0
176
     1
 90
        0
176
     1
 40
0.6
176
     1
 40
30.0
176
     1
 62
     7
420
3271557119
176
     1
 90
        2
176
     1
 90
        2
176
     1
 62
     7
176
     1
 62
   257
176
     1
 90
        1
176
     1
 90
        1
176
     1
 40
179.0
176
     1
 90
        8
176
     1
 62
     7
176
     1
 40
1.0
176
     1
 90
        1
176
     1
 90
        6
176
     1
 90
        2
176
     1
 62
     7
176
     1
 90
        3
176
     1
 90
        0
176
     1
 90
        0
176
     1
290
     0
176
     1
 90
        1
176
     1
 40
0.0
176
     1
 90
        0
176
     1
290
     0
176
     1
290
     1
176
     1
290
     1
176
     1
290
     0
290
     0
176
     1
290
     0
290
     0
176
     1
290
     0
176
     1
290
     0
176
     1
 90
       50
176
     1
 40
0.0
176
     1
 40
1.0
176
     1
 90
        0
176
     1
 62
     0
420
3254779904
176
     1
 90
       50
176
     1
 90
        3
176
     1
 62
     5
420
3254780159
176
     1
290
     0
176
     1
 90
       50
176
     1
 90
       50
176
     1
 90
       50
176
     1
290
     0
176
     1
 90
       50
176
     1
 62
     0
176
     0
 40
1.0
176
     0
 90
        2
176
     1
  1
strokes_ogs.tif
176
     1
290
     0
176
     1
 40
1.0
176
     1
 40
1.0
176
     1
  0
VISUALSTYLE
  5
B8D
102
{ACAD_REACTORS
330
B82
102
}
330
B82
100
AcDbVisualStyle
  2
Dim
 70
    11
177
     2
291
     1
 70
    58
 90
        2
176
     1
 90
        2
176
     1
 90
        0
176
     1
 90
        0
176
     1
 40
0.6
176
     1
 40
30.0
176
     1
 62
     7
420
3271557119
176
     1
 90
        1
176
     1
 90
        4
176
     1
 62
     7
176
     1
 62
   257
176
     1
 90
        1
176
     1
 90
        1
176
     1
 40
1.0
176
     1
 90
        8
176
     1
 62
     7
176
     1
 40
1.0
176
     1
 90
        1
176
     1
 90
        6
176
     1
 90
        2
176
     1
 62
     7
176
     1
 90
        5
176
     1
 90
        0
176
     1
 90
        0
176
     1
290
     0
176
     1
 90
        1
176
     1
 40
-50.0
176
     1
 90
        0
176
     1
290
     0
176
     1
290
     1
176
     1
290
     1
176
     1
290
     0
290
     0
176
     1
290
     0
290
     0
176
     1
290
     0
176
     1
290
     0
176
     1
 90
       50
176
     1
 40
0.0
176
     1
 40
1.0
176
     1
 90
        0
176
     1
 62
     0
420
3254779904
176
     1
 90
       50
176
     1
 90
        3
176
     1
 62
     5
420
3254780159
176
     1
290
     0
176
     1
 90
       50
176
     1
 90
       50
176
     1
 90
       50
176
     1
290
     0
176
     1
 90
       50
176
     1
 62
     0
176
     0
 40
1.0
176
     0
 90
        2
176
     1
  1
strokes_ogs.tif
176
     1
290
     0
176
     1
 40
1.0
176
     1
 40
1.0
176
     1
  0
VISUALSTYLE
  5
B8E
102
{ACAD_REACTORS
330
B82
102
}
330
B82
100
AcDbVisualStyle
  2
Brighten
 70
    12
177
     2
291
     1
 70
    58
 90
        2
176
     1
 90
        2
176
     1
 90
        0
176
     1
 90
        0
176
     1
 40
0.6
176
     1
 40
30.0
176
     1
 62
     7
420
3271557119
176
     1
 90
        1
176
     1
 90
        4
176
     1
 62
     7
176
     1
 62
   257
176
     1
 90
        1
176
     1
 90
        1
176
     1
 40
1.0
176
     1
 90
        8
176
     1
 62
     7
176
     1
 40
1.0
176
     1
 90
        1
176
     1
 90
        6
176
     1
 90
        2
176
     1
 62
     7
176
     1
 90
        5
176
     1
 90
        0
176
     1
 90
        0
176
     1
290
     0
176
     1
 90
        1
176
     1
 40
50.0
176
     1
 90
        0
176
     1
290
     0
176
     1
290
     1
176
     1
290
     1
176
     1
290
     0
290
     0
176
     1
290
     0
290
     0
176
     1
290
     0
176
     1
290
     0
176
     1
 90
       50
176
     1
 40
0.0
176
     1
 40
1.0
176
     1
 90
        0
176
     1
 62
     0
420
3254779904
176
     1
 90
       50
176
     1
 90
        3
176
     1
 62
     5
420
3254780159
176
     1
290
     0
176
     1
 90
       50
176
     1
 90
       50
176
     1
 90
       50
176
     1
290
     0
176
     1
 90
       50
176
     1
 62
     0
176
     0
 40
1.0
176
     0
 90
        2
176
     1
  1
strokes_ogs.tif
176
     1
290
     0
176
     1
 40
1.0
176
     1
 40
1.0
176
     1
  0
VISUALSTYLE
  5
B8F
102
{ACAD_REACTORS
330
B82
102
}
330
B82
100
AcDbVisualStyle
  2
Thicken
 70
    13
177
     2
291
     1
 70
    58
 90
        2
176
     1
 90
        2
176
     1
 90
        0
176
     1
 90
        0
176
     1
 40
0.6
176
     1
 40
30.0
176
     1
 62
     7
420
3271557119
176
     1
 90
        1
176
     1
 90
        4
176
     1
 62
     7
176
     1
 62
   257
176
     1
 90
        1
176
     1
 90
        1
176
     1
 40
1.0
176
     1
 90
       12
176
     1
 62
     7
176
     1
 40
1.0
176
     1
 90
        1
176
     1
 90
        6
176
     1
 90
        2
176
     1
 62
     7
176
     1
 90
        5
176
     1
 90
        0
176
     1
 90
        0
176
     1
290
     0
176
     1
 90
        1
176
     1
 40
0.0
176
     1
 90
        0
176
     1
290
     0
176
     1
290
     1
176
     1
290
     1
176
     1
290
     0
290
     0
176
     1
290
     0
290
     0
176
     1
290
     0
176
     1
290
     0
176
     1
 90
       50
176
     1
 40
0.0
176
     1
 40
1.0
176
     1
 90
        0
176
     1
 62
     0
420
3254779904
176
     1
 90
       50
176
     1
 90
        3
176
     1
 62
     5
420
3254780159
176
     1
290
     0
176
     1
 90
       50
176
     1
 90
       50
176
     1
 90
       50
176
     1
290
     0
176
     1
 90
       50
176
     1
 62
     0
176
     0
 40
1.0
176
     0
 90
        2
176
     1
  1
strokes_ogs.tif
176
     1
290
     0
176
     1
 40
1.0
176
     1
 40
1.0
176
     1
  0
VISUALSTYLE
  5
B90
102
{ACAD_REACTORS
330
B82
102
}
330
B82
100
AcDbVisualStyle
  2
Linepattern
 70
    14
177
     2
291
     1
 70
    58
 90
        2
176
     1
 90
        2
176
     1
 90
        0
176
     1
 90
        0
176
     1
 40
0.6
176
     1
 40
30.0
176
     1
 62
     7
420
3271557119
176
     1
 90
        1
176
     1
 90
        4
176
     1
 62
     7
176
     1
 62
   257
176
     1
 90
        7
176
     1
 90
        7
176
     1
 40
1.0
176
     1
 90
        8
176
     1
 62
     7
176
     1
 40
1.0
176
     1
 90
        1
176
     1
 90
        6
176
     1
 90
        2
176
     1
 62
     7
176
     1
 90
        5
176
     1
 90
        0
176
     1
 90
        0
176
     1
290
     0
176
     1
 90
        1
176
     1
 40
0.0
176
     1
 90
        0
176
     1
290
     0
176
     1
290
     1
176
     1
290
     1
176
     1
290
     0
290
     0
176
     1
290
     0
290
     0
176
     1
290
     0
176
     1
290
     0
176
     1
 90
       50
176
     1
 40
0.0
176
     1
 40
1.0
176
     1
 90
        0
176
     1
 62
     0
420
3254779904
176
     1
 90
       50
176
     1
 90
        3
176
     1
 62
     5
420
3254780159
176
     1
290
     0
176
     1
 90
       50
176
     1
 90
       50
176
     1
 90
       50
176
     1
290
     0
176
     1
 90
       50
176
     1
 62
     0
176
     0
 40
1.0
176
     0
 90
        2
176
     1
  1
strokes_ogs.tif
176
     1
290
     0
176
     1
 40
1.0
176
     1
 40
1.0
176
     1
  0
VISUALSTYLE
  5
B91
102
{ACAD_REACTORS
330
B82
102
}
330
B82
100
AcDbVisualStyle
  2
Facepattern
 70
    15
177
     2
291
     1
 70
    58
 90
        2
176
     1
 90
        2
176
     1
 90
        0
176
     1
 90
        0
176
     1
 40
0.6
176
     1
 40
30.0
176
     1
 62
     7
420
3271557119
176
     1
 90
        1
176
     1
 90
        4
176
     1
 62
     7
176
     1
 62
   257
176
     1
 90
        1
176
     1
 90
        1
176
     1
 40
1.0
176
     1
 90
        8
176
     1
 62
     7
176
     1
 40
1.0
176
     1
 90
        1
176
     1
 90
        6
176
     1
 90
        2
176
     1
 62
     7
176
     1
 90
        5
176
     1
 90
        0
176
     1
 90
        0
176
     1
290
     0
176
     1
 90
        1
176
     1
 40
0.0
176
     1
 90
        0
176
     1
290
     0
176
     1
290
     1
176
     1
290
     1
176
     1
290
     0
290
     0
176
     1
290
     0
290
     0
176
     1
290
     0
176
     1
290
     0
176
     1
 90
       50
176
     1
 40
0.0
176
     1
 40
1.0
176
     1
 90
        0
176
     1
 62
     0
420
3254779904
176
     1
 90
       50
176
     1
 90
        3
176
     1
 62
     5
420
3254780159
176
     1
290
     0
176
     1
 90
       50
176
     1
 90
       50
176
     1
 90
       50
176
     1
290
     0
176
     1
 90
       50
176
     1
 62
     0
176
     0
 40
1.0
176
     0
 90
        2
176
     1
  1
strokes_ogs.tif
176
     1
290
     0
176
     1
 40
1.0
176
     1
 40
1.0
176
     1
  0
VISUALSTYLE
  5
B92
102
{ACAD_REACTORS
330
B82
102
}
330
B82
100
AcDbVisualStyle
  2
ColorChange
 70
    16
177
     2
291
     1
 70
    58
 90
        2
176
     1
 90
        2
176
     1
 90
        3
176
     1
 90
        0
176
     1
 40
0.6
176
     1
 40
30.0
176
     1
 62
     9
420
3263201408
176
     1
 90
        1
176
     1
 90
        4
176
     1
 62
     7
176
     1
 62
   257
176
     1
 90
        1
176
     1
 90
        1
176
     1
 40
1.0
176
     1
 90
        8
176
     1
 62
     9
420
3263201408
176
     1
 40
1.0
176
     1
 90
        1
176
     1
 90
        6
176
     1
 90
        2
176
     1
 62
     7
176
     1
 90
        5
176
     1
 90
        0
176
     1
 90
        0
176
     1
290
     0
176
     1
 90
        1
176
     1
 40
0.0
176
     1
 90
        0
176
     1
290
     0
176
     1
290
     1
176
     1
290
     1
176
     1
290
     0
290
     0
176
     1
290
     0
290
     0
176
     1
290
     0
176
     1
290
     0
176
     1
 90
       50
176
     1
 40
0.0
176
     1
 40
1.0
176
     1
 90
        0
176
     1
 62
     0
420
3254779904
176
     1
 90
       50
176
     1
 90
        3
176
     1
 62
     5
420
3254780159
176
     1
290
     0
176
     1
 90
       50
176
     1
 90
       50
176
     1
 90
       50
176
     1
290
     0
176
     1
 90
       50
176
     1
 62
     0
176
     0
 40
1.0
176
     0
 90
        2
176
     1
  1
strokes_ogs.tif
176
     1
290
     0
176
     1
 40
1.0
176
     1
 40
1.0
176
     1
  0
VISUALSTYLE
  5
B93
102
{ACAD_REACTORS
330
B82
102
}
330
B82
100
AcDbVisualStyle
  2
JitterOff
 70
    20
177
     2
291
     1
 70
    58
 90
        2
176
     0
 90
        2
176
     0
 90
        0
176
     0
 90
        0
176
     0
 40
0.6
176
     0
 40
30.0
176
     0
 62
     7
420
3271557119
176
     0
 90
        1
176
     0
 90
        4
176
     0
 62
     7
176
     0
 62
   257
176
     0
 90
        1
176
     0
 90
        1
176
     0
 40
1.0
176
     0
 90
       10
176
     2
 62
     7
176
     0
 40
1.0
176
     0
 90
        1
176
     0
 90
        6
176
     0
 90
        2
176
     0
 62
     7
176
     0
 90
        5
176
     0
 90
        0
176
     0
 90
        0
176
     0
290
     0
176
     0
 90
        1
176
     0
 40
0.0
176
     0
 90
        0
176
     0
290
     0
176
     0
290
     1
176
     0
290
     1
176
     0
290
     0
290
     0
176
     0
290
     0
290
     0
176
     0
290
     0
176
     0
290
     0
176
     0
 90
       50
176
     0
 40
0.0
176
     0
 40
1.0
176
     0
 90
        0
176
     0
 62
     0
420
3254779904
176
     0
 90
       50
176
     0
 90
        3
176
     0
 62
     5
420
3254780159
176
     0
290
     0
176
     0
 90
       50
176
     0
 90
       50
176
     0
 90
       50
176
     0
290
     0
176
     0
 90
       50
176
     0
 62
     0
176
     0
 40
1.0
176
     0
 90
        2
176
     0
  1
strokes_ogs.tif
176
     0
290
     0
176
     0
 40
1.0
176
     0
 40
1.0
176
     0
  0
VISUALSTYLE
  5
B94
102
{ACAD_REACTORS
330
B82
102
}
330
B82
100
AcDbVisualStyle
  2
OverhangOff
 70
    21
177
     2
291
     1
 70
    58
 90
        2
176
     0
 90
        2
176
     0
 90
        0
176
     0
 90
        0
176
     0
 40
0.6
176
     0
 40
30.0
176
     0
 62
     7
420
3271557119
176
     0
 90
        1
176
     0
 90
        4
176
     0
 62
     7
176
     0
 62
   257
176
     0
 90
        1
176
     0
 90
        1
176
     0
 40
1.0
176
     0
 90
        9
176
     2
 62
     7
176
     0
 40
1.0
176
     0
 90
        1
176
     0
 90
        6
176
     0
 90
        2
176
     0
 62
     7
176
     0
 90
        5
176
     0
 90
        0
176
     0
 90
        0
176
     0
290
     0
176
     0
 90
        1
176
     0
 40
0.0
176
     0
 90
        0
176
     0
290
     0
176
     0
290
     1
176
     0
290
     1
176
     0
290
     0
290
     0
176
     0
290
     0
290
     0
176
     0
290
     0
176
     0
290
     0
176
     0
 90
       50
176
     0
 40
0.0
176
     0
 40
1.0
176
     0
 90
        0
176
     0
 62
     0
420
3254779904
176
     0
 90
       50
176
     0
 90
        3
176
     0
 62
     5
420
3254780159
176
     0
290
     0
176
     0
 90
       50
176
     0
 90
       50
176
     0
 90
       50
176
     0
290
     0
176
     0
 90
       50
176
     0
 62
     0
176
     0
 40
1.0
176
     0
 90
        2
176
     0
  1
strokes_ogs.tif
176
     0
290
     0
176
     0
 40
1.0
176
     0
 40
1.0
176
     0
  0
VISUALSTYLE
  5
B95
102
{ACAD_REACTORS
330
B82
102
}
330
B82
100
AcDbVisualStyle
  2
EdgeColorOff
 70
    22
177
     2
291
     1
 70
    58
 90
        2
176
     0
 90
        2
176
     0
 90
        0
176
     0
 90
        0
176
     0
 40
0.6
176
     0
 40
30.0
176
     0
 62
     7
420
3271557119
176
     0
 90
        1
176
     0
 90
        4
176
     0
 62
     7
176
     0
 62
   257
176
     0
 90
        1
176
     0
 90
        1
176
     0
 40
1.0
176
     0
 90
        8
176
     2
 62
     7
176
     0
 40
1.0
176
     0
 90
        1
176
     0
 90
        6
176
     0
 90
        2
176
     0
 62
     7
176
     0
 90
        5
176
     0
 90
        0
176
     0
 90
        0
176
     0
290
     0
176
     0
 90
        1
176
     0
 40
0.0
176
     0
 90
        0
176
     0
290
     0
176
     0
290
     1
176
     0
290
     1
176
     0
290
     0
290
     0
176
     0
290
     0
290
     0
176
     0
290
     0
176
     0
290
     0
176
     0
 90
       50
176
     0
 40
0.0
176
     0
 40
1.0
176
     0
 90
        0
176
     0
 62
     0
420
3254779904
176
     0
 90
       50
176
     0
 90
        3
176
     0
 62
     5
420
3254780159
176
     0
290
     0
176
     0
 90
       50
176
     0
 90
       50
176
     0
 90
       50
176
     0
290
     0
176
     0
 90
       50
176
     0
 62
     0
176
     0
 40
1.0
176
     0
 90
        2
176
     0
  1
strokes_ogs.tif
176
     0
290
     0
176
     0
 40
1.0
176
     0
 40
1.0
176
     0
  0
VISUALSTYLE
  5
B96
102
{ACAD_REACTORS
330
B82
102
}
330
B82
100
AcDbVisualStyle
  2
Shades of Gray
 70
    23
177
     2
291
     0
 70
    58
 90
        2
176
     1
 90
        2
176
     1
 90
        3
176
     1
 90
        0
176
     1
 40
0.6
176
     1
 40
30.0
176
     1
 62
     7
420
3271557119
176
     1
 90
        2
176
     1
 90
        2
176
     1
 62
     7
176
     1
 62
     7
176
     1
 90
        1
176
     1
 90
        1
176
     1
 40
40.0
176
     1
 90
        8
176
     1
 62
     7
176
     1
 40
1.0
176
     1
 90
        1
176
     1
 90
        6
176
     1
 90
        2
176
     1
 62
     7
176
     1
 90
        3
176
     1
 90
        0
176
     1
 90
        0
176
     1
290
     0
176
     1
 90
        1
176
     1
 40
0.0
176
     1
 90
        0
176
     1
290
     0
176
     1
290
     1
176
     1
290
     1
176
     1
290
     0
290
     0
176
     1
290
     0
290
     0
176
     1
290
     0
176
     1
290
     0
176
     1
 90
       50
176
     1
 40
0.0
176
     1
 40
1.0
176
     1
 90
        0
176
     1
 62
     0
420
3254779904
176
     1
 90
       50
176
     1
 90
        3
176
     1
 62
     5
420
3254780159
176
     1
290
     0
176
     1
 90
       50
176
     1
 90
       50
176
     1
 90
       50
176
     1
290
     0
176
     1
 90
       50
176
     1
 62
     0
176
     0
 40
1.0
176
     0
 90
        2
176
     1
  1
strokes_ogs.tif
176
     1
290
     0
176
     1
 40
1.0
176
     1
 40
1.0
176
     1
  0
VISUALSTYLE
  5
B97
102
{ACAD_REACTORS
330
B82
102
}
330
B82
100
AcDbVisualStyle
  2
Sketchy
 70
    24
177
     2
291
     0
 70
    58
 90
        1
176
     1
 90
        2
176
     1
 90
        2
176
     1
 90
        0
176
     1
 40
0.6
176
     1
 40
30.0
176
     1
 62
     7
420
3271557119
176
     1
 90
        2
176
     1
 90
        2
176
     1
 62
     7
176
     1
 62
     7
176
     1
 90
        1
176
     1
 90
        1
176
     1
 40
40.0
176
     1
 90
       11
176
     1
 62
     7
176
     1
 40
1.0
176
     1
 90
        1
176
     1
 90
        6
176
     1
 90
        2
176
     1
 62
     7
176
     1
 90
        6
176
     1
 90
        0
176
     1
 90
        0
176
     1
290
     0
176
     1
 90
        1
176
     1
 40
0.0
176
     1
 90
        0
176
     1
290
     0
176
     1
290
     1
176
     1
290
     1
176
     1
290
     0
290
     0
176
     1
290
     0
290
     0
176
     1
290
     0
176
     1
290
     0
176
     1
 90
       50
176
     1
 40
0.0
176
     1
 40
1.0
176
     1
 90
        0
176
     1
 62
     0
420
3254779904
176
     1
 90
       50
176
     1
 90
        3
176
     1
 62
     5
420
3254780159
176
     1
290
     0
176
     1
 90
       50
176
     1
 90
       50
176
     1
 90
       50
176
     1
290
     0
176
     1
 90
       50
176
     1
 62
     0
176
     0
 40
1.0
176
     0
 90
        2
176
     1
  1
strokes_ogs.tif
176
     1
290
     0
176
     1
 40
1.0
176
     1
 40
1.0
176
     1
  0
VISUALSTYLE
  5
B98
102
{ACAD_REACTORS
330
B82
102
}
330
B82
100
AcDbVisualStyle
  2
X-Ray
 70
    25
177
     2
291
     0
 70
    58
 90
        2
176
     1
 90
        2
176
     1
 90
        1
176
     1
 90
        1
176
     1
 40
0.5
176
     1
 40
30.0
176
     1
 62
     7
420
3271557119
176
     1
 90
        1
176
     1
 90
        0
176
     1
 62
     7
176
     1
 62
   257
176
     1
 90
        1
176
     1
 90
        1
176
     1
 40
1.0
176
     1
 90
        8
176
     1
 62
     7
176
     1
 40
1.0
176
     1
 90
        1
176
     1
 90
        6
176
     1
 90
        2
176
     1
 62
     7
176
     1
 90
        3
176
     1
 90
        0
176
     1
 90
        0
176
     1
290
     0
176
     1
 90
       13
176
     1
 40
0.0
176
     1
 90
        0
176
     1
290
     0
176
     1
290
     1
176
     1
290
     1
176
     1
290
     0
290
     0
176
     1
290
     0
290
     0
176
     1
290
     0
176
     1
290
     0
176
     1
 90
       50
176
     1
 40
0.0
176
     1
 40
1.0
176
     1
 90
        0
176
     1
 62
     0
420
3254779904
176
     1
 90
       50
176
     1
 90
        3
176
     1
 62
     5
420
3254780159
176
     1
290
     0
176
     1
 90
       50
176
     1
 90
       50
176
     1
 90
       50
176
     1
290
     0
176
     1
 90
       50
176
     1
 62
     0
176
     0
 40
1.0
176
     0
 90
        2
176
     1
  1
strokes_ogs.tif
176
     1
290
     0
176
     1
 40
1.0
176
     1
 40
1.0
176
     1
  0
VISUALSTYLE
  5
B99
102
{ACAD_REACTORS
330
B82
102
}
330
B82
100
AcDbVisualStyle
  2
Shaded with edges
 70
    26
177
     2
291
     0
 70
    58
 90
        2
176
     1
 90
        2
176
     1
 90
        1
176
     1
 90
        2
176
     1
 40
0.6
176
     1
 40
30.0
176
     1
 62
     7
420
3271557119
176
     1
 90
        1
176
     1
 90
       10
176
     1
 62
     7
176
     1
 62
   257
176
     1
 90
        2
176
     1
 90
        1
176
     1
 40
1.0
176
     1
 90
        8
176
     1
 62
   257
176
     1
 40
1.0
176
     1
 90
        1
176
     1
 90
        6
176
     1
 90
        2
176
     1
 62
     7
176
     1
 90
        3
176
     1
 90
        0
176
     1
 90
        0
176
     1
290
     0
176
     1
 90
        5
176
     1
 40
0.0
176
     1
 90
        0
176
     1
290
     0
176
     1
290
     1
176
     1
290
     1
176
     1
290
     0
290
     0
176
     1
290
     0
290
     0
176
     1
290
     0
176
     1
290
     0
176
     1
 90
       50
176
     1
 40
0.0
176
     1
 40
1.0
176
     1
 90
        0
176
     1
 62
     0
420
3254779904
176
     1
 90
       50
176
     1
 90
        3
176
     1
 62
     5
420
3254780159
176
     1
290
     0
176
     1
 90
       50
176
     1
 90
       50
176
     1
 90
       50
176
     1
290
     0
176
     1
 90
       50
176
     1
 62
     0
176
     0
 40
1.0
176
     0
 90
        2
176
     1
  1
strokes_ogs.tif
176
     1
290
     0
176
     1
 40
1.0
176
     1
 40
1.0
176
     1
  0
VISUALSTYLE
  5
B9A
102
{ACAD_REACTORS
330
B82
102
}
330
B82
100
AcDbVisualStyle
  2
Shaded
 70
    27
177
     2
291
     0
 70
    58
 90
        2
176
     1
 90
        2
176
     1
 90
        1
176
     1
 90
        2
176
     1
 40
0.6
176
     1
 40
30.0
176
     1
 62
     7
420
3271557119
176
     1
 90
        0
176
     1
 90
        4
176
     1
 62
     7
176
     1
 62
   257
176
     1
 90
        1
176
     1
 90
        1
176
     1
 40
1.0
176
     1
 90
        8
176
     1
 62
   257
176
     1
 40
1.0
176
     1
 90
        1
176
     1
 90
        6
176
     1
 90
        2
176
     1
 62
   256
420
3262675064
176
     1
 90
        3
176
     1
 90
        0
176
     1
 90
        0
176
     1
290
     0
176
     1
 90
        5
176
     1
 40
0.0
176
     1
 90
        0
176
     1
290
     0
176
     1
290
     1
176
     1
290
     1
176
     1
290
     0
290
     0
176
     1
290
     0
290
     0
176
     1
290
     0
176
     1
290
     0
176
     1
 90
       50
176
     1
 40
0.0
176
     1
 40
1.0
176
     1
 90
        0
176
     1
 62
     0
420
3254779904
176
     1
 90
       50
176
     1
 90
        3
176
     1
 62
     5
420
3254780159
176
     1
290
     0
176
     1
 90
       50
176
     1
 90
       50
176
     1
 90
       50
176
     1
290
     0
176
     1
 90
       50
176
     1
 62
     0
176
     0
 40
1.0
176
     0
 90
        2
176
     1
  1
strokes_ogs.tif
176
     1
290
     0
176
     1
 40
1.0
176
     1
 40
1.0
176
     1
  0
DICTIONARY
  5
B9B
102
{ACAD_REACTORS
330
19
102
}
330
19
100
AcDbDictionary
281
     1
  3
A0
350
B9C
  3
A1
350
B9D
  3
A2
350
B9E
  3
A3
350
B9F
  3
A4
350
BA0
  3
A5
350
BA1
  3
A6
350
BA2
  3
A7
350
BA3
  3
A8
350
BA4
  3
A9
350
BA5
  3
B1
350
BA6
  3
B2
350
BA7
  3
B3
350
BA8
  3
B4
350
BA9
  3
B5
350
BAA
  3
B6
350
BAB
  3
B7
350
BAC
  0
SCALE
  5
B9C
102
{ACAD_REACTORS
330
B9B
102
}
330
B9B
100
AcDbScale
 70
     0
300
1:1
140
1.0
141
1.0
290
     1
  0
SCALE
  5
B9D
102
{ACAD_REACTORS
330
B9B
102
}
330
B9B
100
AcDbScale
 70
     0
300
1/128" = 1'-0"
140
0.0078125
141
12.0
290
     0
  0
SCALE
  5
B9E
102
{ACAD_REACTORS
330
B9B
102
}
330
B9B
100
AcDbScale
 70
     0
300
1/64" = 1'-0"
140
0.015625
141
12.0
290
     0
  0
SCALE
  5
B9F
102
{ACAD_REACTORS
330
B9B
102
}
330
B9B
100
AcDbScale
 70
     0
300
1/32" = 1'-0"
140
0.03125
141
12.0
290
     0
  0
SCALE
  5
BA0
102
{ACAD_REACTORS
330
B9B
102
}
330
B9B
100
AcDbScale
 70
     0
300
1/16" = 1'-0"
140
0.0625
141
12.0
290
     0
  0
SCALE
  5
BA1
102
{ACAD_REACTORS
330
B9B
102
}
330
B9B
100
AcDbScale
 70
     0
300
3/32" = 1'-0"
140
0.09375
141
12.0
290
     0
  0
SCALE
  5
BA2
102
{ACAD_REACTORS
330
B9B
102
}
330
B9B
100
AcDbScale
 70
     0
300
1/8" = 1'-0"
140
0.125
141
12.0
290
     0
  0
SCALE
  5
BA3
102
{ACAD_REACTORS
330
B9B
102
}
330
B9B
100
AcDbScale
 70
     0
300
3/16" = 1'-0"
140
0.1875
141
12.0
290
     0
  0
SCALE
  5
BA4
102
{ACAD_REACTORS
330
B9B
102
}
330
B9B
100
AcDbScale
 70
     0
300
1/4" = 1'-0"
140
0.25
141
12.0
290
     0
  0
SCALE
  5
BA5
102
{ACAD_REACTORS
330
B9B
102
}
330
B9B
100
AcDbScale
 70
     0
300
3/8" = 1'-0"
140
0.375
141
12.0
290
     0
  0
SCALE
  5
BA6
102
{ACAD_REACTORS
330
B9B
102
}
330
B9B
100
AcDbScale
 70
     0
300
1/2" = 1'-0"
140
0.5
141
12.0
290
     0
  0
SCALE
  5
BA7
102
{ACAD_REACTORS
330
B9B
102
}
330
B9B
100
AcDbScale
 70
     0
300
3/4" = 1'-0"
140
0.75
141
12.0
290
     0
  0
SCALE
  5
BA8
102
{ACAD_REACTORS
330
B9B
102
}
330
B9B
100
AcDbScale
 70
     0
300
1" = 1'-0"
140
1.0
141
12.0
290
     0
  0
SCALE
  5
BA9
102
{ACAD_REACTORS
330
B9B
102
}
330
B9B
100
AcDbScale
 70
     0
300
1-1/2" = 1'-0"
140
1.5
141
12.0
290
     0
  0
SCALE
  5
BAA
102
{ACAD_REACTORS
330
B9B
102
}
330
B9B
100
AcDbScale
 70
     0
300
3" = 1'-0"
140
3.0
141
12.0
290
     0
  0
SCALE
  5
BAB
102
{ACAD_REACTORS
330
B9B
102
}
330
B9B
100
AcDbScale
 70
     0
300
6" = 1'-0"
140
6.0
141
12.0
290
     0
  0
SCALE
  5
BAC
102
{ACAD_REACTORS
330
B9B
102
}
330
B9B
100
AcDbScale
 70
     0
300
1'-0" = 1'-0"
140
12.0
141
12.0
290
     0
  0
DICTIONARY
  5
BAD
102
{ACAD_REACTORS
330
19
102
}
330
19
100
AcDbDictionary
281
     1
  3
ByLayer
350
BAE
  3
ByBlock
350
BAF
  3
Global
350
BB0
  0
DICTIONARY
  5
BB1
102
{ACAD_REACTORS
330
19
102
}
330
19
100
AcDbDictionary
281
     1
  3
Standard
350
BB2
  0
TABLESTYLE
  5
BB2
102
{ACAD_REACTORS
330
BB1
102
}
330
BB1
100
AcDbTableStyle
 70
     0
  3
Standard
  1
TABLEFORMAT_BEGIN
 90
        5
170
     1
 91
        0
 92
        0
 62
   257
 93
        1
300
CONTENTFORMAT
  1
CONTENTFORMAT_BEGIN
 90
        0
 91
        0
 92
        4
 93
        0
300

 40
0.0
140
1.0
 94
        1
 62
     0
340
0
144
0.18
309
CONTENTFORMAT_END
171
     0
 94
        6
 95
        1
302
GRIDFORMAT
  1
GRIDFORMAT_BEGIN
 90
        0
 91
        1
 62
     0
 92
       -2
340
0
 93
        0
 40
0.045
309
GRIDFORMAT_END
 95
        2
302
GRIDFORMAT
  1
GRIDFORMAT_BEGIN
 90
        0
 91
        1
 62
     0
 92
       -2
340
0
 93
        0
 40
0.045
309
GRIDFORMAT_END
 95
        4
302
GRIDFORMAT
  1
GRIDFORMAT_BEGIN
 90
        0
 91
        1
 62
     0
 92
       -2
340
0
 93
        0
 40
0.045
309
GRIDFORMAT_END
 95
        8
302
GRIDFORMAT
  1
GRIDFORMAT_BEGIN
 90
        0
 91
        1
 62
     0
 92
       -2
340
0
 93
        0
 40
0.045
309
GRIDFORMAT_END
 95
       16
302
GRIDFORMAT
  1
GRIDFORMAT_BEGIN
 90
        0
 91
        1
 62
     0
 92
       -2
340
0
 93
        0
 40
0.045
309
GRIDFORMAT_END
 95
       32
302
GRIDFORMAT
  1
GRIDFORMAT_BEGIN
 90
        0
 91
        1
 62
     0
 92
       -2
340
0
 93
        0
 40
0.045
309
GRIDFORMAT_END
309
TABLEFORMAT_END
  1
CELLSTYLE_BEGIN
 90
        4
 91
        2
300
Table
309
CELLSTYLE_END
  1
TABLEFORMAT_BEGIN
 90
        5
170
     1
 91
        0
 92
    32768
 62
   257
 93
        1
300
CONTENTFORMAT
  1
CONTENTFORMAT_BEGIN
 90
        0
 91
        0
 92
        4
 93
        0
300

 40
0.0
140
1.0
 94
        5
 62
     0
340
17
144
0.25
309
CONTENTFORMAT_END
171
     1
301
MARGIN
  1
CELLMARGIN_BEGIN
 40
0.06
 40
0.06
 40
0.06
 40
0.06
 40
0.06
 40
0.06
309
CELLMARGIN_END
 94
        6
 95
        1
302
GRIDFORMAT
  1
GRIDFORMAT_BEGIN
 90
        0
 91
        1
 62
     0
 92
       -2
340
11
 93
        0
 40
0.045
309
GRIDFORMAT_END
 95
        2
302
GRIDFORMAT
  1
GRIDFORMAT_BEGIN
 90
        0
 91
        1
 62
     0
 92
       -2
340
11
 93
        0
 40
0.045
309
GRIDFORMAT_END
 95
        4
302
GRIDFORMAT
  1
GRIDFORMAT_BEGIN
 90
        0
 91
        1
 62
     0
 92
       -2
340
11
 93
        0
 40
0.045
309
GRIDFORMAT_END
 95
        8
302
GRIDFORMAT
  1
GRIDFORMAT_BEGIN
 90
        0
 91
        1
 62
     0
 92
       -2
340
11
 93
        0
 40
0.045
309
GRIDFORMAT_END
 95
       16
302
GRIDFORMAT
  1
GRIDFORMAT_BEGIN
 90
        0
 91
        1
 62
     0
 92
       -2
340
11
 93
        0
 40
0.045
309
GRIDFORMAT_END
 95
       32
302
GRIDFORMAT
  1
GRIDFORMAT_BEGIN
 90
        0
 91
        1
 62
     0
 92
       -2
340
11
 93
        0
 40
0.045
309
GRIDFORMAT_END
309
TABLEFORMAT_END
  1
CELLSTYLE_BEGIN
 90
        1
 91
        1
300
_TITLE
309
CELLSTYLE_END
  0
DICTIONARY
  5
BB3
102
{ACAD_REACTORS
330
19
102
}
330
19
100
AcDbDictionary
281
     1
  3
Standard
350
BB4
  0
MLEADERSTYLE
  5
BB4
102
{ACAD_REACTORS
330
BB3
102
}
330
BB3
100
AcDbMLeaderStyle
179
     2
170
     2
171
     1
172
     0
 90
        2
 40
0.0
 41
0.0
173
     1
 91
-1056964608
340
11
 92
       -2
290
     1
 42
0.09
291
     1
 43
0.36
  3
Standard
341
0
 44
0.18
300

342
17
174
     1
178
     6
175
     1
176
     0
 93
-1056964608
 45
0.18
292
     0
297
     0
 46
0.18
343
0
 94
-1056964608
 47
1.0
 49
1.0
140
1.0
293
     1
141
0.0
294
     1
177
     0
142
1.0
295
     0
296
     0
143
0.125
271
     0
273
     9
272
     9
298
     0
  0
DICTIONARY
  5
BB5
102
{ACAD_REACTORS
330
19
102
}
330
19
100
AcDbDictionary
281
     1
  3
CANNOSCALE
350
BB6
  3
CTABLESTYLE
350
BB7
  3
CMLEADERSTYLE
350
BB8
  3
MSLTSCALE
350
BB9
  3
WIPEOUTFRAME
350
BBC
  0
DICTIONARYVAR
  5
BB6
102
{ACAD_REACTORS
330
BB5
102
}
330
BB5
100
DictionaryVariables
280
     0
  1
1:1
  0
DICTIONARYVAR
  5
BB7
102
{ACAD_REACTORS
330
BB5
102
}
330
BB5
100
DictionaryVariables
280
     0
  1
Standard
  0
DICTIONARYVAR
  5
BB8
102
{ACAD_REACTORS
330
BB5
102
}
330
BB5
100
DictionaryVariables
280
     0
  1
Standard
  0
DICTIONARYVAR
  5
BB9
102
{ACAD_REACTORS
330
BB5
102
}
330
BB5
100
DictionaryVariables
280
     0
  1
0
  0
DICTIONARY
  5
BBA
102
{ACAD_REACTORS
330
19
102
}
330
19
100
AcDbDictionary
281
     1
  0
DICTIONARY
  5
BBB
102
{ACAD_REACTORS
330
19
102
}
330
19
100
AcDbDictionary
281
     1
  0
DICTIONARYVAR
  5
BBC
102
{ACAD_REACTORS
330
BB5
102
}
330
BB5
100
DictionaryVariables
280
     0
  1
0
  0
ENDSEC
  0
SECTION
  2
THUMBNAILIMAGE
 90
       94
310
5A0000000101DE010000500000000000000000000000000000000000000000000000000000000000000000000000000000000000000000000000000000000000000000000000000000000000000000000000000000000000000000000000
  0
ENDSEC
  0
EOF
